t_s,kid,path_id,share,hops,delay_s,n_paths
0,0,0,1.0,5,0.017113,1
0,1,0,1.0,3,0.011364,1
0,2,0,1.0,12,0.050534,1
0,3,0,1.0,5,0.019939,1
0,4,0,1.0,3,0.013186,1
0,5,0,1.0,10,0.030768,1
0,6,0,1.0,1,0.002466,1
0,7,0,1.0,3,0.011267,1
150,0,0,1.0,5,0.01999,1
150,1,0,1.0,2,0.00744,1
150,2,0,1.0,11,0.046153,1
150,3,0,1.0,5,0.017432,1
150,4,0,1.0,3,0.010805,1
150,5,0,1.0,10,0.032903,1
150,6,0,1.0,1,0.003773,1
150,7,0,1.0,2,0.007712,1
300,0,0,1.0,6,0.023736,1
300,1,0,1.0,1,0.003605,1
300,2,0,1.0,10,0.041863,1
300,3,0,1.0,4,0.013519,1
300,4,0,1.0,1,0.004635,1
300,5,0,1.0,11,0.036349,1
300,6,0,1.0,2,0.007548,1
300,7,0,1.0,2,0.006958,1
450,0,0,1.0,7,0.027545,1
450,1,0,1.0,1,0.002199,1
450,2,0,1.0,9,0.037676,1
450,3,0,1.0,3,0.0109,1
450,4,0,1.0,2,0.00693,1
450,5,0,1.0,12,0.039491,1
450,6,0,1.0,3,0.011389,1
450,7,0,1.0,3,0.011255,1
600,0,0,1.0,8,0.031437,1
600,1,0,1.0,1,0.004529,1
600,2,0,1.0,8,0.033596,1
600,3,0,1.0,4,0.014965,1
600,4,0,1.0,3,0.01052,1
600,5,0,1.0,13,0.043268,1
600,6,0,1.0,4,0.015334,1
600,7,0,1.0,3,0.013178,1
750,0,0,1.0,9,0.035431,1
750,1,0,1.0,2,0.008261,1
750,2,0,1.0,8,0.032317,1
750,3,0,1.0,6,0.020629,1
750,4,0,1.0,4,0.013935,1
750,5,0,1.0,14,0.047079,1
750,6,0,1.0,5,0.019435,1
750,7,0,1.0,4,0.017076,1
900,0,0,1.0,10,0.039543,1
900,1,0,1.0,3,0.01203,1
900,2,0,1.0,9,0.034073,1
900,3,0,1.0,7,0.024668,1
900,4,0,1.0,5,0.017489,1
900,5,0,1.0,15,0.050988,1
900,6,0,1.0,5,0.021523,1
900,7,0,1.0,5,0.021052,1
1050,0,0,1.0,11,0.043777,1
1050,1,0,1.0,4,0.01586,1
1050,2,0,0.904474,10,0.055451,2
1050,2,1,0.095526,10,0.055451,2
1050,3,0,1.0,6,0.023326,1
1050,4,0,1.0,5,0.020058,1
1050,5,0,1.0,15,0.054129,1
1050,6,0,1.0,6,0.025258,1
1050,7,0,1.0,6,0.02512,1
1200,0,0,1.0,12,0.048126,1
1200,1,0,1.0,5,0.019785,1
1200,2,0,0.904474,11,0.058313,2
1200,2,1,0.095526,11,0.058313,2
1200,3,0,1.0,6,0.020544,1
1200,4,0,1.0,6,0.023784,1
1200,5,0,1.0,16,0.057827,1
1200,6,0,1.0,7,0.029034,1
1200,7,0,1.0,7,0.029156,1
1350,0,0,1.0,12,0.049998,1
1350,1,0,1.0,6,0.023855,1
1350,2,0,1.0,11,0.038978,1
1350,3,0,1.0,5,0.017045,1
1350,4,0,1.0,7,0.027476,1
1350,5,0,1.0,17,0.061217,1
1350,6,0,1.0,8,0.032875,1
1350,7,0,1.0,8,0.033274,1
1500,1,0,0.904474,9,0.060835,2
1500,1,1,0.095526,6,0.060835,2
1500,2,0,1.0,12,0.040844,1
1500,4,0,1.0,8,0.031307,1
1500,5,0,1.0,18,0.064978,1
1500,6,0,1.0,9,0.036822,1
1500,7,0,1.0,9,0.037487,1
1650,1,0,1.0,7,0.030018,1
1650,2,0,0.62451,13,0.057924,2
1650,2,1,0.37549,13,0.057924,2
1650,4,0,1.0,9,0.035206,1
1650,5,0,1.0,19,0.068805,1
1650,6,0,1.0,10,0.040928,1
1650,7,0,1.0,10,0.041803,1
1800,1,0,1.0,8,0.033839,1
1800,4,0,1.0,9,0.038828,1
1800,5,0,1.0,20,0.072679,1
1800,6,0,1.0,10,0.04316,1
1800,7,0,1.0,10,0.042238,1
1800,8,0,1.0,5,0.016351,1
1800,9,0,0.595526,3,0.083039,2
1800,9,1,0.404474,5,0.083039,2
1800,10,0,1.0,13,0.054772,1
1800,11,0,1.0,7,0.02721,1
1800,12,0,1.0,3,0.012521,1
1800,13,0,1.0,9,0.030277,1
1800,14,0,1.0,1,0.002143,1
1800,15,0,1.0,3,0.011823,1
1800,1,0,1.0,9,0.037601,1
1800,4,0,1.0,10,0.039984,1
1800,5,0,1.0,20,0.0746,1
1800,6,0,1.0,12,0.048633,1
1800,7,0,1.0,10,0.043533,1
1800,8,0,1.0,5,0.019605,1
1800,9,0,1.0,5,0.020081,1
1800,10,0,1.0,14,0.056683,1
1800,11,0,0.808949,7,0.123122,2
1800,11,1,0.191051,7,0.123122,2
1800,12,0,1.0,3,0.012799,1
1800,13,0,1.0,11,0.039424,1
1800,14,0,1.0,1,0.002184,1
1800,15,0,1.0,3,0.012194,1
1950,1,0,1.0,9,0.037731,1
1950,4,0,1.0,10,0.041652,1
1950,5,0,0.808949,22,0.141382,2
1950,5,1,0.191051,20,0.141382,2
1950,6,0,1.0,11,0.046918,1
1950,7,0,1.0,11,0.046211,1
1950,8,0,1.0,4,0.01523,1
1950,9,0,1.0,2,0.008613,1
1950,10,0,1.0,12,0.051149,1
1950,11,0,1.0,8,0.031283,1
1950,12,0,1.0,4,0.016501,1
1950,13,0,0.904474,10,0.035957,2
1950,13,1,0.095526,10,0.035957,2
1950,14,0,1.0,1,0.003824,1
1950,15,0,1.0,2,0.008352,1
2100,1,0,1.0,10,0.041727,1
2100,4,0,1.0,11,0.045403,1
2100,5,0,0.904474,22,0.16696,2
2100,5,1,0.095526,21,0.16696,2
2100,6,0,1.0,12,0.050722,1
2100,7,0,1.0,12,0.050366,1
2100,8,0,1.0,5,0.019581,1
2100,9,0,1.0,1,0.004798,1
2100,10,0,1.0,11,0.047487,1
2100,11,0,1.0,9,0.035327,1
2100,12,0,1.0,5,0.020578,1
2100,13,0,1.0,11,0.066408,1
2100,14,0,1.0,2,0.007627,1
2100,15,0,1.0,2,0.006379,1
2250,1,0,1.0,11,0.045862,1
2250,4,0,1.0,12,0.049198,1
2250,5,0,1.0,22,0.08305,1
2250,6,0,1.0,13,0.054595,1
2250,8,0,1.0,6,0.024018,1
2250,9,0,1.0,1,0.002481,1
2250,10,0,1.0,11,0.043904,1
2250,11,0,1.0,10,0.039015,1
2250,12,0,1.0,6,0.024768,1
2250,13,0,0.904474,12,0.06774,2
2250,13,1,0.095526,12,0.06774,2
2250,14,0,0.808949,5,0.02966,2
2250,14,1,0.191051,3,0.02966,2
2250,15,0,1.0,1,0.004519,1
2400,4,0,1.0,13,0.053045,1
2400,5,0,0.691051,26,0.168086,2
2400,5,1,0.308949,23,0.168086,2
2400,6,0,0.595526,14,0.111586,2
2400,6,1,0.404474,17,0.111586,2
2400,8,0,1.0,8,0.030031,1
2400,9,0,1.0,1,0.003626,1
2400,10,0,1.0,9,0.037757,1
2400,11,0,1.0,10,0.041928,1
2400,12,0,1.0,7,0.02908,1
2400,13,0,0.573153,13,0.083559,3
2400,13,1,0.213423,13,0.083559,3
2400,13,2,0.213423,13,0.083559,3
2400,14,0,1.0,4,0.015481,1
2400,15,0,1.0,2,0.008968,1
2550,4,0,1.0,13,0.05636,1
2550,5,0,0.904474,24,0.209239,2
2550,5,1,0.095526,23,0.209239,2
2550,6,0,0.595526,15,0.117047,2
2550,6,1,0.404474,18,0.117047,2
2550,8,0,1.0,9,0.034233,1
2550,9,0,1.0,2,0.007407,1
2550,10,0,1.0,8,0.033347,1
2550,11,0,1.0,11,0.045843,1
2550,12,0,1.0,8,0.033509,1
2550,13,0,1.0,13,0.047275,1
2550,14,0,1.0,5,0.019612,1
2550,15,0,1.0,4,0.015801,1
2700,4,0,1.0,14,0.060098,1
2700,5,0,1.0,22,0.08759,1
2700,6,0,0.595526,15,0.121959,2
2700,6,1,0.404474,17,0.121959,2
2700,8,0,1.0,9,0.036806,1
2700,9,0,1.0,3,0.01126,1
2700,10,0,1.0,9,0.034289,1
2700,11,0,1.0,12,0.049842,1
2700,12,0,1.0,9,0.038041,1
2700,13,0,1.0,14,0.051019,1
2700,14,0,1.0,5,0.021866,1
2700,15,0,1.0,5,0.019875,1
2850,4,0,0.904474,18,0.141242,2
2850,4,1,0.095526,15,0.141242,2
2850,5,0,1.0,21,0.083026,1
2850,6,0,0.904474,21,0.190742,2
2850,6,1,0.095526,16,0.190742,2
2850,8,0,1.0,10,0.040584,1
2850,9,0,0.595526,4,0.022683,2
2850,9,1,0.404474,4,0.022683,2
2850,10,0,1.0,10,0.036374,1
2850,11,0,1.0,13,0.052595,1
2850,12,0,1.0,9,0.038534,1
2850,13,0,1.0,15,0.05415,1
2850,14,0,1.0,6,0.025665,1
2850,15,0,1.0,6,0.024107,1
3000,4,0,0.904474,18,0.146832,2
3000,4,1,0.095526,16,0.146832,2
3000,5,0,1.0,20,0.078557,1
3000,6,0,0.904474,20,0.185849,2
3000,6,1,0.095526,17,0.185849,2
3000,8,0,1.0,11,0.044438,1
3000,9,0,1.0,4,0.01768,1
3000,10,0,0.808949,10,0.056745,2
3000,10,1,0.191051,10,0.056745,2
3000,11,0,1.0,14,0.054932,1
3000,12,0,1.0,10,0.042425,1
3000,13,0,1.0,16,0.057909,1
3000,14,0,1.0,7,0.029518,1
3000,15,0,1.0,6,0.026088,1
3150,5,0,1.0,19,0.074196,1
3150,6,0,1.0,17,0.071656,1
3150,8,0,1.0,12,0.048388,1
3150,9,0,1.0,5,0.021399,1
3150,10,0,0.808949,11,0.0597,2
3150,10,1,0.191051,11,0.0597,2
3150,11,0,1.0,15,0.057235,1
3150,12,0,1.0,11,0.046415,1
3150,13,0,1.0,17,0.061721,1
3150,14,0,1.0,8,0.033444,1
3150,15,0,1.0,7,0.029772,1
3300,5,0,1.0,18,0.070006,1
3300,6,0,1.0,16,0.067914,1
3300,8,0,1.0,13,0.052453,1
3300,9,0,1.0,6,0.025149,1
3300,10,0,0.808949,12,0.065034,2
3300,10,1,0.191051,12,0.065034,2
3300,11,0,1.0,16,0.059691,1
3300,12,0,1.0,12,0.050538,1
3300,13,0,1.0,18,0.065567,1
3300,14,0,1.0,9,0.037475,1
3300,15,0,1.0,8,0.033489,1
3450,5,0,1.0,17,0.06642,1
3450,6,0,1.0,15,0.064728,1
3450,8,0,1.0,14,0.056641,1
3450,9,0,1.0,7,0.028949,1
3450,10,0,0.808949,13,0.073154,2
3450,10,1,0.191051,13,0.073154,2
3450,11,0,1.0,17,0.062523,1
3450,12,0,1.0,13,0.054826,1
3450,13,0,1.0,18,0.068798,1
3450,14,0,1.0,10,0.041639,1
3450,15,0,1.0,9,0.037281,1
3600,5,0,1.0,16,0.063317,1
3600,6,0,1.0,15,0.061425,1
3600,8,0,1.0,15,0.060128,1
3600,9,0,0.904474,8,0.036669,2
3600,9,1,0.095526,10,0.036669,2
3600,10,0,0.617898,14,0.071441,2
3600,10,1,0.382102,14,0.071441,2
3600,11,0,1.0,18,0.065968,1
3600,12,0,1.0,14,0.059296,1
3600,13,0,1.0,19,0.072492,1
3600,14,0,1.0,11,0.045957,1
3600,15,0,1.0,10,0.041192,1
3600,16,0,1.0,4,0.01465,1
3600,17,0,1.0,5,0.020542,1
3600,18,0,1.0,7,0.029897,1
3600,19,0,1.0,6,0.021906,1
3600,20,0,1.0,2,0.008825,1
3600,21,0,0.904474,9,0.049981,2
3600,21,1,0.095526,8,0.049981,2
3600,22,0,1.0,1,0.0026,1
3600,23,0,1.0,3,0.012003,1
3750,5,0,1.0,16,0.063772,1
3750,6,0,1.0,14,0.057531,1
3750,8,0,1.0,15,0.060219,1
3750,9,0,1.0,9,0.036831,1
3750,10,0,1.0,14,0.050076,1
3750,11,0,1.0,18,0.067454,1
3750,12,0,1.0,16,0.064494,1
3750,13,0,1.0,20,0.075867,1
3750,14,0,1.0,11,0.047671,1
3750,15,0,1.0,11,0.045269,1
3750,16,0,1.0,3,0.01089,1
3750,17,0,1.0,6,0.024786,1
3750,18,0,1.0,8,0.033731,1
3750,19,0,1.0,6,0.024635,1
3750,20,0,1.0,1,0.004798,1
3750,21,0,0.904474,9,0.054931,2
3750,21,1,0.095526,9,0.054931,2
3750,22,0,1.0,1,0.002875,1
3750,23,0,1.0,4,0.015518,1
3900,5,0,1.0,15,0.0603,1
3900,6,0,0.904474,16,0.156232,2
3900,6,1,0.095526,13,0.156232,2
3900,8,0,1.0,16,0.063483,1
3900,9,0,1.0,10,0.04101,1
3900,10,0,1.0,15,0.053854,1
3900,11,0,1.0,19,0.071351,1
3900,12,0,1.0,17,0.068789,1
3900,13,0,1.0,21,0.079612,1
3900,14,0,1.0,12,0.05158,1
3900,15,0,1.0,12,0.049543,1
3900,16,0,1.0,2,0.007873,1
3900,17,0,1.0,7,0.029157,1
3900,18,0,1.0,9,0.037509,1
3900,19,0,1.0,7,0.028415,1
3900,20,0,1.0,1,0.00357,1
3900,21,0,0.904474,10,0.059421,2
3900,21,1,0.095526,10,0.059421,2
3900,22,0,1.0,2,0.006774,1
3900,23,0,1.0,5,0.019149,1
4050,5,0,1.0,14,0.056079,1
4050,6,0,0.904474,14,0.075074,2
4050,6,1,0.095526,12,0.075074,2
4050,8,0,1.0,17,0.067154,1
4050,9,0,1.0,10,0.043124,1
4050,10,0,1.0,16,0.054438,1
4050,11,0,1.0,20,0.075339,1
4050,12,0,1.0,17,0.070623,1
4050,13,0,1.0,22,0.083414,1
4050,14,0,1.0,13,0.055564,1
4050,15,0,1.0,13,0.054032,1
4050,16,0,1.0,2,0.007085,1
4050,17,0,0.904474,8,0.059095,2
4050,17,1,0.095526,13,0.059095,2
4050,18,0,1.0,10,0.04131,1
4050,19,0,1.0,8,0.032264,1
4050,20,0,1.0,2,0.006089,1
4050,21,0,0.904474,11,0.066058,2
4050,21,1,0.095526,11,0.066058,2
4050,22,0,1.0,3,0.010811,1
4050,23,0,1.0,6,0.022972,1
4200,5,0,1.0,13,0.051979,1
4200,6,0,0.904474,14,0.061434,2
4200,6,1,0.095526,11,0.061434,2
4200,8,0,1.0,18,0.07133,1
4200,9,0,1.0,11,0.046919,1
4200,10,0,1.0,15,0.053993,1
4200,11,0,1.0,21,0.079436,1
4200,12,0,1.0,18,0.074537,1
4200,13,0,0.904474,23,0.098352,2
4200,13,1,0.095526,25,0.098352,2
4200,14,0,1.0,14,0.059644,1
4200,15,0,1.0,13,0.054896,1
4200,16,0,1.0,1,0.004795,1
4200,17,0,0.904474,8,0.062176,2
4200,17,1,0.095526,12,0.062176,2
4200,18,0,1.0,11,0.045239,1
4200,19,0,1.0,9,0.036203,1
4200,20,0,1.0,2,0.008893,1
4200,21,0,0.808949,12,0.070063,2
4200,21,1,0.191051,12,0.070063,2
4200,22,0,1.0,3,0.013201,1
4200,23,0,1.0,7,0.027059,1
4350,5,0,0.643288,12,0.101654,2
4350,5,1,0.356712,12,0.101654,2
4350,6,0,0.904474,11,0.087769,2
4350,6,1,0.095526,10,0.087769,2
4350,8,0,1.0,19,0.075633,1
4350,9,0,1.0,12,0.050774,1
4350,10,0,1.0,14,0.053543,1
4350,11,0,0.904474,26,0.19578,2
4350,11,1,0.095526,22,0.19578,2
4350,12,0,0.643288,19,0.116832,2
4350,12,1,0.356712,22,0.116832,2
4350,13,0,0.547763,26,0.153777,2
4350,13,1,0.452237,22,0.153777,2
4350,14,0,0.808949,15,0.08919,2
4350,14,1,0.191051,18,0.08919,2
4350,15,0,0.643288,30,0.287073,2
4350,15,1,0.356712,14,0.287073,2
4350,16,0,1.0,2,0.009023,1
4350,17,0,0.885508,9,0.06516,2
4350,17,1,0.114492,11,0.06516,2
4350,18,0,1.0,11,0.046206,1
4350,19,0,1.0,10,0.040251,1
4350,20,0,1.0,3,0.012008,1
4350,21,0,1.0,12,0.047463,1
4350,22,0,1.0,4,0.016943,1
4350,23,0,0.904474,8,0.049124,2
4350,23,1,0.095526,8,0.049124,2
4500,5,0,1.0,11,0.044121,1
4500,6,0,0.904474,10,0.078603,2
4500,6,1,0.095526,10,0.078603,2
4500,8,0,1.0,20,0.080048,1
4500,9,0,1.0,13,0.05472,1
4500,10,0,1.0,14,0.054424,1
4500,11,0,0.808949,25,0.180123,2
4500,11,1,0.191051,23,0.180123,2
4500,12,0,1.0,19,0.077531,1
4500,13,0,1.0,21,0.082587,1
4500,14,0,1.0,16,0.068155,1
4500,15,0,0.595526,25,0.213759,3
4500,15,1,0.213423,27,0.213759,3
4500,15,2,0.191051,15,0.213759,3
4500,16,0,1.0,3,0.010481,1
4500,17,0,0.904474,10,0.06497,2
4500,17,1,0.095526,13,0.06497,2
4500,18,0,1.0,12,0.049795,1
4500,19,0,1.0,11,0.044418,1
4500,20,0,1.0,4,0.015551,1
4500,21,0,1.0,13,0.051211,1
4500,22,0,0.5,10,0.108818,2
4500,22,1,0.5,5,0.108818,2
4500,23,0,0.904474,9,0.058802,2
4500,23,1,0.095526,9,0.058802,2
4650,5,0,1.0,10,0.04033,1
4650,6,0,1.0,9,0.073073,1
4650,8,0,0.977628,21,0.087478,2
4650,8,1,0.022372,25,0.087478,2
4650,9,0,0.904474,14,0.062704,2
4650,9,1,0.095526,15,0.062704,2
4650,10,0,1.0,13,0.054732,1
4650,11,0,0.808949,23,0.16878,2
4650,11,1,0.191051,24,0.16878,2
4650,12,0,1.0,18,0.074804,1
4650,14,0,0.573153,17,0.124867,2
4650,14,1,0.426847,21,0.124867,2
4650,15,0,0.691051,16,0.138238,3
4650,15,1,0.191051,24,0.138238,3
4650,15,2,0.117898,27,0.138238,3
4650,16,0,1.0,4,0.013322,1
4650,17,0,0.595526,13,0.225147,2
4650,17,1,0.404474,11,0.225147,2
4650,18,0,1.0,13,0.053524,1
4650,19,0,1.0,12,0.048645,1
4650,20,0,1.0,5,0.019211,1
4650,21,0,1.0,14,0.054801,1
4650,22,0,0.904474,6,0.047253,2
4650,22,1,0.095526,11,0.047253,2
4650,23,0,0.808949,14,0.142261,3
4650,23,1,0.117898,11,0.142261,3
4650,23,2,0.073153,11,0.142261,3
4800,5,0,1.0,9,0.036606,1
4800,6,0,0.595526,8,0.044728,2
4800,6,1,0.404474,8,0.044728,2
4800,8,0,1.0,22,0.087227,1
4800,9,0,1.0,15,0.063024,1
4800,10,0,1.0,14,0.05887,1
4800,11,0,1.0,22,0.185515,1
4800,12,0,1.0,18,0.07095,1
4800,14,0,0.808949,21,0.167667,2
4800,14,1,0.191051,17,0.167667,2
4800,15,0,0.808949,26,0.385799,3
4800,15,1,0.095526,23,0.385799,3
4800,15,2,0.095526,17,0.385799,3
4800,16,0,1.0,5,0.016691,1
4800,17,0,1.0,12,0.049207,1
4800,18,0,0.511442,14,0.213572,3
4800,18,1,0.293135,23,0.213572,3
4800,18,2,0.195423,14,0.213572,3
4800,19,0,1.0,12,0.048884,1
4800,20,0,1.0,6,0.023028,1
4800,21,0,1.0,15,0.058558,1
4800,22,0,1.0,7,0.028493,1
4800,23,0,1.0,11,0.03901,1
4950,5,0,1.0,9,0.033575,1
4950,6,0,0.522372,7,0.042627,2
4950,6,1,0.477628,8,0.042627,2
4950,8,0,1.0,22,0.083747,1
4950,9,0,1.0,15,0.065017,1
4950,10,0,1.0,15,0.063089,1
4950,11,0,0.617898,21,0.133161,2
4950,11,1,0.382102,22,0.133161,2
4950,12,0,1.0,17,0.067083,1
4950,14,0,1.0,20,0.183988,1
4950,15,0,0.808949,18,0.117858,3
4950,15,1,0.095526,23,0.117858,3
4950,15,2,0.095526,23,0.117858,3
4950,16,0,1.0,6,0.02046,1
4950,17,0,0.713423,20,0.309362,2
4950,17,1,0.286577,13,0.309362,2
4950,18,0,0.617898,22,0.135639,2
4950,18,1,0.382102,15,0.135639,2
4950,19,0,1.0,13,0.051593,1
4950,20,0,1.0,7,0.026933,1
4950,21,0,1.0,16,0.062371,1
4950,22,0,1.0,8,0.032558,1
4950,23,0,1.0,10,0.036649,1
5100,5,0,1.0,8,0.029473,1
5100,6,0,0.698509,6,0.070623,2
5100,6,1,0.301491,7,0.070623,2
5100,8,0,0.698509,21,0.111453,2
5100,8,1,0.301491,23,0.111453,2
5100,9,0,1.0,16,0.068873,1
5100,10,0,1.0,17,0.069351,1
5100,11,0,1.0,20,0.143236,1
5100,12,0,1.0,16,0.063283,1
5100,14,0,0.794034,19,0.189235,2
5100,14,1,0.205966,19,0.189235,2
5100,15,0,1.0,19,0.078368,1
5100,16,0,1.0,7,0.024347,1
5100,17,0,0.698509,15,0.13353,2
5100,17,1,0.301491,15,0.13353,2
5100,18,0,0.403028,21,0.229007,3
5100,18,1,0.403028,15,0.229007,3
5100,18,2,0.193944,21,0.229007,3
5100,19,0,1.0,14,0.054345,1
5100,20,0,0.904474,9,0.071509,2
5100,20,1,0.095526,7,0.071509,2
5100,21,0,1.0,16,0.065952,1
5100,22,0,0.904474,8,0.067092,2
5100,22,1,0.095526,15,0.067092,2
5100,23,0,1.0,9,0.034427,1
5250,5,0,0.595526,6,0.033231,2
5250,5,1,0.404474,6,0.033231,2
5250,6,0,0.595526,6,0.03402,2
5250,6,1,0.404474,6,0.03402,2
5250,8,0,1.0,20,0.07634,1
5250,9,0,1.0,17,0.072799,1
5250,10,0,1.0,18,0.0732,1
5250,11,0,1.0,20,0.075567,1
5250,12,0,1.0,15,0.059702,1
5250,14,0,0.426847,24,0.195239,3
5250,14,1,0.382102,16,0.195239,3
5250,14,2,0.191051,18,0.195239,3
5250,15,0,1.0,18,0.074628,1
5250,16,0,1.0,7,0.027165,1
5250,17,0,0.691051,16,0.14332,2
5250,17,1,0.308949,16,0.14332,2
5250,18,0,0.5,16,0.225696,3
5250,18,1,0.404474,20,0.225696,3
5250,18,2,0.095526,20,0.225696,3
5250,20,0,1.0,8,0.033402,1
5250,21,0,1.0,17,0.069076,1
5250,22,0,1.0,9,0.038753,1
5250,23,0,1.0,9,0.036387,1
5400,5,0,1.0,5,0.01899,1
5400,6,0,0.904474,5,0.019327,2
5400,6,1,0.095526,5,0.019327,2
5400,8,0,0.738814,21,0.182199,3
5400,8,1,0.165661,23,0.182199,3
5400,8,2,0.095526,19,0.182199,3
5400,9,0,1.0,17,0.071741,1
5400,10,0,1.0,19,0.077206,1
5400,11,0,0.713423,19,0.115108,3
5400,11,1,0.191051,19,0.115108,3
5400,11,2,0.095526,19,0.115108,3
5400,12,0,1.0,14,0.055996,1
5400,14,0,0.617898,26,0.206115,2
5400,14,1,0.382102,15,0.206115,2
5400,15,0,1.0,18,0.072947,1
5400,16,0,1.0,8,0.030926,1
5400,18,0,0.904474,17,0.079383,2
5400,18,1,0.095526,19,0.079383,2
5400,20,0,1.0,9,0.037161,1
5400,21,0,1.0,18,0.072816,1
5400,22,0,1.0,10,0.042578,1
5400,23,0,1.0,10,0.040084,1
5400,24,0,1.0,4,0.014607,1
5400,25,0,1.0,5,0.019565,1
5400,26,0,1.0,7,0.028951,1
5400,27,0,1.0,5,0.019117,1
5400,28,0,1.0,3,0.012791,1
5400,29,0,0.904474,9,0.095835,2
5400,29,1,0.095526,8,0.095835,2
5400,30,0,1.0,1,0.002392,1
5400,31,0,1.0,3,0.011154,1
5550,5,0,1.0,6,0.019909,1
5550,6,0,0.595526,4,0.018449,2
5550,6,1,0.404474,4,0.018449,2
5550,8,0,1.0,18,0.068781,1
5550,9,0,0.808949,20,0.153996,2
5550,9,1,0.191051,16,0.153996,2
5550,10,0,1.0,19,0.077591,1
5550,11,0,1.0,18,0.068003,1
5550,12,0,1.0,14,0.053008,1
5550,14,0,1.0,14,0.057015,1
5550,15,0,1.0,17,0.068852,1
5550,16,0,1.0,9,0.034655,1
5550,18,0,0.904474,18,0.080182,2
5550,18,1,0.095526,19,0.080182,2
5550,20,0,1.0,10,0.040964,1
5550,21,0,1.0,19,0.076594,1
5550,22,0,1.0,11,0.046469,1
5550,23,0,1.0,11,0.043859,1
5550,24,0,1.0,3,0.011121,1
5550,25,0,1.0,5,0.021539,1
5550,26,0,1.0,8,0.032699,1
5550,27,0,1.0,4,0.015318,1
5550,28,0,1.0,4,0.016964,1
5550,29,0,0.904474,9,0.055348,2
5550,29,1,0.095526,9,0.055348,2
5550,30,0,0.904474,2,0.006842,2
5550,30,1,0.095526,2,0.006842,2
5550,31,0,1.0,4,0.014787,1
5700,5,0,1.0,7,0.021982,1
5700,6,0,1.0,3,0.011077,1
5700,8,0,0.808949,20,0.109484,2
5700,8,1,0.191051,18,0.109484,2
5700,9,0,0.904474,20,0.171657,2
5700,9,1,0.095526,16,0.171657,2
5700,10,0,1.0,20,0.078486,1
5700,11,0,1.0,16,0.062128,1
5700,12,0,1.0,13,0.049085,1
5700,14,0,0.808949,15,0.156367,2
5700,14,1,0.191051,13,0.156367,2
5700,15,0,1.0,16,0.06489,1
5700,16,0,1.0,10,0.038316,1
5700,18,0,1.0,18,0.072114,1
5700,20,0,1.0,11,0.044832,1
5700,21,0,1.0,18,0.076035,1
5700,22,0,0.904474,15,0.15644,2
5700,22,1,0.095526,12,0.15644,2
5700,23,0,1.0,12,0.047733,1
5700,24,0,1.0,3,0.009779,1
5700,25,0,1.0,6,0.025421,1
5700,26,0,1.0,9,0.036273,1
5700,27,0,1.0,3,0.011583,1
5700,28,0,1.0,5,0.021236,1
5700,29,0,1.0,10,0.037295,1
5700,30,0,1.0,2,0.008765,1
5700,31,0,1.0,5,0.018548,1
5850,5,0,0.904474,7,0.040414,2
5850,5,1,0.095526,7,0.040414,2
5850,6,0,1.0,2,0.007659,1
5850,8,0,0.904474,19,0.10047,2
5850,8,1,0.095526,17,0.10047,2
5850,9,0,1.0,15,0.061457,1
5850,10,0,1.0,21,0.079172,1
5850,11,0,1.0,15,0.058122,1
5850,12,0,1.0,12,0.045246,1
5850,14,0,0.808949,15,0.065484,2
5850,14,1,0.191051,12,0.065484,2
5850,15,0,0.903469,18,0.077637,2
5850,15,1,0.096531,15,0.077637,2
5850,16,0,1.0,11,0.042054,1
5850,18,0,0.904474,17,0.073969,2
5850,18,1,0.095526,17,0.073969,2
5850,20,0,1.0,11,0.047879,1
5850,21,0,1.0,17,0.071815,1
5850,22,0,0.808949,16,0.158862,2
5850,22,1,0.191051,13,0.158862,2
5850,23,0,1.0,13,0.051719,1
5850,24,0,1.0,2,0.007418,1
5850,25,0,1.0,7,0.029344,1
5850,26,0,1.0,10,0.03982,1
5850,27,0,1.0,3,0.009965,1
5850,28,0,1.0,6,0.025606,1
5850,29,0,1.0,10,0.040587,1
5850,30,0,0.904474,4,0.028662,2
5850,30,1,0.095526,3,0.028662,2
5850,31,0,1.0,6,0.022498,1
6000,5,0,0.904474,8,0.044989,2
6000,5,1,0.095526,8,0.044989,2
6000,6,0,1.0,2,0.006541,1
6000,8,0,1.0,16,0.058128,1
6000,9,0,0.904474,16,0.159714,2
6000,9,1,0.095526,14,0.159714,2
6000,10,0,0.808949,22,0.157738,2
6000,10,1,0.191051,22,0.157738,2
6000,11,0,1.0,16,0.056428,1
6000,12,0,1.0,11,0.041466,1
6000,14,0,1.0,16,0.089166,1
6000,15,0,1.0,14,0.057214,1
6000,16,0,1.0,12,0.045911,1
6000,18,0,1.0,15,0.064318,1
6000,20,0,0.894061,15,0.084144,2
6000,20,1,0.105939,12,0.084144,2
6000,21,0,1.0,16,0.067684,1
6000,22,0,0.904474,17,0.176758,2
6000,22,1,0.095526,14,0.176758,2
6000,23,0,1.0,13,0.054144,1
6000,24,0,1.0,3,0.011663,1
6000,25,0,1.0,8,0.033097,1
6000,26,0,1.0,10,0.041579,1
6000,27,0,1.0,2,0.007839,1
6000,28,0,1.0,7,0.03007,1
6000,29,0,1.0,11,0.044301,1
6000,30,0,1.0,4,0.016318,1
6000,31,0,1.0,6,0.023446,1
6150,5,0,0.904474,9,0.053758,2
6150,5,1,0.095526,9,0.053758,2
6150,6,0,1.0,2,0.008684,1
6150,8,0,0.904474,17,0.09564,2
6150,8,1,0.095526,15,0.09564,2
6150,9,0,1.0,13,0.05383,1
6150,10,0,1.0,20,0.076012,1
6150,11,0,1.0,16,0.054093,1
6150,12,0,1.0,10,0.038266,1
6150,14,0,0.808949,11,0.081348,2
6150,14,1,0.191051,11,0.081348,2
6150,15,0,1.0,13,0.053432,1
6150,16,0,1.0,12,0.048669,1
6150,20,0,0.894061,15,0.101632,2
6150,20,1,0.105939,13,0.101632,2
6150,21,0,1.0,15,0.063639,1
6150,22,0,1.0,14,0.060726,1
6150,23,0,1.0,14,0.057755,1
6150,24,0,1.0,2,0.007592,1
6150,25,0,0.808949,9,0.134809,2
6150,25,1,0.191051,11,0.134809,2
6150,26,0,0.691051,11,0.130821,2
6150,26,1,0.308949,15,0.130821,2
6150,27,0,1.0,3,0.011977,1
6150,28,0,1.0,9,0.036467,1
6150,29,0,1.0,12,0.048047,1
6150,30,0,1.0,5,0.020184,1
6150,31,0,1.0,7,0.027261,1
6300,5,0,0.904474,10,0.057168,2
6300,5,1,0.095526,10,0.057168,2
6300,6,0,1.0,3,0.012533,1
6300,8,0,0.595526,14,0.069673,2
6300,8,1,0.404474,14,0.069673,2
6300,9,0,1.0,12,0.050116,1
6300,10,0,1.0,19,0.071732,1
6300,11,0,1.0,15,0.050235,1
6300,12,0,1.0,9,0.034531,1
6300,14,0,1.0,10,0.039083,1
6300,15,0,1.0,13,0.052158,1
6300,16,0,1.0,13,0.052401,1
6300,20,0,0.595526,14,0.086943,2
6300,20,1,0.404474,16,0.086943,2
6300,21,0,1.0,15,0.062552,1
6300,22,0,1.0,15,0.064606,1
6300,23,0,1.0,15,0.061271,1
6300,24,0,1.0,3,0.010203,1
6300,25,0,1.0,12,0.285002,1
6300,26,0,1.0,12,0.04813,1
6300,27,0,0.5,5,0.027654,2
6300,27,1,0.5,5,0.027654,2
6300,28,0,1.0,10,0.040625,1
6300,29,0,1.0,13,0.051419,1
6300,30,0,1.0,6,0.024154,1
6300,31,0,1.0,8,0.031356,1
6450,5,0,0.904474,11,0.065906,2
6450,5,1,0.095526,11,0.065906,2
6450,6,0,1.0,4,0.016449,1
6450,8,0,1.0,13,0.047285,1
6450,9,0,1.0,11,0.046532,1
6450,10,0,1.0,18,0.067603,1
6450,11,0,1.0,14,0.046457,1
6450,12,0,1.0,9,0.031184,1
6450,14,0,0.808949,9,0.041464,2
6450,14,1,0.191051,9,0.041464,2
6450,15,0,1.0,12,0.04803,1
6450,16,0,0.904474,15,0.152491,2
6450,16,1,0.095526,14,0.152491,2
6450,20,0,1.0,15,0.06283,1
6450,21,0,1.0,14,0.058164,1
6450,22,0,1.0,16,0.068554,1
6450,23,0,1.0,20,0.305372,1
6450,24,0,1.0,4,0.013112,1
6450,25,0,0.808949,11,0.086974,2
6450,25,1,0.191051,13,0.086974,2
6450,26,0,1.0,13,0.051656,1
6450,27,0,0.904474,6,0.043972,2
6450,27,1,0.095526,6,0.043972,2
6450,28,0,1.0,10,0.042404,1
6450,29,0,1.0,14,0.055203,1
6450,30,0,1.0,7,0.028272,1
6450,31,0,1.0,9,0.035546,1
6600,5,0,0.904474,12,0.074925,2
6600,5,1,0.095526,12,0.074925,2
6600,6,0,1.0,5,0.020453,1
6600,8,0,0.595526,13,0.062154,2
6600,8,1,0.404474,13,0.062154,2
6600,9,0,1.0,11,0.044337,1
6600,10,0,1.0,17,0.063602,1
6600,11,0,1.0,13,0.042729,1
6600,12,0,1.0,8,0.027367,1
6600,14,0,1.0,8,0.031561,1
6600,15,0,1.0,11,0.044014,1
6600,20,0,1.0,16,0.066742,1
6600,21,0,1.0,13,0.053989,1
6600,22,0,1.0,17,0.07259,1
6600,23,0,1.0,17,0.064751,1
6600,24,0,1.0,5,0.016939,1
6600,25,0,0.808949,12,0.063212,2
6600,25,1,0.191051,11,0.063212,2
6600,26,0,1.0,14,0.055467,1
6600,27,0,1.0,7,0.023495,1
6600,28,0,1.0,11,0.045764,1
6600,29,0,1.0,15,0.059026,1
6600,30,0,1.0,7,0.030518,1
6600,31,0,1.0,10,0.039837,1
6750,5,0,0.595526,12,0.070063,2
6750,5,1,0.404474,12,0.070063,2
6750,6,0,1.0,6,0.024564,1
6750,8,0,1.0,12,0.040208,1
6750,9,0,1.0,10,0.040631,1
6750,10,0,1.0,16,0.060313,1
6750,11,0,1.0,12,0.040127,1
6750,12,0,1.0,7,0.024027,1
6750,14,0,1.0,7,0.028772,1
6750,15,0,0.903469,10,0.079558,2
6750,15,1,0.096531,10,0.079558,2
6750,20,0,1.0,16,0.069459,1
6750,21,0,1.0,12,0.049999,1
6750,22,0,0.878555,20,0.164482,2
6750,22,1,0.121445,17,0.164482,2
6750,23,0,0.691051,18,0.260539,2
6750,23,1,0.308949,17,0.260539,2
6750,24,0,1.0,6,0.020657,1
6750,25,0,0.808949,13,0.067736,2
6750,25,1,0.191051,12,0.067736,2
6750,26,0,1.0,22,0.176143,1
6750,27,0,1.0,7,0.023905,1
6750,28,0,1.0,12,0.049199,1
6750,29,0,0.691051,15,0.086255,2
6750,29,1,0.308949,18,0.086255,2
6750,30,0,1.0,8,0.034302,1
6750,31,0,1.0,12,0.041674,1
6900,5,0,0.904474,14,0.076155,2
6900,5,1,0.095526,13,0.076155,2
6900,6,0,1.0,7,0.0288,1
6900,8,0,1.0,11,0.036401,1
6900,9,0,1.0,9,0.037047,1
6900,10,0,1.0,15,0.057585,1
6900,11,0,0.808949,12,0.043796,2
6900,11,1,0.191051,12,0.043796,2
6900,12,0,1.0,6,0.021051,1
6900,14,0,1.0,7,0.109067,1
6900,15,0,1.0,9,0.036231,1
6900,20,0,1.0,17,0.073181,1
6900,21,0,1.0,11,0.046155,1
6900,22,0,0.691051,17,0.100034,2
6900,22,1,0.308949,19,0.100034,2
6900,23,0,0.595526,18,0.172413,2
6900,23,1,0.404474,18,0.172413,2
6900,24,0,1.0,6,0.023451,1
6900,25,0,1.0,13,0.050605,1
6900,26,0,1.0,21,0.170387,1
6900,27,0,1.0,6,0.020545,1
6900,28,0,1.0,13,0.052791,1
6900,29,0,1.0,16,0.065862,1
6900,30,0,1.0,9,0.038137,1
6900,31,0,1.0,11,0.039794,1
7050,5,0,0.5,14,0.070076,2
7050,5,1,0.5,15,0.070076,2
7050,6,0,1.0,8,0.033162,1
7050,8,0,1.0,10,0.032647,1
7050,9,0,1.0,8,0.033518,1
7050,10,0,1.0,15,0.057086,1
7050,11,0,0.595526,11,0.057326,2
7050,11,1,0.404474,11,0.057326,2
7050,12,0,1.0,5,0.018709,1
7050,14,0,1.0,6,0.021204,1
7050,15,0,1.0,10,0.035038,1
7050,20,0,0.595526,17,0.114142,2
7050,20,1,0.404474,20,0.114142,2
7050,21,0,0.691051,10,0.068298,2
7050,21,1,0.308949,10,0.068298,2
7050,22,0,0.595526,16,0.117186,3
7050,22,1,0.297763,18,0.117186,3
7050,22,2,0.106712,18,0.117186,3
7050,23,0,0.5,21,0.216419,3
7050,23,1,0.339595,21,0.216419,3
7050,23,2,0.160405,17,0.216419,3
7050,24,0,0.595526,7,0.035542,2
7050,24,1,0.404474,7,0.035542,2
7050,25,0,1.0,14,0.13981,1
7050,26,0,0.666667,18,0.262604,2
7050,26,1,0.333333,16,0.262604,2
7050,27,0,1.0,7,0.024064,1
7050,28,0,1.0,14,0.056625,1
7050,29,0,0.595526,17,0.112548,2
7050,29,1,0.404474,18,0.112548,2
7050,30,0,1.0,10,0.042046,1
7050,31,0,1.0,10,0.03798,1
7200,5,0,1.0,16,0.08576,1
7200,6,0,1.0,9,0.037642,1
7200,8,0,1.0,9,0.029769,1
7200,9,0,1.0,7,0.029997,1
7200,10,0,1.0,14,0.054365,1
7200,11,0,0.808949,10,0.040385,2
7200,11,1,0.191051,10,0.040385,2
7200,12,0,1.0,5,0.016767,1
7200,14,0,1.0,5,0.017774,1
7200,15,0,1.0,9,0.031439,1
7200,20,0,1.0,16,0.067406,1
7200,21,0,1.0,9,0.038558,1
7200,22,0,0.5,17,0.099465,2
7200,22,1,0.5,15,0.099465,2
7200,23,0,1.0,20,0.394605,1
7200,24,0,1.0,8,0.03081,1
7200,25,0,0.808949,15,0.143186,2
7200,25,1,0.191051,15,0.143186,2
7200,26,0,0.757111,17,0.123583,3
7200,26,1,0.121445,19,0.123583,3
7200,26,2,0.121445,19,0.123583,3
7200,27,0,1.0,8,0.027936,1
7200,28,0,1.0,15,0.060772,1
7200,29,0,1.0,18,0.073186,1
7200,30,0,1.0,11,0.046059,1
7200,31,0,1.0,10,0.03951,1
7200,32,0,1.0,4,0.015299,1
7200,33,0,1.0,3,0.011218,1
7200,34,0,1.0,13,0.052761,1
7200,35,0,1.0,5,0.019167,1
7200,36,0,1.0,3,0.01169,1
7200,37,0,0.904474,8,0.047114,2
7200,37,1,0.095526,8,0.047114,2
7200,38,0,1.0,1,0.002599,1
7200,39,0,1.0,3,0.013,1
7350,5,0,1.0,17,0.099573,1
7350,6,0,1.0,9,0.03853,1
7350,8,0,1.0,8,0.026906,1
7350,9,0,1.0,7,0.028179,1
7350,10,0,1.0,12,0.049776,1
7350,11,0,1.0,9,0.031756,1
7350,12,0,1.0,4,0.015109,1
7350,14,0,1.0,4,0.02927,1
7350,15,0,1.0,7,0.028021,1
7350,20,0,0.808949,15,0.087098,2
7350,20,1,0.191051,22,0.087098,2
7350,21,0,0.904474,9,0.044415,2
7350,21,1,0.095526,9,0.044415,2
7350,22,0,0.713423,17,0.101251,2
7350,22,1,0.286577,14,0.101251,2
7350,23,0,1.0,16,0.060006,1
7350,24,0,1.0,9,0.034583,1
7350,25,0,1.0,16,0.061991,1
7350,26,0,0.808949,18,0.12463,2
7350,26,1,0.191051,19,0.12463,2
7350,27,0,1.0,8,0.030559,1
7350,28,0,1.0,16,0.065148,1
7350,29,0,1.0,19,0.07698,1
7350,30,0,0.904474,14,0.144552,2
7350,30,1,0.095526,13,0.144552,2
7350,31,0,1.0,11,0.043229,1
7350,32,0,1.0,6,0.021236,1
7350,33,0,1.0,2,0.00712,1
7350,34,0,1.0,11,0.046554,1
7350,35,0,1.0,4,0.015524,1
7350,36,0,0.904474,5,0.035642,2
7350,36,1,0.095526,4,0.035642,2
7350,37,0,0.904474,9,0.055496,2
7350,37,1,0.095526,9,0.055496,2
7350,38,0,1.0,1,0.004471,1
7350,39,0,0.894061,3,0.014482,2
7350,39,1,0.105939,2,0.014482,2
7500,5,0,0.617898,21,0.182718,2
7500,5,1,0.382102,18,0.182718,2
7500,6,0,1.0,10,0.042359,1
7500,8,0,1.0,8,0.02527,1
7500,9,0,0.635666,6,0.043946,2
7500,9,1,0.364334,6,0.043946,2
7500,10,0,0.955256,11,0.050027,2
7500,10,1,0.044744,11,0.050027,2
7500,11,0,1.0,8,0.030701,1
7500,12,0,0.904474,5,0.026741,2
7500,12,1,0.095526,5,0.026741,2
7500,14,0,1.0,3,0.011178,1
7500,15,0,1.0,6,0.02445,1
7500,20,0,0.713423,14,0.098093,2
7500,20,1,0.286577,23,0.098093,2
7500,21,0,1.0,8,0.032427,1
7500,22,0,1.0,13,0.054599,1
7500,23,0,1.0,15,0.056702,1
7500,24,0,1.0,10,0.038459,1
7500,25,0,0.764205,17,0.095836,2
7500,25,1,0.235795,17,0.095836,2
7500,26,0,0.595526,18,0.104754,2
7500,26,1,0.404474,18,0.104754,2
7500,27,0,0.5,9,0.081793,3
7500,27,1,0.404474,10,0.081793,3
7500,27,2,0.095526,10,0.081793,3
7500,28,0,0.808949,20,0.166402,2
7500,28,1,0.191051,17,0.166402,2
7500,30,0,0.691051,15,0.167136,2
7500,30,1,0.308949,14,0.167136,2
7500,31,0,1.0,12,0.047086,1
7500,32,0,0.522372,6,0.032369,2
7500,32,1,0.477628,6,0.032369,2
7500,33,0,1.0,1,0.003159,1
7500,34,0,1.0,10,0.042166,1
7500,35,0,1.0,4,0.013132,1
7500,36,0,1.0,5,0.020492,1
7500,37,0,1.0,9,0.036011,1
7500,38,0,1.0,2,0.008204,1
7500,39,0,1.0,1,0.0048,1
7650,5,0,0.75,20,0.176127,2
7650,5,1,0.25,23,0.176127,2
7650,6,0,0.654474,11,0.11751,2
7650,6,1,0.345526,11,0.11751,2
7650,8,0,1.0,7,0.023809,1
7650,9,0,0.774384,5,0.133349,3
7650,9,1,0.13009,5,0.133349,3
7650,9,2,0.095526,5,0.133349,3
7650,10,0,0.691051,10,0.064807,2
7650,10,1,0.308949,10,0.064807,2
7650,11,0,1.0,8,0.03204,1
7650,12,0,0.904474,5,0.033051,2
7650,12,1,0.095526,5,0.033051,2
7650,14,0,1.0,3,0.009641,1
7650,15,0,1.0,6,0.022615,1
7650,20,0,0.5,13,0.125159,2
7650,20,1,0.5,15,0.125159,2
7650,21,0,1.0,6,0.026299,1
7650,22,0,1.0,13,0.051645,1
7650,23,0,0.678859,14,0.114963,2
7650,23,1,0.321141,14,0.114963,2
7650,24,0,1.0,10,0.041395,1
7650,25,0,0.808949,18,0.137405,2
7650,25,1,0.191051,22,0.137405,2
7650,26,0,1.0,17,0.069277,1
7650,27,0,0.583333,10,0.055182,2
7650,27,1,0.416667,10,0.055182,2
7650,28,0,0.796981,34,0.394882,2
7650,28,1,0.203019,17,0.394882,2
7650,30,0,0.478977,15,0.147353,3
7650,30,1,0.301402,13,0.147353,3
7650,30,2,0.219622,15,0.147353,3
7650,32,0,0.833333,6,0.028491,2
7650,32,1,0.166667,7,0.028491,2
7650,33,0,1.0,1,0.002581,1
7650,34,0,0.75,9,0.043021,2
7650,34,1,0.25,9,0.043021,2
7650,35,0,1.0,3,0.010642,1
7650,36,0,1.0,5,0.02168,1
7650,37,0,1.0,10,0.039782,1
7650,38,0,0.904474,3,0.012793,2
7650,38,1,0.095526,3,0.012793,2
7650,39,0,1.0,2,0.006187,1
7800,5,0,0.904474,18,0.077921,2
7800,5,1,0.095526,21,0.077921,2
7800,6,0,1.0,12,0.050327,1
7800,8,0,1.0,7,0.026167,1
7800,9,0,0.904474,4,0.034536,2
7800,9,1,0.095526,4,0.034536,2
7800,10,0,0.808949,9,0.082905,2
7800,10,1,0.191051,9,0.082905,2
7800,11,0,1.0,9,0.036118,1
7800,12,0,0.904474,6,0.052787,2
7800,12,1,0.095526,6,0.052787,2
7800,14,0,1.0,2,0.008075,1
7800,15,0,1.0,5,0.019725,1
7800,20,0,1.0,13,0.053414,1
7800,21,0,1.0,5,0.021763,1
7800,22,0,1.0,12,0.047735,1
7800,23,0,1.0,13,0.051304,1
7800,25,0,1.0,19,0.074405,1
7800,26,0,1.0,16,0.065714,1
7800,28,0,0.5,18,0.246047,2
7800,28,1,0.5,28,0.246047,2
7800,32,0,0.904474,8,0.059086,2
7800,32,1,0.095526,8,0.059086,2
7800,33,0,1.0,2,0.006583,1
7800,34,0,1.0,8,0.033655,1
7800,35,0,1.0,4,0.014598,1
7800,36,0,1.0,6,0.025724,1
7800,37,0,0.808949,12,0.068163,2
7800,37,1,0.191051,11,0.068163,2
7800,38,0,1.0,4,0.01581,1
7800,39,0,1.0,3,0.010452,1
7950,5,0,0.961527,19,0.077524,2
7950,5,1,0.038473,21,0.077524,2
7950,6,0,1.0,13,0.054537,1
7950,8,0,0.713423,8,0.07587,2
7950,8,1,0.286577,8,0.07587,2
7950,9,0,0.904474,3,0.015231,2
7950,9,1,0.095526,3,0.015231,2
7950,10,0,1.0,8,0.034041,1
7950,11,0,0.540951,11,0.050219,2
7950,11,1,0.459049,10,0.050219,2
7950,12,0,0.904474,7,0.066453,2
7950,12,1,0.095526,7,0.066453,2
7950,14,0,1.0,3,0.012423,1
7950,15,0,1.0,5,0.018305,1
7950,20,0,1.0,12,0.049615,1
7950,21,0,1.0,4,0.017313,1
7950,22,0,1.0,11,0.043907,1
7950,23,0,0.808949,12,0.063904,2
7950,23,1,0.191051,12,0.063904,2
7950,25,0,1.0,19,0.076304,1
7950,26,0,1.0,15,0.062208,1
7950,28,0,0.808949,23,0.166655,2
7950,28,1,0.191051,19,0.166655,2
7950,32,0,0.382102,9,0.103122,3
7950,32,1,0.331321,11,0.103122,3
7950,32,2,0.286577,9,0.103122,3
7950,33,0,1.0,2,0.008912,1
7950,34,0,1.0,8,0.032871,1
7950,35,0,1.0,5,0.018799,1
7950,36,0,1.0,7,0.029858,1
7950,37,0,0.866001,12,0.078368,2
7950,37,1,0.133999,12,0.078368,2
7950,38,0,1.0,5,0.019741,1
7950,39,0,1.0,3,0.012471,1
8100,5,0,0.961527,20,0.081538,2
8100,5,1,0.038473,21,0.081538,2
8100,6,0,1.0,14,0.058936,1
8100,8,0,0.904474,9,0.036304,2
8100,8,1,0.095526,9,0.036304,2
8100,9,0,1.0,2,0.008811,1
8100,10,0,1.0,7,0.029988,1
8100,11,0,1.0,11,0.044559,1
8100,12,0,0.904474,9,0.08351,2
8100,12,1,0.095526,8,0.08351,2
8100,14,0,1.0,4,0.016869,1
8100,15,0,1.0,4,0.015024,1
8100,20,0,1.0,11,0.045967,1
8100,21,0,1.0,3,0.012958,1
8100,22,0,1.0,10,0.040135,1
8100,23,0,1.0,11,0.046171,1
8100,25,0,1.0,20,0.080202,1
8100,28,0,1.0,20,0.079115,1
8100,32,0,0.808949,10,0.092305,2
8100,32,1,0.191051,10,0.092305,2
8100,33,0,1.0,3,0.012634,1
8100,34,0,1.0,9,0.034503,1
8100,35,0,1.0,6,0.023286,1
8100,36,0,1.0,8,0.03409,1
8100,37,0,0.866001,14,0.086275,2
8100,37,1,0.133999,13,0.086275,2
8100,38,0,1.0,6,0.023818,1
8100,39,0,1.0,4,0.016341,1
8250,5,0,0.5,21,0.13882,2
8250,5,1,0.5,23,0.13882,2
8250,6,0,1.0,15,0.063508,1
8250,8,0,0.904474,10,0.066503,2
8250,8,1,0.095526,10,0.066503,2
8250,9,0,1.0,2,0.007226,1
8250,10,0,1.0,6,0.026022,1
8250,11,0,1.0,12,0.048905,1
8250,12,0,1.0,9,0.037632,1
8250,14,0,1.0,5,0.021401,1
8250,15,0,1.0,4,0.016055,1
8250,20,0,0.904474,10,0.053062,2
8250,20,1,0.095526,10,0.053062,2
8250,21,0,1.0,2,0.008701,1
8250,22,0,1.0,9,0.036899,1
8250,23,0,1.0,11,0.044603,1
8250,25,0,1.0,20,0.141614,1
8250,28,0,1.0,19,0.075245,1
8250,32,0,1.0,11,0.043637,1
8250,33,0,1.0,4,0.016389,1
8250,34,0,0.904474,10,0.05785,2
8250,34,1,0.095526,10,0.05785,2
8250,35,0,1.0,8,0.026472,1
8250,36,0,1.0,9,0.03834,1
8250,37,0,1.0,14,0.054201,1
8250,38,0,1.0,6,0.025921,1
8250,39,0,1.0,5,0.020254,1
8400,5,0,1.0,20,0.081875,1
8400,6,0,1.0,17,0.068681,1
8400,8,0,0.904474,11,0.082825,2
8400,8,1,0.095526,11,0.082825,2
8400,9,0,1.0,3,0.01148,1
8400,10,0,1.0,6,0.024142,1
8400,11,0,1.0,14,0.054801,1
8400,12,0,1.0,10,0.041998,1
8400,14,0,1.0,7,0.027488,1
8400,15,0,1.0,5,0.020075,1
8400,20,0,0.961527,9,0.042634,2
8400,20,1,0.038473,12,0.042634,2
8400,21,0,1.0,1,0.00454,1
8400,22,0,1.0,8,0.033156,1
8400,23,0,1.0,10,0.040801,1
8400,25,0,0.712883,19,0.093241,2
8400,25,1,0.287117,20,0.093241,2
8400,28,0,1.0,18,0.071443,1
8400,32,0,1.0,12,0.047858,1
8400,33,0,1.0,5,0.020197,1
8400,34,0,0.904474,11,0.060367,2
8400,34,1,0.095526,11,0.060367,2
8400,35,0,1.0,6,0.020881,1
8400,36,0,1.0,10,0.042555,1
8400,37,0,1.0,14,0.057457,1
8400,38,0,1.0,7,0.029649,1
8400,39,0,1.0,6,0.024135,1
8550,5,0,1.0,19,0.077785,1
8550,6,0,1.0,18,0.073027,1
8550,8,0,0.904474,11,0.098515,2
8550,8,1,0.095526,11,0.098515,2
8550,9,0,1.0,3,0.012194,1
8550,10,0,1.0,7,0.026057,1
8550,11,0,1.0,15,0.058889,1
8550,12,0,1.0,11,0.04645,1
8550,14,0,1.0,8,0.031773,1
8550,15,0,1.0,6,0.024212,1
8550,20,0,1.0,8,0.034652,1
8550,21,0,1.0,1,0.004149,1
8550,22,0,1.0,8,0.029862,1
8550,23,0,1.0,9,0.036924,1
8550,25,0,0.712883,18,0.112129,2
8550,25,1,0.287117,20,0.112129,2
8550,28,0,1.0,17,0.06769,1
8550,32,0,1.0,12,0.050296,1
8550,33,0,0.691051,6,0.034795,2
8550,33,1,0.308949,8,0.034795,2
8550,34,0,0.595526,12,0.058726,2
8550,34,1,0.404474,12,0.058726,2
8550,35,0,1.0,5,0.017281,1
8550,36,0,1.0,11,0.046849,1
8550,37,0,1.0,15,0.061191,1
8550,38,0,1.0,8,0.033416,1
8550,39,0,1.0,7,0.028068,1
8700,5,0,1.0,19,0.076877,1
8700,6,0,1.0,18,0.074608,1
8700,8,0,1.0,12,0.048732,1
8700,9,0,1.0,4,0.01599,1
8700,10,0,0.617898,7,0.063851,3
8700,10,1,0.191051,7,0.063851,3
8700,10,2,0.191051,7,0.063851,3
8700,11,0,0.808949,15,0.128014,2
8700,11,1,0.191051,15,0.128014,2
8700,12,0,1.0,13,0.051933,1
8700,14,0,1.0,8,0.033838,1
8700,15,0,1.0,7,0.028385,1
8700,20,0,1.0,8,0.032455,1
8700,21,0,1.0,2,0.006666,1
8700,22,0,1.0,7,0.02598,1
8700,23,0,1.0,8,0.033135,1
8700,25,0,0.712883,18,0.076177,2
8700,25,1,0.287117,18,0.076177,2
8700,28,0,1.0,16,0.064458,1
8700,32,0,1.0,13,0.053789,1
8700,33,0,1.0,7,0.028122,1
8700,34,0,1.0,12,0.042086,1
8700,35,0,1.0,6,0.020308,1
8700,36,0,1.0,13,0.052056,1
8700,37,0,1.0,16,0.064545,1
8700,38,0,1.0,9,0.037242,1
8700,39,0,1.0,8,0.032081,1
8850,5,0,1.0,18,0.072389,1
8850,6,0,1.0,19,0.078516,1
8850,8,0,1.0,13,0.052571,1
8850,9,0,1.0,5,0.019931,1
8850,10,0,0.808949,8,0.048525,2
8850,10,1,0.191051,8,0.048525,2
8850,11,0,0.808949,16,0.135765,2
8850,11,1,0.191051,16,0.135765,2
8850,12,0,1.0,14,0.055227,1
8850,14,0,1.0,9,0.03769,1
8850,15,0,1.0,8,0.032459,1
8850,20,0,1.0,7,0.028596,1
8850,21,0,1.0,3,0.010059,1
8850,22,0,1.0,6,0.022175,1
8850,23,0,1.0,7,0.029411,1
8850,25,0,0.712883,17,0.070711,2
8850,25,1,0.287117,18,0.070711,2
8850,28,0,0.691051,18,0.086973,2
8850,28,1,0.308949,16,0.086973,2
8850,32,0,1.0,14,0.056811,1
8850,34,0,0.786577,13,0.053804,2
8850,34,1,0.213423,13,0.053804,2
8850,35,0,1.0,7,0.024325,1
8850,36,0,1.0,14,0.056005,1
8850,37,0,1.0,17,0.06831,1
8850,38,0,1.0,10,0.041167,1
9000,5,0,1.0,17,0.06802,1
9000,6,0,0.701464,19,0.15404,2
9000,6,1,0.298536,21,0.15404,2
9000,8,0,1.0,14,0.056498,1
9000,9,0,1.0,6,0.024062,1
9000,10,0,0.509602,9,0.042831,2
9000,10,1,0.490398,9,0.042831,2
9000,11,0,1.0,17,0.064609,1
9000,12,0,0.904474,14,0.259085,2
9000,12,1,0.095526,14,0.259085,2
9000,14,0,1.0,10,0.041601,1
9000,15,0,0.601792,8,0.142882,2
9000,15,1,0.398208,8,0.142882,2
9000,20,0,1.0,6,0.024753,1
9000,21,0,0.808949,4,0.045374,2
9000,21,1,0.191051,4,0.045374,2
9000,22,0,0.605939,5,0.028318,2
9000,22,1,0.394061,5,0.028318,2
9000,23,0,1.0,7,0.026852,1
9000,25,0,0.712883,16,0.070681,2
9000,25,1,0.287117,20,0.070681,2
9000,28,0,0.945852,15,0.059886,2
9000,28,1,0.054148,21,0.059886,2
9000,32,0,1.0,15,0.059947,1
9000,34,0,0.850326,14,0.083342,2
9000,34,1,0.149674,14,0.083342,2
9000,35,0,1.0,7,0.026873,1
9000,36,0,1.0,14,0.057509,1
9000,37,0,1.0,18,0.072127,1
9000,38,0,1.0,11,0.045242,1
9000,40,0,1.0,4,0.014958,1
9000,41,0,1.0,3,0.012816,1
9000,42,0,1.0,13,0.054518,1
9000,43,0,1.0,5,0.020179,1
9000,44,0,1.0,2,0.007867,1
9000,45,0,0.904474,11,0.05672,2
9000,45,1,0.095526,11,0.05672,2
9000,46,0,1.0,1,0.00236,1
9000,47,0,1.0,3,0.011222,1
9000,5,0,1.0,17,0.068087,1
9000,6,0,0.600732,19,0.168888,3
9000,6,1,0.303742,21,0.168888,3
9000,6,2,0.095526,23,0.168888,3
9000,8,0,1.0,14,0.056509,1
9000,9,0,1.0,6,0.024083,1
9000,10,0,0.509602,9,0.074968,2
9000,10,1,0.490398,9,0.074968,2
9000,11,0,0.808949,17,0.293794,2
9000,11,1,0.191051,17,0.293794,2
9000,12,0,1.0,14,0.056851,1
9000,14,0,1.0,10,0.276147,1
9000,15,0,0.5,8,0.157156,2
9000,15,1,0.5,10,0.157156,2
9000,20,0,0.691051,6,0.044807,2
9000,20,1,0.308949,6,0.044807,2
9000,21,0,0.904474,4,0.073558,2
9000,21,1,0.095526,4,0.073558,2
9000,22,0,0.505207,5,0.028348,2
9000,22,1,0.494793,5,0.028348,2
9000,23,0,1.0,7,0.026872,1
9000,25,0,1.0,20,0.110315,1
9000,28,0,1.0,15,0.05738,1
9000,32,0,1.0,15,0.059958,1
9000,34,0,0.904474,14,0.08606,2
9000,34,1,0.095526,14,0.08606,2
9000,35,0,1.0,7,0.027235,1
9000,36,0,0.904474,14,0.093551,2
9000,36,1,0.095526,14,0.093551,2
9000,37,0,1.0,18,0.073698,1
9000,38,0,1.0,11,0.045767,1
9000,40,0,0.904474,7,0.039391,2
9000,40,1,0.095526,5,0.039391,2
9000,41,0,1.0,4,0.015891,1
9000,42,0,1.0,13,0.054733,1
9000,43,0,0.791783,5,0.023349,2
9000,43,1,0.208217,5,0.023349,2
9000,44,0,0.786577,3,0.019645,2
9000,44,1,0.213423,2,0.019645,2
9000,45,0,0.904474,11,0.080859,2
9000,45,1,0.095526,11,0.080859,2
9000,46,0,1.0,1,0.002437,1
9000,47,0,1.0,3,0.011555,1
9150,5,0,1.0,16,0.063873,1
9150,6,0,0.894061,21,0.157414,2
9150,6,1,0.105939,18,0.157414,2
9150,8,0,0.904474,15,0.157157,2
9150,8,1,0.095526,15,0.157157,2
9150,9,0,1.0,7,0.028413,1
9150,10,0,1.0,10,0.034361,1
9150,11,0,1.0,18,0.066637,1
9150,12,0,0.904474,15,0.280067,2
9150,12,1,0.095526,15,0.280067,2
9150,14,0,1.0,11,0.045208,1
9150,15,0,1.0,9,0.036357,1
9150,20,0,1.0,5,0.020893,1
9150,21,0,1.0,4,0.024031,1
9150,22,0,0.989587,4,0.015289,2
9150,22,1,0.010413,4,0.015289,2
9150,23,0,1.0,6,0.022986,1
9150,25,0,1.0,15,0.056842,1
9150,28,0,1.0,14,0.053525,1
9150,34,0,0.904474,15,0.094771,2
9150,34,1,0.095526,15,0.094771,2
9150,35,0,1.0,8,0.030544,1
9150,36,0,1.0,15,0.061411,1
9150,37,0,0.808949,21,0.16146,2
9150,37,1,0.191051,19,0.16146,2
9150,38,0,1.0,11,0.047516,1
9150,40,0,1.0,4,0.015064,1
9150,41,0,1.0,4,0.016831,1
9150,42,0,1.0,12,0.050703,1
9150,43,0,1.0,5,0.01741,1
9150,44,0,1.0,1,0.003586,1
9150,45,0,0.904474,12,0.038623,2
9150,45,1,0.095526,11,0.038623,2
9150,46,0,1.0,1,0.00431,1
9150,47,0,1.0,2,0.007704,1
9300,5,0,1.0,15,0.060136,1
9300,6,0,0.904474,20,0.146544,2
9300,6,1,0.095526,17,0.146544,2
9300,8,0,1.0,16,0.06423,1
9300,9,0,1.0,8,0.0329,1
9300,10,0,1.0,11,0.037401,1
9300,11,0,1.0,19,0.069093,1
9300,12,0,0.904474,16,0.293361,2
9300,12,1,0.095526,16,0.293361,2
9300,14,0,1.0,12,0.048911,1
9300,15,0,1.0,10,0.039638,1
9300,20,0,1.0,4,0.017098,1
9300,21,0,0.904474,5,0.029852,2
9300,21,1,0.095526,5,0.029852,2
9300,22,0,1.0,3,0.012294,1
9300,23,0,1.0,5,0.019725,1
9300,25,0,1.0,14,0.053116,1
9300,28,0,0.5,13,0.074571,2
9300,28,1,0.5,14,0.074571,2
9300,34,0,0.595526,16,0.07637,2
9300,34,1,0.404474,17,0.07637,2
9300,35,0,1.0,9,0.034196,1
9300,36,0,1.0,16,0.065381,1
9300,37,0,0.904474,22,0.174777,2
9300,37,1,0.095526,18,0.174777,2
9300,38,0,1.0,12,0.05126,1
9300,40,0,1.0,5,0.019306,1
9300,41,0,1.0,5,0.020897,1
9300,42,0,1.0,11,0.04696,1
9300,43,0,1.0,4,0.013494,1
9300,44,0,1.0,1,0.004031,1
9300,45,0,1.0,12,0.038474,1
9300,46,0,1.0,2,0.00812,1
9300,47,0,1.0,1,0.004556,1
9450,5,0,0.808949,14,0.389415,2
9450,5,1,0.191051,14,0.389415,2
9450,6,0,1.0,17,0.066875,1
9450,8,0,1.0,17,0.067141,1
9450,9,0,1.0,9,0.037489,1
9450,10,0,0.808949,12,0.075014,2
9450,10,1,0.191051,12,0.075014,2
9450,11,0,1.0,20,0.072267,1
9450,12,0,1.0,17,0.066407,1
9450,14,0,1.0,13,0.052771,1
9450,15,0,0.903469,11,0.10805,2
9450,15,1,0.096531,11,0.10805,2
9450,20,0,1.0,3,0.013346,1
9450,21,0,1.0,6,0.023917,1
9450,22,0,1.0,3,0.009647,1
9450,23,0,0.904474,6,0.044846,2
9450,23,1,0.095526,6,0.044846,2
9450,25,0,1.0,14,0.050687,1
9450,28,0,1.0,12,0.045991,1
9450,34,0,0.713423,17,0.090961,2
9450,34,1,0.286577,17,0.090961,2
9450,35,0,1.0,10,0.03793,1
9450,36,0,1.0,17,0.069453,1
9450,37,0,0.904474,17,0.10493,2
9450,37,1,0.095526,26,0.10493,2
9450,38,0,1.0,13,0.055047,1
9450,40,0,1.0,6,0.023651,1
9450,41,0,0.894061,6,0.148206,2
9450,41,1,0.105939,6,0.148206,2
9450,42,0,1.0,10,0.043269,1
9450,43,0,1.0,3,0.01057,1
9450,44,0,1.0,2,0.007305,1
9450,45,0,0.904474,14,0.07185,2
9450,45,1,0.095526,13,0.07185,2
9450,46,0,1.0,3,0.011993,1
9450,47,0,1.0,1,0.004241,1
9600,5,0,1.0,13,0.053505,1
9600,6,0,1.0,16,0.063068,1
9600,8,0,0.904474,18,0.114403,2
9600,8,1,0.095526,18,0.114403,2
9600,9,0,1.0,11,0.042692,1
9600,10,0,1.0,12,0.044113,1
9600,11,0,1.0,21,0.076393,1
9600,12,0,1.0,18,0.070599,1
9600,14,0,1.0,14,0.056848,1
9600,15,0,0.861768,12,0.117341,2
9600,15,1,0.138232,12,0.117341,2
9600,20,0,0.904474,3,0.011055,2
9600,20,1,0.095526,3,0.011055,2
9600,21,0,1.0,7,0.027488,1
9600,22,0,1.0,2,0.007335,1
9600,23,0,0.904474,8,0.054016,2
9600,23,1,0.095526,8,0.054016,2
9600,25,0,1.0,13,0.046698,1
9600,28,0,0.595526,11,0.06047,2
9600,28,1,0.404474,12,0.06047,2
9600,34,0,1.0,16,0.057875,1
9600,35,0,1.0,11,0.041784,1
9600,37,0,0.666667,29,0.380468,2
9600,37,1,0.333333,16,0.380468,2
9600,38,0,1.0,14,0.058897,1
9600,40,0,1.0,7,0.028088,1
9600,41,0,0.595526,8,0.170387,2
9600,41,1,0.404474,7,0.170387,2
9600,42,0,1.0,10,0.039801,1
9600,43,0,1.0,3,0.010941,1
9600,44,0,1.0,3,0.010829,1
9600,45,0,0.904474,14,0.08269,2
9600,45,1,0.095526,14,0.08269,2
9600,46,0,1.0,4,0.015959,1
9600,47,0,1.0,3,0.067314,1
9750,5,0,1.0,13,0.052499,1
9750,6,0,1.0,15,0.059409,1
9750,8,0,1.0,19,0.073811,1
9750,9,0,1.0,11,0.040462,1
9750,10,0,1.0,13,0.047855,1
9750,11,0,1.0,21,0.07744,1
9750,12,0,1.0,19,0.074928,1
9750,14,0,1.0,14,0.057659,1
9750,15,0,1.0,13,0.145373,1
9750,20,0,1.0,2,0.006859,1
9750,21,0,1.0,8,0.031266,1
9750,22,0,1.0,2,0.008619,1
9750,23,0,1.0,7,0.025882,1
9750,25,0,1.0,12,0.042768,1
9750,28,0,0.595526,11,0.05514,2
9750,28,1,0.404474,11,0.05514,2
9750,34,0,0.691051,15,0.068421,2
9750,34,1,0.308949,15,0.068421,2
9750,35,0,1.0,11,0.044547,1
9750,37,0,0.595526,16,0.111043,2
9750,37,1,0.404474,16,0.111043,2
9750,38,0,1.0,15,0.062848,1
9750,40,0,1.0,8,0.032602,1
9750,41,0,0.595526,9,0.180969,2
9750,41,1,0.404474,8,0.180969,2
9750,42,0,1.0,9,0.035842,1
9750,43,0,1.0,4,0.014598,1
9750,44,0,1.0,4,0.014452,1
9750,45,0,0.904474,15,0.089129,2
9750,45,1,0.095526,15,0.089129,2
9750,46,0,1.0,5,0.020051,1
9750,47,0,1.0,4,0.098969,1
9900,5,0,1.0,12,0.048214,1
9900,6,0,0.5,14,0.069695,2
9900,6,1,0.5,17,0.069695,2
9900,8,0,0.691051,19,0.11093,2
9900,8,1,0.308949,19,0.11093,2
9900,9,0,1.0,10,0.038407,1
9900,10,0,0.808949,14,0.06144,2
9900,10,1,0.191051,14,0.06144,2
9900,11,0,1.0,22,0.081498,1
9900,12,0,1.0,20,0.079393,1
9900,14,0,1.0,15,0.061663,1
9900,15,0,1.0,14,0.155487,1
9900,20,0,1.0,1,0.003636,1
9900,21,0,0.5,8,0.045684,2
9900,21,1,0.5,9,0.045684,2
9900,22,0,1.0,3,0.012634,1
9900,23,0,1.0,8,0.029387,1
9900,25,0,1.0,11,0.038913,1
9900,28,0,0.691051,10,0.045728,2
9900,28,1,0.308949,10,0.045728,2
9900,34,0,1.0,14,0.056078,1
9900,35,0,1.0,12,0.048276,1
9900,37,0,0.595526,15,0.105138,2
9900,37,1,0.404474,15,0.105138,2
9900,38,0,1.0,16,0.066946,1
9900,40,0,0.786577,8,0.076792,2
9900,40,1,0.213423,8,0.076792,2
9900,41,0,0.595526,10,0.201439,2
9900,41,1,0.404474,9,0.201439,2
9900,42,0,1.0,9,0.034711,1
9900,43,0,1.0,5,0.018514,1
9900,44,0,1.0,4,0.017707,1
9900,45,0,0.595526,15,0.072976,2
9900,45,1,0.404474,16,0.072976,2
9900,46,0,1.0,6,0.0243,1
9900,47,0,1.0,5,0.147181,1
10050,5,0,1.0,11,0.044073,1
10050,6,0,0.595526,18,0.07753,2
10050,6,1,0.404474,13,0.07753,2
10050,8,0,0.845526,20,0.096745,2
10050,8,1,0.154474,21,0.096745,2
10050,9,0,1.0,11,0.042268,1
10050,10,0,0.5,15,0.082618,2
10050,10,1,0.5,15,0.082618,2
10050,11,0,1.0,23,0.085576,1
10050,12,0,1.0,20,0.080576,1
10050,14,0,1.0,16,0.065792,1
10050,15,0,1.0,16,0.060016,1
10050,20,0,1.0,1,0.003841,1
10050,21,0,0.404474,9,0.06687,3
10050,21,1,0.382102,10,0.06687,3
10050,21,2,0.213423,12,0.06687,3
10050,22,0,1.0,4,0.016738,1
10050,23,0,0.691051,10,0.060503,3
10050,23,1,0.25,10,0.060503,3
10050,23,2,0.058949,10,0.060503,3
10050,25,0,1.0,10,0.035554,1
10050,28,0,0.845526,9,0.036426,2
10050,28,1,0.154474,9,0.036426,2
10050,34,0,1.0,14,0.057401,1
10050,35,0,1.0,13,0.052078,1
10050,37,0,1.0,14,0.057643,1
10050,38,0,1.0,16,0.069269,1
10050,40,0,1.0,9,0.037566,1
10050,41,0,1.0,11,0.04219,1
10050,42,0,0.845526,10,0.040935,2
10050,42,1,0.154474,10,0.040935,2
10050,43,0,1.0,6,0.022743,1
10050,44,0,1.0,5,0.021448,1
10050,45,0,0.691051,16,0.072951,2
10050,45,1,0.308949,17,0.072951,2
10050,46,0,1.0,6,0.02614,1
10050,47,0,1.0,6,0.024048,1
10200,5,0,1.0,9,0.037798,1
10200,6,0,0.808949,13,0.088891,2
10200,6,1,0.191051,13,0.088891,2
10200,8,0,1.0,21,0.081876,1
10200,9,0,1.0,11,0.044547,1
10200,10,0,0.808949,17,0.097722,2
10200,10,1,0.191051,16,0.097722,2
10200,11,0,1.0,23,0.087312,1
10200,12,0,1.0,21,0.084639,1
10200,14,0,1.0,17,0.070025,1
10200,15,0,1.0,25,0.453019,1
10200,20,0,1.0,2,0.007956,1
10200,21,0,0.808949,11,0.064785,2
10200,21,1,0.191051,10,0.064785,2
10200,22,0,1.0,5,0.020943,1
10200,23,0,0.904474,11,0.061455,2
10200,23,1,0.095526,11,0.061455,2
10200,25,0,1.0,9,0.032433,1
10200,28,0,1.0,8,0.028196,1
10200,34,0,1.0,15,0.061375,1
10200,35,0,1.0,14,0.055822,1
10200,37,0,1.0,12,0.052064,1
10200,38,0,1.0,17,0.073051,1
10200,40,0,1.0,10,0.041796,1
10200,41,0,1.0,12,0.045567,1
10200,42,0,1.0,11,0.038541,1
10200,43,0,1.0,8,0.026774,1
10200,44,0,1.0,6,0.024615,1
10200,45,0,0.904474,17,0.064635,2
10200,45,1,0.095526,20,0.064635,2
10200,46,0,1.0,7,0.029989,1
10200,47,0,1.0,7,0.028242,1
10350,5,0,1.0,8,0.033389,1
10350,6,0,0.904474,12,0.085658,2
10350,6,1,0.095526,12,0.085658,2
10350,8,0,0.595526,23,0.241555,2
10350,8,1,0.404474,29,0.241555,2
10350,9,0,1.0,12,0.048232,1
10350,10,0,1.0,17,0.103452,1
10350,11,0,1.0,22,0.086272,1
10350,12,0,0.5,21,0.135523,2
10350,12,1,0.5,24,0.135523,2
10350,14,0,1.0,18,0.07437,1
10350,15,0,1.0,19,0.391082,1
10350,20,0,1.0,3,0.012196,1
10350,21,0,1.0,11,0.04554,1
10350,22,0,1.0,6,0.025252,1
10350,23,0,1.0,11,0.038863,1
10350,25,0,1.0,9,0.030533,1
10350,28,0,0.595526,7,0.03399,2
10350,28,1,0.404474,7,0.03399,2
10350,34,0,1.0,15,0.064812,1
10350,35,0,1.0,15,0.059369,1
10350,37,0,1.0,11,0.047583,1
10350,38,0,1.0,17,0.071118,1
10350,40,0,1.0,12,0.048588,1
10350,41,0,0.708467,12,0.137611,3
10350,41,1,0.153301,12,0.137611,3
10350,41,2,0.138232,12,0.137611,3
10350,42,0,1.0,11,0.038975,1
10350,43,0,1.0,7,0.023201,1
10350,44,0,1.0,7,0.028378,1
10350,45,0,0.904474,19,0.107708,2
10350,45,1,0.095526,18,0.107708,2
10350,46,0,1.0,8,0.033907,1
10350,47,0,1.0,7,0.030114,1
10500,5,0,1.0,7,0.029071,1
10500,6,0,0.904474,11,0.077192,2
10500,6,1,0.095526,11,0.077192,2
10500,8,0,1.0,24,0.091879,1
10500,9,0,1.0,13,0.051999,1
10500,10,0,1.0,16,0.065239,1
10500,11,0,1.0,21,0.082551,1
10500,12,0,0.808949,23,0.27754,3
10500,12,1,0.095526,21,0.27754,3
10500,12,2,0.095526,23,0.27754,3
10500,14,0,1.0,19,0.078821,1
10500,15,0,0.903469,27,0.334131,2
10500,15,1,0.096531,18,0.334131,2
10500,20,0,1.0,4,0.016568,1
10500,21,0,1.0,12,0.049317,1
10500,22,0,1.0,7,0.029663,1
10500,23,0,1.0,10,0.035285,1
10500,25,0,1.0,8,0.027917,1
10500,28,0,1.0,7,0.02309,1
10500,35,0,1.0,16,0.061995,1
10500,37,0,1.0,10,0.043193,1
10500,38,0,1.0,16,0.067322,1
10500,40,0,1.0,13,0.052513,1
10500,41,0,1.0,13,0.050259,1
10500,43,0,1.0,6,0.020037,1
10500,45,0,0.808949,20,0.248784,3
10500,45,1,0.095526,20,0.248784,3
10500,45,2,0.095526,19,0.248784,3
10500,46,0,0.904474,12,0.082196,2
10500,46,1,0.095526,9,0.082196,2
10500,47,0,1.0,8,0.253546,1
10650,5,0,0.904474,6,0.028426,2
10650,5,1,0.095526,6,0.028426,2
10650,6,0,1.0,10,0.075377,1
10650,8,0,1.0,24,0.091955,1
10650,9,0,1.0,14,0.055863,1
10650,10,0,1.0,16,0.067995,1
10650,11,0,1.0,20,0.078918,1
10650,12,0,0.607484,22,0.12724,2
10650,12,1,0.392516,20,0.12724,2
10650,14,0,0.808949,23,0.167729,2
10650,14,1,0.191051,20,0.167729,2
10650,15,0,0.710408,26,0.267632,2
10650,15,1,0.289592,19,0.267632,2
10650,20,0,1.0,5,0.021065,1
10650,21,0,1.0,13,0.053072,1
10650,22,0,1.0,8,0.034168,1
10650,23,0,1.0,9,0.032185,1
10650,25,0,1.0,7,0.02544,1
10650,28,0,1.0,6,0.020416,1
10650,35,0,1.0,16,0.063154,1
10650,37,0,1.0,9,0.038899,1
10650,38,0,1.0,15,0.063571,1
10650,40,0,1.0,14,0.05643,1
10650,41,0,0.617898,14,0.127484,3
10650,41,1,0.191051,14,0.127484,3
10650,41,2,0.191051,16,0.127484,3
10650,43,0,0.679979,11,0.051652,2
10650,43,1,0.320021,6,0.051652,2
10650,45,0,0.904474,22,0.231127,2
10650,45,1,0.095526,20,0.231127,2
10650,46,0,0.775504,11,0.047886,2
10650,46,1,0.224496,11,0.047886,2
10650,47,0,1.0,9,0.285359,1
10800,5,0,1.0,5,0.020721,1
10800,6,0,1.0,10,0.06876,1
10800,8,0,1.0,24,0.089205,1
10800,9,0,1.0,15,0.059838,1
10800,10,0,0.976082,17,0.074415,2
10800,10,1,0.023918,21,0.074415,2
10800,11,0,1.0,18,0.072471,1
10800,12,0,0.808949,19,0.116685,2
10800,12,1,0.191051,21,0.116685,2
10800,14,0,0.976082,22,0.178826,2
10800,14,1,0.023918,22,0.178826,2
10800,15,0,0.517346,20,0.293786,3
10800,15,1,0.289592,22,0.293786,3
10800,15,2,0.193062,20,0.293786,3
10800,20,0,1.0,5,0.021812,1
10800,21,0,0.808949,16,0.116418,2
10800,21,1,0.191051,13,0.116418,2
10800,22,0,0.904474,16,0.377135,2
10800,22,1,0.095526,9,0.377135,2
10800,23,0,1.0,8,0.029376,1
10800,25,0,0.712883,6,0.041931,2
10800,25,1,0.287117,6,0.041931,2
10800,28,0,1.0,5,0.017573,1
10800,35,0,1.0,17,0.065937,1
10800,37,0,1.0,8,0.034701,1
10800,38,0,1.0,14,0.06029,1
10800,40,0,0.904474,15,0.07068,2
10800,40,1,0.095526,15,0.07068,2
10800,41,0,0.904474,15,0.17958,2
10800,41,1,0.095526,15,0.17958,2
10800,43,0,1.0,7,0.025826,1
10800,45,0,0.904474,20,0.082208,2
10800,45,1,0.095526,22,0.082208,2
10800,46,0,1.0,12,0.044722,1
10800,48,0,1.0,5,0.017634,1
10800,49,0,1.0,3,0.01138,1
10800,50,0,1.0,8,0.031847,1
10800,51,0,1.0,5,0.01942,1
10800,52,0,1.0,2,0.008225,1
10800,53,0,1.0,10,0.057732,1
10800,54,0,1.0,1,0.002328,1
10800,55,0,1.0,3,0.011799,1
10950,5,0,0.595526,4,0.040429,3
10950,5,1,0.308949,4,0.040429,3
10950,5,2,0.095526,4,0.040429,3
10950,6,0,1.0,9,0.065781,1
10950,8,0,1.0,23,0.085431,1
10950,9,0,1.0,15,0.062364,1
10950,10,0,1.0,18,0.075703,1
10950,11,0,1.0,17,0.068496,1
10950,12,0,0.798536,21,0.17404,2
10950,12,1,0.201464,18,0.17404,2
10950,14,0,0.808949,21,0.152187,2
10950,14,1,0.191051,19,0.152187,2
10950,15,0,0.903469,21,0.162313,2
10950,15,1,0.096531,21,0.162313,2
10950,20,0,1.0,6,0.025862,1
10950,21,0,1.0,14,0.060144,1
10950,22,0,1.0,11,0.044633,1
10950,23,0,1.0,7,0.026684,1
10950,25,0,1.0,5,0.019951,1
10950,28,0,1.0,4,0.016138,1
10950,35,0,0.548348,18,0.11951,2
10950,35,1,0.451652,19,0.11951,2
10950,37,0,1.0,7,0.030593,1
10950,38,0,1.0,14,0.057109,1
10950,40,0,1.0,16,0.063214,1
10950,41,0,0.5,18,0.119803,2
10950,41,1,0.5,16,0.119803,2
10950,43,0,1.0,8,0.02956,1
10950,45,0,0.756632,27,0.354229,2
10950,45,1,0.243368,22,0.354229,2
10950,46,0,0.617898,13,0.089511,3
10950,46,1,0.191051,13,0.089511,3
10950,46,2,0.191051,14,0.089511,3
10950,48,0,0.904474,6,0.023545,2
10950,48,1,0.095526,6,0.023545,2
10950,49,0,1.0,2,0.007541,1
10950,50,0,1.0,8,0.033966,1
10950,51,0,0.904474,7,0.037893,2
10950,51,1,0.095526,7,0.037893,2
10950,52,0,1.0,1,0.00468,1
10950,53,0,0.5,11,0.106663,3
10950,53,1,0.404474,11,0.106663,3
10950,53,2,0.095526,11,0.106663,3
10950,54,0,1.0,1,0.003454,1
10950,55,0,1.0,2,0.008238,1
11100,5,0,1.0,4,0.015464,1
11100,6,0,1.0,8,0.056156,1
11100,8,0,1.0,22,0.081981,1
11100,9,0,1.0,16,0.065564,1
11100,10,0,1.0,19,0.128003,1
11100,11,0,1.0,16,0.064604,1
11100,12,0,1.0,17,0.065495,1
11100,14,0,1.0,18,0.070184,1
11100,15,0,1.0,20,0.082646,1
11100,20,0,1.0,7,0.030012,1
11100,21,0,0.904474,15,0.072986,2
11100,21,1,0.095526,18,0.072986,2
11100,22,0,1.0,11,0.046017,1
11100,23,0,1.0,7,0.028047,1
11100,25,0,1.0,5,0.019631,1
11100,28,0,1.0,6,0.022393,1
11100,35,0,1.0,18,0.06892,1
11100,37,0,1.0,7,0.029877,1
11100,38,0,0.595526,13,0.069486,2
11100,38,1,0.404474,15,0.069486,2
11100,40,0,1.0,16,0.063585,1
11100,41,0,1.0,17,0.066451,1
11100,43,0,1.0,9,0.033394,1
11100,48,0,1.0,6,0.024061,1
11100,49,0,1.0,1,0.003769,1
11100,50,0,1.0,9,0.037242,1
11100,51,0,1.0,7,0.028167,1
11100,52,0,1.0,1,0.004027,1
11100,53,0,0.5,12,0.09822,3
11100,53,1,0.308949,13,0.09822,3
11100,53,2,0.191051,12,0.09822,3
11100,54,0,1.0,2,0.007253,1
11100,55,0,1.0,2,0.007458,1
11250,5,0,1.0,3,0.011017,1
11250,6,0,0.595526,7,0.070662,2
11250,6,1,0.404474,7,0.070662,2
11250,8,0,1.0,21,0.078289,1
11250,9,0,1.0,17,0.067085,1
11250,10,0,1.0,20,0.082091,1
11250,11,0,1.0,15,0.060794,1
11250,12,0,0.904474,19,0.091465,2
11250,12,1,0.095526,16,0.091465,2
11250,14,0,1.0,17,0.066345,1
11250,15,0,1.0,19,0.078742,1
11250,20,0,1.0,9,0.032364,1
11250,21,0,0.595526,16,0.107616,2
11250,21,1,0.404474,17,0.107616,2
11250,22,0,1.0,12,0.049391,1
11250,23,0,1.0,8,0.031803,1
11250,25,0,1.0,6,0.023953,1
11250,28,0,1.0,7,0.026516,1
11250,35,0,1.0,17,0.065841,1
11250,37,0,1.0,6,0.025356,1
11250,38,0,0.595526,12,0.060209,2
11250,38,1,0.404474,15,0.060209,2
11250,40,0,1.0,17,0.067182,1
11250,41,0,1.0,18,0.070874,1
11250,43,0,1.0,10,0.037357,1
11250,48,0,1.0,7,0.027937,1
11250,49,0,1.0,1,0.002166,1
11250,50,0,1.0,10,0.040504,1
11250,51,0,1.0,8,0.031897,1
11250,52,0,1.0,2,0.008092,1
11250,53,0,0.5,13,0.061217,2
11250,53,1,0.5,13,0.061217,2
11250,54,0,1.0,3,0.011134,1
11250,55,0,0.5,3,0.021513,2
11250,55,1,0.5,3,0.021513,2
11400,5,0,1.0,4,0.012712,1
11400,6,0,1.0,6,0.038811,1
11400,8,0,0.904474,20,0.079896,2
11400,8,1,0.095526,20,0.079896,2
11400,9,0,1.0,18,0.163992,1
11400,10,0,0.617898,21,0.130347,2
11400,10,1,0.382102,21,0.130347,2
11400,11,0,1.0,15,0.057547,1
11400,12,0,1.0,16,0.058486,1
11400,14,0,1.0,16,0.062569,1
11400,15,0,1.0,18,0.074952,1
11400,20,0,1.0,10,0.03606,1
11400,21,0,0.595526,17,0.112652,2
11400,21,1,0.404474,19,0.112652,2
11400,22,0,1.0,13,0.052894,1
11400,23,0,1.0,9,0.035655,1
11400,25,0,1.0,7,0.028398,1
11400,28,0,1.0,7,0.029331,1
11400,35,0,1.0,16,0.063095,1
11400,37,0,1.0,5,0.020941,1
11400,38,0,0.595526,11,0.074566,3
11400,38,1,0.224496,13,0.074566,3
11400,38,2,0.179979,15,0.074566,3
11400,43,0,1.0,10,0.040151,1
11400,48,0,1.0,8,0.031897,1
11400,49,0,1.0,1,0.004356,1
11400,50,0,0.915547,11,0.052248,2
11400,50,1,0.084453,11,0.052248,2
11400,51,0,1.0,9,0.035695,1
11400,52,0,1.0,3,0.012263,1
11400,53,0,0.5,14,0.067481,2
11400,53,1,0.5,14,0.067481,2
11400,54,0,1.0,4,0.015145,1
11400,55,0,0.961527,4,0.01776,2
11400,55,1,0.038473,4,0.01776,2
11550,5,0,1.0,4,0.015267,1
11550,6,0,1.0,5,0.017741,1
11550,8,0,0.904474,20,0.075983,2
11550,8,1,0.095526,19,0.075983,2
11550,9,0,0.691051,19,0.131415,2
11550,9,1,0.308949,19,0.131415,2
11550,10,0,0.617898,21,0.121327,2
11550,10,1,0.382102,20,0.121327,2
11550,11,0,0.808949,15,0.0767,2
11550,11,1,0.191051,14,0.0767,2
11550,12,0,1.0,15,0.054629,1
11550,14,0,0.808949,18,0.085279,2
11550,14,1,0.191051,15,0.085279,2
11550,15,0,1.0,17,0.071258,1
11550,20,0,1.0,11,0.039873,1
11550,21,0,1.0,17,0.073065,1
11550,22,0,1.0,14,0.056611,1
11550,23,0,1.0,10,0.039626,1
11550,25,0,0.712883,7,0.038402,2
11550,25,1,0.287117,7,0.038402,2
11550,28,0,1.0,8,0.033088,1
11550,35,0,1.0,15,0.061357,1
11550,37,0,1.0,4,0.016642,1
11550,38,0,1.0,10,0.04186,1
11550,43,0,1.0,11,0.043734,1
11550,48,0,1.0,9,0.035956,1
11550,49,0,1.0,2,0.00813,1
11550,50,0,0.786577,12,0.068541,2
11550,50,1,0.213423,12,0.068541,2
11550,51,0,1.0,10,0.039583,1
11550,52,0,1.0,3,0.013375,1
11550,53,0,1.0,15,0.050027,1
11550,54,0,1.0,4,0.017564,1
11550,55,0,1.0,4,0.017425,1
11700,5,0,0.882102,5,0.026907,2
11700,5,1,0.117898,5,0.026907,2
11700,6,0,1.0,4,0.015119,1
11700,8,0,0.713423,19,0.229885,3
11700,8,1,0.191051,19,0.229885,3
11700,8,2,0.095526,18,0.229885,3
11700,9,0,0.904474,17,0.076543,2
11700,9,1,0.095526,20,0.076543,2
11700,10,0,0.617898,22,0.125597,2
11700,10,1,0.382102,19,0.125597,2
11700,11,0,0.764205,13,0.064876,3
11700,11,1,0.191051,16,0.064876,3
11700,11,2,0.044744,15,0.064876,3
11700,12,0,1.0,14,0.050809,1
11700,14,0,0.764205,17,0.081179,2
11700,14,1,0.235795,14,0.081179,2
11700,15,0,1.0,16,0.067637,1
11700,20,0,1.0,11,0.043478,1
11700,21,0,1.0,16,0.069301,1
11700,22,0,1.0,15,0.060625,1
11700,23,0,1.0,10,0.042082,1
11700,25,0,0.712883,8,0.045132,2
11700,25,1,0.287117,8,0.045132,2
11700,28,0,1.0,9,0.036911,1
11700,35,0,1.0,16,0.361034,1
11700,37,0,1.0,3,0.012458,1
11700,38,0,0.904474,10,0.078075,2
11700,38,1,0.095526,9,0.078075,2
11700,43,0,1.0,12,0.047365,1
11700,48,0,1.0,10,0.040121,1
11700,49,0,1.0,3,0.011959,1
11700,50,0,1.0,12,0.050516,1
11700,51,0,1.0,11,0.043583,1
11700,52,0,1.0,4,0.017179,1
11700,53,0,0.977628,15,0.054196,2
11700,53,1,0.022372,15,0.054196,2
11700,54,0,1.0,5,0.021295,1
11700,55,0,1.0,5,0.021491,1
11850,5,0,0.904474,6,0.035746,2
11850,5,1,0.095526,6,0.035746,2
11850,6,0,1.0,4,0.014695,1
11850,8,0,0.595526,18,0.126984,3
11850,8,1,0.308949,18,0.126984,3
11850,8,2,0.095526,17,0.126984,3
11850,9,0,0.5,16,0.120884,3
11850,9,1,0.442948,16,0.120884,3
11850,9,2,0.057052,20,0.120884,3
11850,10,0,1.0,18,0.071864,1
11850,11,0,1.0,14,0.048391,1
11850,12,0,1.0,13,0.047043,1
11850,14,0,0.640042,18,0.105847,3
11850,14,1,0.191051,14,0.105847,3
11850,14,2,0.168907,16,0.105847,3
11850,15,0,1.0,16,0.063566,1
11850,20,0,1.0,12,0.046953,1
11850,21,0,1.0,16,0.066921,1
11850,22,0,0.808949,27,0.358484,2
11850,22,1,0.191051,16,0.358484,2
11850,23,0,0.775504,11,0.089327,2
11850,23,1,0.224496,11,0.089327,2
11850,25,0,1.0,9,0.088561,1
11850,28,0,1.0,10,0.04082,1
11850,35,0,0.89033,14,0.141798,2
11850,35,1,0.10967,14,0.141798,2
11850,37,0,1.0,2,0.008379,1
11850,38,0,1.0,9,0.07379,1
11850,48,0,0.652578,11,0.133435,3
11850,48,1,0.251897,11,0.133435,3
11850,48,2,0.095526,11,0.133435,3
11850,49,0,1.0,4,0.015871,1
11850,50,0,1.0,13,0.05315,1
11850,51,0,0.904474,12,0.12121,2
11850,51,1,0.095526,12,0.12121,2
11850,52,0,1.0,5,0.021032,1
11850,53,0,1.0,16,0.056897,1
11850,54,0,1.0,6,0.02506,1
11850,55,0,0.679979,6,0.049734,3
11850,55,1,0.281548,6,0.049734,3
11850,55,2,0.038473,7,0.049734,3
12000,5,0,0.904474,7,0.039012,2
12000,5,1,0.095526,7,0.039012,2
12000,6,0,0.904474,5,0.026158,2
12000,6,1,0.095526,5,0.026158,2
12000,8,0,0.904474,18,0.104299,2
12000,8,1,0.095526,17,0.104299,2
12000,9,0,1.0,15,0.059635,1
12000,10,0,1.0,18,0.06982,1
12000,11,0,1.0,14,0.048244,1
12000,12,0,1.0,12,0.044203,1
12000,14,0,0.808949,13,0.091495,2
12000,14,1,0.191051,13,0.091495,2
12000,15,0,1.0,16,0.062114,1
12000,20,0,1.0,13,0.049935,1
12000,21,0,1.0,15,0.062856,1
12000,22,0,0.808949,25,0.354441,2
12000,22,1,0.191051,17,0.354441,2
12000,23,0,0.617898,12,0.111262,3
12000,23,1,0.286577,12,0.111262,3
12000,23,2,0.095526,12,0.111262,3
12000,25,0,1.0,10,0.040366,1
12000,28,0,1.0,11,0.044839,1
12000,35,0,0.6,13,0.236737,2
12000,35,1,0.4,13,0.236737,2
12000,37,0,1.0,1,0.004389,1
12000,38,0,0.595526,8,0.101979,2
12000,38,1,0.404474,12,0.101979,2
12000,48,0,1.0,12,0.048762,1
12000,49,0,1.0,5,0.019903,1
12000,50,0,1.0,14,0.056927,1
12000,51,0,1.0,13,0.051733,1
12000,52,0,1.0,6,0.024954,1
12000,53,0,1.0,17,0.060622,1
12000,54,0,1.0,7,0.02888,1
12000,55,0,0.961527,7,0.03779,2
12000,55,1,0.038473,9,0.03779,2
12150,5,0,0.5,8,0.03753,2
12150,5,1,0.5,8,0.03753,2
12150,6,0,1.0,5,0.020964,1
12150,8,0,0.595526,16,0.076719,2
12150,8,1,0.404474,16,0.076719,2
12150,9,0,1.0,14,0.05603,1
12150,10,0,1.0,17,0.06559,1
12150,11,0,1.0,15,0.048312,1
12150,12,0,1.0,12,0.040567,1
12150,14,0,1.0,12,0.044656,1
12150,15,0,0.601792,20,0.112728,3
12150,15,1,0.289592,16,0.112728,3
12150,15,2,0.108615,17,0.112728,3
12150,20,0,1.0,14,0.053773,1
12150,21,0,1.0,14,0.058929,1
12150,22,0,0.713423,25,0.307241,3
12150,22,1,0.191051,17,0.307241,3
12150,22,2,0.095526,25,0.307241,3
12150,23,0,1.0,13,0.052952,1
12150,25,0,1.0,11,0.043719,1
12150,28,0,1.0,12,0.048982,1
12150,35,0,1.0,12,0.04811,1
12150,37,0,1.0,1,0.003224,1
12150,38,0,0.652578,8,0.107747,3
12150,38,1,0.251897,7,0.107747,3
12150,38,2,0.095526,7,0.107747,3
12150,48,0,1.0,13,0.053216,1
12150,49,0,1.0,6,0.024096,1
12150,50,0,0.656371,15,0.139558,2
12150,50,1,0.343629,15,0.139558,2
12150,51,0,0.904474,13,0.061133,2
12150,51,1,0.095526,13,0.061133,2
12150,52,0,0.808949,7,0.037705,2
12150,52,1,0.191051,9,0.037705,2
12150,53,0,0.595526,18,0.079434,2
12150,53,1,0.404474,19,0.079434,2
12150,54,0,1.0,8,0.032784,1
12150,55,0,0.961527,8,0.040677,2
12150,55,1,0.038473,9,0.040677,2
12300,5,0,0.595526,9,0.046114,2
12300,5,1,0.404474,9,0.046114,2
12300,6,0,1.0,6,0.024883,1
12300,8,0,0.939154,15,0.055786,2
12300,8,1,0.060846,16,0.055786,2
12300,9,0,1.0,14,0.053611,1
12300,10,0,0.687258,27,0.314895,2
12300,10,1,0.312742,15,0.314895,2
12300,11,0,1.0,16,0.049818,1
12300,12,0,1.0,11,0.036691,1
12300,14,0,0.808949,11,0.049452,2
12300,14,1,0.191051,11,0.049452,2
12300,15,0,0.913992,15,0.059283,2
12300,15,1,0.086008,23,0.059283,2
12300,20,0,1.0,15,0.057715,1
12300,21,0,1.0,13,0.055094,1
12300,22,0,0.808949,24,0.177218,2
12300,22,1,0.191051,18,0.177218,2
12300,23,0,0.713423,14,0.080828,2
12300,23,1,0.286577,14,0.080828,2
12300,25,0,0.712883,12,0.1122,2
12300,25,1,0.287117,13,0.1122,2
12300,28,0,1.0,13,0.052591,1
12300,35,0,0.670991,12,0.176513,2
12300,35,1,0.329009,11,0.176513,2
12300,37,0,1.0,2,0.005871,1
12300,38,0,0.691051,6,0.031422,2
12300,38,1,0.308949,6,0.031422,2
12300,48,0,0.939154,13,0.080501,2
12300,48,1,0.060846,18,0.080501,2
12300,49,0,1.0,6,0.026203,1
12300,50,0,1.0,21,0.179969,1
12300,51,0,0.904474,14,0.064402,2
12300,51,1,0.095526,14,0.064402,2
12300,52,0,0.808949,10,0.071793,2
12300,52,1,0.191051,8,0.071793,2
12300,53,0,0.691051,19,0.08681,2
12300,53,1,0.308949,20,0.08681,2
12300,54,0,1.0,9,0.036817,1
12300,55,0,1.0,9,0.038138,1
12450,5,0,0.595526,9,0.047461,2
12450,5,1,0.404474,10,0.047461,2
12450,6,0,1.0,7,0.028884,1
12450,8,0,1.0,15,0.049593,1
12450,9,0,1.0,13,0.050502,1
12450,10,0,0.617898,27,0.300586,2
12450,10,1,0.382102,14,0.300586,2
12450,11,0,0.617898,15,0.110721,2
12450,11,1,0.382102,16,0.110721,2
12450,12,0,1.0,10,0.033072,1
12450,14,0,0.808949,10,0.044983,2
12450,14,1,0.191051,10,0.044983,2
12450,15,0,0.913992,14,0.055389,2
12450,15,1,0.086008,14,0.055389,2
12450,20,0,1.0,16,0.061512,1
12450,21,0,1.0,12,0.051317,1
12450,22,0,0.808949,23,0.31178,2
12450,22,1,0.191051,19,0.31178,2
12450,23,0,0.713423,14,0.131715,2
12450,23,1,0.286577,15,0.131715,2
12450,25,0,0.712883,13,0.1243,2
12450,25,1,0.287117,13,0.1243,2
12450,28,0,0.786577,13,0.073123,2
12450,28,1,0.213423,13,0.073123,2
12450,35,0,0.928727,11,0.049919,2
12450,35,1,0.071273,11,0.049919,2
12450,37,0,0.691051,3,0.023407,2
12450,37,1,0.308949,2,0.023407,2
12450,38,0,1.0,5,0.038963,1
12450,48,0,0.904474,14,0.101429,2
12450,48,1,0.095526,17,0.101429,2
12450,49,0,1.0,7,0.030035,1
12450,50,0,0.8,16,0.088325,2
12450,50,1,0.2,20,0.088325,2
12450,51,0,0.904474,15,0.067948,2
12450,51,1,0.095526,17,0.067948,2
12450,53,0,0.808949,22,0.131786,2
12450,53,1,0.191051,19,0.131786,2
12450,54,0,1.0,9,0.039292,1
12450,55,0,1.0,10,0.042471,1
12600,5,0,1.0,11,0.070229,1
12600,6,0,0.5,8,0.136865,2
12600,6,1,0.5,8,0.136865,2
12600,8,0,1.0,14,0.04586,1
12600,9,0,1.0,12,0.04764,1
12600,10,0,0.808949,13,0.112308,2
12600,10,1,0.191051,15,0.112308,2
12600,11,0,1.0,15,0.09508,1
12600,12,0,1.0,9,0.030109,1
12600,14,0,1.0,10,0.065797,1
12600,15,0,1.0,13,0.04713,1
12600,20,0,1.0,16,0.064106,1
12600,21,0,1.0,11,0.047578,1
12600,22,0,1.0,20,0.078902,1
12600,23,0,1.0,15,0.058225,1
12600,25,0,0.712883,15,0.139774,2
12600,25,1,0.287117,15,0.139774,2
12600,28,0,1.0,14,0.05593,1
12600,35,0,1.0,10,0.037741,1
12600,37,0,1.0,3,0.014561,1
12600,38,0,0.904474,5,0.066367,2
12600,38,1,0.095526,5,0.066367,2
12600,48,0,1.0,15,0.060536,1
12600,49,0,1.0,8,0.033931,1
12600,50,0,0.5,17,0.117818,2
12600,50,1,0.5,19,0.117818,2
12600,51,0,1.0,16,0.060924,1
12600,53,0,0.691051,20,0.101511,2
12600,53,1,0.308949,23,0.101511,2
12600,54,0,1.0,10,0.043055,1
12600,55,0,1.0,12,0.047404,1
12600,56,0,1.0,4,0.013874,1
12600,57,0,1.0,5,0.019405,1
12600,58,0,1.0,12,0.051019,1
12600,59,0,1.0,6,0.023101,1
12600,60,0,1.0,3,0.012854,1
12600,61,0,0.808949,10,0.037114,2
12600,61,1,0.191051,10,0.037114,2
12600,62,0,1.0,1,0.00281,1
12600,63,0,1.0,3,0.011317,1
12600,5,0,0.5,10,0.056113,2
12600,5,1,0.5,11,0.056113,2
12600,6,0,0.904474,10,0.058233,2
12600,6,1,0.095526,8,0.058233,2
12600,8,0,1.0,14,0.04587,1
12600,9,0,0.762192,12,0.093433,2
12600,9,1,0.237808,12,0.093433,2
12600,10,0,0.808949,13,0.256823,2
12600,10,1,0.191051,15,0.256823,2
12600,11,0,1.0,15,0.046342,1
12600,12,0,1.0,9,0.030113,1
12600,14,0,1.0,10,0.034685,1
12600,15,0,1.0,13,0.047167,1
12600,20,0,1.0,16,0.06411,1
12600,21,0,1.0,11,0.047588,1
12600,22,0,1.0,27,0.365037,1
12600,23,0,1.0,15,0.059149,1
12600,25,0,1.0,16,0.062881,1
12600,28,0,1.0,14,0.055996,1
12600,35,0,1.0,10,0.03776,1
12600,37,0,0.546757,3,0.015693,2
12600,37,1,0.453243,3,0.015693,2
12600,38,0,0.904474,5,0.033032,2
12600,38,1,0.095526,5,0.033032,2
12600,48,0,0.666667,15,0.089821,2
12600,48,1,0.333333,15,0.089821,2
12600,49,0,1.0,10,0.040206,1
12600,50,0,0.428859,19,0.197544,3
12600,50,1,0.428859,19,0.197544,3
12600,50,2,0.142282,17,0.197544,3
12600,51,0,1.0,18,0.068829,1
12600,53,0,0.904474,23,0.121528,2
12600,53,1,0.095526,20,0.121528,2
12600,54,0,1.0,12,0.049663,1
12600,55,0,1.0,13,0.054607,1
12600,56,0,1.0,4,0.014421,1
12600,57,0,0.953243,6,0.077845,2
12600,57,1,0.046757,6,0.077845,2
12600,58,0,1.0,14,0.056332,1
12600,59,0,1.0,6,0.203127,1
12600,60,0,0.904474,3,0.081285,2
12600,60,1,0.095526,3,0.081285,2
12600,61,0,0.786577,10,0.165377,3
12600,61,1,0.143288,10,0.165377,3
12600,61,2,0.070135,10,0.165377,3
12600,62,0,1.0,1,0.002892,1
12600,63,0,1.0,4,0.015635,1
12750,5,0,0.713423,13,0.12858,2
12750,5,1,0.286577,12,0.12858,2
12750,6,0,1.0,9,0.037184,1
12750,8,0,1.0,13,0.042043,1
12750,9,0,1.0,11,0.044873,1
12750,10,0,0.808949,12,0.108985,2
12750,10,1,0.191051,15,0.108985,2
12750,11,0,0.808949,14,0.073542,2
12750,11,1,0.191051,14,0.073542,2
12750,12,0,1.0,8,0.027596,1
12750,14,0,1.0,9,0.061324,1
12750,15,0,0.710408,13,0.077391,2
12750,15,1,0.289592,13,0.077391,2
12750,20,0,0.607484,18,0.123193,2
12750,20,1,0.392516,17,0.123193,2
12750,21,0,1.0,11,0.045259,1
12750,22,0,1.0,19,0.075008,1
12750,23,0,1.0,16,0.14195,1
12750,25,0,1.0,15,0.13751,1
12750,28,0,1.0,15,0.059193,1
12750,35,0,0.89033,9,0.052037,2
12750,35,1,0.10967,9,0.052037,2
12750,37,0,1.0,4,0.020309,1
12750,38,0,0.808949,4,0.045252,2
12750,38,1,0.191051,4,0.045252,2
12750,48,0,1.0,16,0.064077,1
12750,50,0,1.0,18,0.072658,1
12750,51,0,1.0,17,0.064429,1
12750,53,0,0.808949,22,0.159136,2
12750,53,1,0.191051,21,0.159136,2
12750,54,0,1.0,11,0.04686,1
12750,55,0,1.0,12,0.049326,1
12750,56,0,1.0,3,0.010519,1
12750,57,0,1.0,5,0.021968,1
12750,58,0,1.0,11,0.04683,1
12750,59,0,0.713423,7,0.029701,2
12750,59,1,0.286577,7,0.029701,2
12750,60,0,1.0,4,0.01691,1
12750,61,0,0.904474,11,0.038598,2
12750,61,1,0.095526,11,0.038598,2
12750,62,0,1.0,2,0.006727,1
12750,63,0,1.0,4,0.014796,1
12900,5,0,0.691051,12,0.056811,2
12900,5,1,0.308949,12,0.056811,2
12900,6,0,1.0,10,0.041491,1
12900,8,0,1.0,12,0.038278,1
12900,9,0,1.0,10,0.041821,1
12900,10,0,1.0,11,0.044769,1
12900,11,0,1.0,13,0.041385,1
12900,12,0,1.0,8,0.026865,1
12900,14,0,0.617898,8,0.039441,2
12900,14,1,0.382102,8,0.039441,2
12900,15,0,1.0,12,0.040312,1
12900,20,0,1.0,18,0.069794,1
12900,21,0,1.0,10,0.041201,1
12900,22,0,0.595526,20,0.121185,2
12900,22,1,0.404474,18,0.121185,2
12900,23,0,0.942948,17,0.308816,2
12900,23,1,0.057052,17,0.308816,2
12900,25,0,0.712883,16,0.292678,2
12900,25,1,0.287117,16,0.292678,2
12900,28,0,1.0,16,0.062848,1
12900,35,0,1.0,8,0.030263,1
12900,37,0,0.808949,6,0.061547,2
12900,37,1,0.191051,5,0.061547,2
12900,38,0,1.0,3,0.010555,1
12900,48,0,1.0,18,0.069316,1
12900,50,0,1.0,17,0.07089,1
12900,51,0,1.0,18,0.068584,1
12900,53,0,1.0,23,0.191454,1
12900,54,0,1.0,12,0.050726,1
12900,55,0,0.691051,13,0.084478,2
12900,55,1,0.308949,13,0.084478,2
12900,56,0,1.0,2,0.00775,1
12900,57,0,1.0,6,0.025761,1
12900,58,0,1.0,10,0.042737,1
12900,59,0,0.904474,8,0.048586,2
12900,59,1,0.095526,8,0.048586,2
12900,60,0,1.0,5,0.021061,1
12900,61,0,0.595526,12,0.05583,2
12900,61,1,0.404474,12,0.05583,2
12900,62,0,1.0,3,0.010788,1
12900,63,0,1.0,5,0.018387,1
13050,5,0,0.691051,13,0.061697,2
13050,5,1,0.308949,13,0.061697,2
13050,6,0,1.0,11,0.045896,1
13050,8,0,1.0,11,0.035887,1
13050,9,0,0.847422,10,0.23827,3
13050,9,1,0.095526,9,0.23827,3
13050,9,2,0.057052,10,0.23827,3
13050,10,0,1.0,10,0.041406,1
13050,11,0,1.0,12,0.040319,1
13050,12,0,1.0,7,0.024448,1
13050,14,0,1.0,7,0.023732,1
13050,15,0,1.0,11,0.036913,1
13050,20,0,1.0,19,0.07146,1
13050,21,0,1.0,9,0.037287,1
13050,22,0,0.595526,19,0.107789,2
13050,22,1,0.404474,17,0.107789,2
13050,23,0,0.942948,19,0.152579,2
13050,23,1,0.057052,18,0.152579,2
13050,25,0,1.0,17,0.150132,1
13050,28,0,1.0,17,0.067003,1
13050,35,0,1.0,7,0.026638,1
13050,37,0,0.808949,8,0.075529,2
13050,37,1,0.191051,6,0.075529,2
13050,38,0,1.0,2,0.007019,1
13050,48,0,1.0,19,0.07323,1
13050,50,0,1.0,16,0.067579,1
13050,53,0,1.0,24,0.206563,1
13050,55,0,0.691051,14,0.106631,3
13050,55,1,0.213423,18,0.106631,3
13050,55,2,0.095526,14,0.106631,3
13050,56,0,1.0,2,0.007527,1
13050,57,0,1.0,7,0.175101,1
13050,58,0,1.0,9,0.038734,1
13050,59,0,0.904474,9,0.068881,2
13050,59,1,0.095526,9,0.068881,2
13050,60,0,1.0,6,0.025316,1
13050,61,0,0.595526,13,0.062138,2
13050,61,1,0.404474,13,0.062138,2
13050,62,0,1.0,3,0.01312,1
13050,63,0,1.0,6,0.022172,1
13200,5,0,0.691051,14,0.087744,3
13200,5,1,0.213423,16,0.087744,3
13200,5,2,0.095526,17,0.087744,3
13200,6,0,1.0,12,0.050336,1
13200,8,0,1.0,11,0.033893,1
13200,9,0,1.0,9,0.036421,1
13200,10,0,1.0,10,0.041423,1
13200,11,0,1.0,11,0.039205,1
13200,12,0,1.0,6,0.023677,1
13200,14,0,1.0,6,0.021071,1
13200,15,0,1.0,10,0.034167,1
13200,20,0,0.691051,17,0.102939,2
13200,20,1,0.308949,20,0.102939,2
13200,21,0,1.0,8,0.033465,1
13200,22,0,0.595526,19,0.095175,2
13200,22,1,0.404474,16,0.095175,2
13200,23,0,1.0,18,0.065565,1
13200,25,0,1.0,18,0.16972,1
13200,28,0,1.0,18,0.071387,1
13200,35,0,1.0,6,0.023057,1
13200,37,0,0.5,7,0.068703,2
13200,37,1,0.5,9,0.068703,2
13200,38,0,1.0,1,0.004644,1
13200,48,0,1.0,20,0.077498,1
13200,50,0,1.0,16,0.063875,1
13200,53,0,1.0,22,0.086208,1
13200,55,0,0.691051,15,0.121739,3
13200,55,1,0.183,15,0.121739,3
13200,55,2,0.125948,17,0.121739,3
13200,56,0,1.0,3,0.011663,1
13200,57,0,0.912525,8,0.211025,2
13200,57,1,0.087475,8,0.211025,2
13200,58,0,1.0,9,0.036915,1
13200,59,0,1.0,10,0.040233,1
13200,60,0,0.5,7,0.065248,2
13200,60,1,0.5,8,0.065248,2
13200,61,0,0.595526,14,0.071317,2
13200,61,1,0.404474,14,0.071317,2
13200,62,0,1.0,4,0.016864,1
13200,63,0,1.0,7,0.026226,1
13350,5,0,0.691051,14,0.075146,2
13350,5,1,0.308949,16,0.075146,2
13350,6,0,1.0,14,0.055351,1
13350,8,0,1.0,10,0.032131,1
13350,9,0,1.0,8,0.032548,1
13350,10,0,1.0,9,0.037481,1
13350,11,0,1.0,11,0.040342,1
13350,12,0,0.904474,8,0.037842,2
13350,12,1,0.095526,7,0.037842,2
13350,14,0,1.0,5,0.018332,1
13350,15,0,1.0,9,0.031845,1
13350,20,0,0.706865,16,0.12282,3
13350,20,1,0.195423,21,0.12282,3
13350,20,2,0.097712,24,0.12282,3
13350,21,0,1.0,7,0.0297,1
13350,22,0,0.595526,15,0.07841,2
13350,22,1,0.404474,18,0.07841,2
13350,23,0,0.847422,17,0.110951,2
13350,23,1,0.152578,20,0.110951,2
13350,25,0,1.0,19,0.1769,1
13350,28,0,1.0,19,0.07588,1
13350,35,0,1.0,6,0.020207,1
13350,37,0,1.0,8,0.048803,1
13350,38,0,1.0,3,0.019671,1
13350,48,0,1.0,21,0.081912,1
13350,50,0,0.722009,15,0.089031,2
13350,50,1,0.277991,15,0.089031,2
13350,53,0,0.904474,21,0.121966,2
13350,53,1,0.095526,33,0.121966,2
13350,55,0,0.552807,16,0.212472,2
13350,55,1,0.447193,18,0.212472,2
13350,56,0,1.0,3,0.010144,1
13350,57,0,0.691051,9,0.175218,2
13350,57,1,0.308949,9,0.175218,2
13350,58,0,1.0,8,0.032529,1
13350,59,0,1.0,12,0.046106,1
13350,60,0,1.0,8,0.034134,1
13350,61,0,0.595526,14,0.078736,2
13350,61,1,0.404474,14,0.078736,2
13350,62,0,1.0,5,0.020647,1
13350,63,0,0.904474,7,0.043196,2
13350,63,1,0.095526,7,0.043196,2
13500,5,0,0.713423,24,0.242275,3
13500,5,1,0.152578,15,0.242275,3
13500,5,2,0.133999,16,0.242275,3
13500,6,0,0.5,14,0.164394,3
13500,6,1,0.25,18,0.164394,3
13500,6,2,0.25,18,0.164394,3
13500,8,0,1.0,9,0.031529,1
13500,9,0,1.0,7,0.028668,1
13500,10,0,1.0,8,0.03322,1
13500,11,0,1.0,12,0.044393,1
13500,12,0,0.764205,8,0.055961,2
13500,12,1,0.235795,8,0.055961,2
13500,14,0,1.0,5,0.017488,1
13500,15,0,1.0,8,0.029893,1
13500,20,0,0.808949,15,0.159213,2
13500,20,1,0.191051,15,0.159213,2
13500,21,0,1.0,6,0.025971,1
13500,22,0,0.904474,15,0.059691,2
13500,22,1,0.095526,17,0.059691,2
13500,23,0,1.0,16,0.060415,1
13500,25,0,1.0,22,0.186369,1
13500,28,0,0.65316,21,0.169713,2
13500,28,1,0.34684,20,0.169713,2
13500,35,0,1.0,5,0.017254,1
13500,37,0,0.827528,9,0.057963,3
13500,37,1,0.133999,10,0.057963,3
13500,37,2,0.038473,8,0.057963,3
13500,38,0,0.808949,3,0.048831,2
13500,38,1,0.191051,3,0.048831,2
13500,48,0,0.382102,21,0.234771,3
13500,48,1,0.331321,26,0.234771,3
13500,48,2,0.286577,28,0.234771,3
13500,50,0,1.0,13,0.05602,1
13500,53,0,1.0,21,0.08153,1
13500,55,0,0.713423,19,0.311236,3
13500,55,1,0.191051,17,0.311236,3
13500,55,2,0.095526,24,0.311236,3
13500,56,0,1.0,3,0.010634,1
13500,57,0,0.904474,10,0.058686,2
13500,57,1,0.095526,10,0.058686,2
13500,58,0,1.0,9,0.033879,1
13500,59,0,0.856712,12,0.083859,2
13500,59,1,0.143288,12,0.083859,2
13500,60,0,0.528409,9,0.150435,3
13500,60,1,0.331321,9,0.150435,3
13500,60,2,0.14027,10,0.150435,3
13500,61,0,0.904474,15,0.057421,2
13500,61,1,0.095526,16,0.057421,2
13500,62,0,1.0,6,0.024492,1
13500,63,0,0.713423,8,0.066004,2
13500,63,1,0.286577,10,0.066004,2
13650,5,0,0.904474,16,0.073028,2
13650,5,1,0.095526,16,0.073028,2
13650,6,0,1.0,15,0.05931,1
13650,8,0,1.0,9,0.03434,1
13650,9,0,1.0,6,0.024872,1
13650,10,0,1.0,7,0.028964,1
13650,11,0,1.0,12,0.06243,1
13650,12,0,1.0,10,0.038361,1
13650,14,0,1.0,5,0.019905,1
13650,15,0,1.0,8,0.028559,1
13650,20,0,1.0,15,0.060034,1
13650,21,0,1.0,6,0.023794,1
13650,22,0,0.808949,16,0.087809,2
13650,22,1,0.191051,14,0.087809,2
13650,23,0,1.0,15,0.058426,1
13650,25,0,1.0,21,0.176402,1
13650,28,0,0.808949,26,0.224884,3
13650,28,1,0.095526,22,0.224884,3
13650,28,2,0.095526,28,0.224884,3
13650,35,0,1.0,6,0.020847,1
13650,37,0,0.942948,9,0.060896,2
13650,37,1,0.057052,12,0.060896,2
13650,38,0,0.808949,4,0.022498,2
13650,38,1,0.191051,4,0.022498,2
13650,48,0,0.547763,26,0.216399,3
13650,48,1,0.286577,22,0.216399,3
13650,48,2,0.165661,27,0.216399,3
13650,50,0,0.751897,13,0.058873,2
13650,50,1,0.248103,12,0.058873,2
13650,53,0,1.0,20,0.076997,1
13650,55,0,0.904474,18,0.08456,2
13650,55,1,0.095526,23,0.08456,2
13650,56,0,1.0,4,0.013712,1
13650,57,0,0.808949,15,0.248273,2
13650,57,1,0.191051,11,0.248273,2
13650,58,0,1.0,9,0.034704,1
13650,60,0,0.547763,11,0.102123,2
13650,60,1,0.452237,11,0.102123,2
13650,61,0,0.751897,19,0.185315,3
13650,61,1,0.191051,16,0.185315,3
13650,61,2,0.057052,16,0.185315,3
13650,62,0,1.0,7,0.028434,1
13650,63,0,0.808949,9,0.05741,2
13650,63,1,0.191051,13,0.05741,2
13800,5,0,0.488814,22,0.22811,3
13800,5,1,0.382102,17,0.22811,3
13800,5,2,0.129084,20,0.22811,3
13800,6,0,0.85285,16,0.120066,2
13800,6,1,0.14715,22,0.120066,2
13800,8,0,0.679865,10,0.05409,2
13800,8,1,0.320135,10,0.05409,2
13800,9,0,0.904474,5,0.025641,2
13800,9,1,0.095526,5,0.025641,2
13800,10,0,0.573153,6,0.040716,2
13800,10,1,0.426847,6,0.040716,2
13800,11,0,1.0,13,0.051731,1
13800,12,0,1.0,10,0.041816,1
13800,14,0,0.617898,6,0.062465,2
13800,14,1,0.382102,6,0.062465,2
13800,15,0,1.0,7,0.026085,1
13800,20,0,0.702237,14,0.092527,2
13800,20,1,0.297763,14,0.092527,2
13800,21,0,1.0,5,0.019726,1
13800,22,0,1.0,13,0.049442,1
13800,23,0,0.595526,14,0.180067,2
13800,23,1,0.404474,19,0.180067,2
13800,25,0,1.0,20,0.08187,1
13800,28,0,0.42152,25,0.234488,3
13800,28,1,0.297467,29,0.234488,3
13800,28,2,0.281013,22,0.234488,3
13800,35,0,1.0,6,0.023164,1
13800,37,0,1.0,10,0.065645,1
13800,38,0,0.904474,7,0.155393,2
13800,38,1,0.095526,5,0.155393,2
13800,48,0,0.904474,22,0.097728,2
13800,48,1,0.095526,25,0.097728,2
13800,50,0,1.0,12,0.049414,1
13800,53,0,0.851119,19,0.090381,2
13800,53,1,0.148881,19,0.090381,2
13800,55,0,0.5,22,0.233391,3
13800,55,1,0.404474,23,0.233391,3
13800,55,2,0.095526,19,0.233391,3
13800,56,0,1.0,5,0.017513,1
13800,57,0,1.0,12,0.048298,1
13800,58,0,1.0,10,0.036332,1
13800,59,0,0.851119,14,0.101715,2
13800,59,1,0.148881,16,0.101715,2
13800,60,0,0.808949,11,0.091229,3
13800,60,1,0.095526,11,0.091229,3
13800,60,2,0.095526,17,0.091229,3
13800,61,0,0.713423,17,0.113563,2
13800,61,1,0.286577,19,0.113563,2
13800,62,0,1.0,8,0.032519,1
13800,63,0,1.0,10,0.039677,1
13950,5,0,1.0,18,0.07197,1
13950,8,0,1.0,11,0.041993,1
13950,9,0,1.0,5,0.01856,1
13950,10,0,1.0,5,0.020822,1
13950,12,0,1.0,11,0.045486,1
13950,14,0,0.666667,7,0.039801,2
13950,14,1,0.333333,7,0.039801,2
13950,15,0,1.0,6,0.023914,1
13950,20,0,1.0,13,0.05284,1
13950,21,0,1.0,4,0.015801,1
13950,22,0,1.0,12,0.045695,1
13950,23,0,1.0,14,0.055761,1
13950,25,0,0.712883,19,0.098887,2
13950,25,1,0.287117,19,0.098887,2
13950,28,0,1.0,22,0.084634,1
13950,35,0,1.0,6,0.023284,1
13950,37,0,1.0,11,0.079661,1
13950,38,0,1.0,6,0.02462,1
13950,48,0,1.0,22,0.082822,1
13950,50,0,1.0,12,0.046203,1
13950,53,0,1.0,18,0.06827,1
13950,55,0,0.904474,22,0.150407,2
13950,55,1,0.095526,19,0.150407,2
13950,56,0,1.0,6,0.021287,1
13950,57,0,1.0,12,0.049103,1
13950,58,0,1.0,11,0.038088,1
13950,59,0,1.0,15,0.058462,1
13950,60,0,1.0,12,0.04945,1
13950,61,0,0.904474,20,0.109418,2
13950,61,1,0.095526,18,0.109418,2
13950,62,0,1.0,8,0.034849,1
13950,63,0,1.0,12,0.042115,1
14100,5,0,0.691051,19,0.116742,3
14100,5,1,0.270475,21,0.116742,3
14100,5,2,0.038473,21,0.116742,3
14100,6,0,1.0,30,0.43878,1
14100,8,0,1.0,12,0.045971,1
14100,9,0,1.0,4,0.015527,1
14100,10,0,1.0,4,0.016904,1
14100,11,0,0.739002,15,0.099772,2
14100,11,1,0.260998,15,0.099772,2
14100,12,0,1.0,12,0.049213,1
14100,14,0,1.0,8,0.067336,1
14100,15,0,1.0,6,0.02517,1
14100,20,0,1.0,12,0.049513,1
14100,21,0,1.0,3,0.01197,1
14100,22,0,1.0,11,0.042808,1
14100,23,0,0.595526,13,0.133537,3
14100,23,1,0.270475,15,0.133537,3
14100,23,2,0.133999,13,0.133537,3
14100,25,0,1.0,18,0.076216,1
14100,28,0,0.961527,21,0.084586,2
14100,28,1,0.038473,23,0.084586,2
14100,35,0,1.0,5,0.018788,1
14100,37,0,0.786577,14,0.113864,2
14100,37,1,0.213423,14,0.113864,2
14100,38,0,1.0,7,0.028704,1
14100,48,0,0.595526,23,0.160059,3
14100,48,1,0.311087,21,0.160059,3
14100,48,2,0.093388,21,0.160059,3
14100,50,0,0.5,10,0.070683,2
14100,50,1,0.5,15,0.070683,2
14100,53,0,0.5,17,0.115719,2
14100,53,1,0.5,17,0.115719,2
14100,55,0,0.866001,19,0.086023,2
14100,55,1,0.133999,21,0.086023,2
14100,56,0,1.0,7,0.024995,1
14100,58,0,1.0,12,0.040194,1
14100,59,0,1.0,16,0.060951,1
14100,60,0,0.5,13,0.099888,2
14100,60,1,0.5,13,0.099888,2
14100,61,0,0.595526,22,0.108063,2
14100,61,1,0.404474,19,0.108063,2
14100,62,0,1.0,9,0.038619,1
14100,63,0,0.595526,11,0.077114,3
14100,63,1,0.308949,11,0.077114,3
14100,63,2,0.095526,12,0.077114,3
14250,5,0,0.526648,20,0.134368,2
14250,5,1,0.473352,18,0.134368,2
14250,6,0,1.0,29,0.212143,1
14250,8,0,1.0,13,0.050058,1
14250,9,0,1.0,5,0.0193,1
14250,10,0,1.0,4,0.015149,1
14250,11,0,0.5,16,0.099405,2
14250,11,1,0.5,16,0.099405,2
14250,12,0,1.0,13,0.053018,1
14250,14,0,1.0,9,0.088946,1
14250,15,0,1.0,7,0.029233,1
14250,20,0,1.0,11,0.046187,1
14250,21,0,1.0,2,0.008199,1
14250,22,0,1.0,10,0.039051,1
14250,23,0,1.0,12,0.049098,1
14250,25,0,0.712883,18,0.115127,2
14250,25,1,0.287117,23,0.115127,2
14250,28,0,1.0,20,0.077004,1
14250,35,0,1.0,4,0.014569,1
14250,37,0,0.473352,13,0.150515,3
14250,37,1,0.431122,15,0.150515,3
14250,37,2,0.095526,12,0.150515,3
14250,38,0,1.0,8,0.032917,1
14250,48,0,1.0,20,0.075144,1
14250,53,0,1.0,16,0.061599,1
14250,55,0,0.598337,18,0.130534,2
14250,55,1,0.401663,22,0.130534,2
14250,56,0,1.0,7,0.027852,1
14250,58,0,1.0,13,0.042934,1
14250,59,0,1.0,17,0.06369,1
14250,60,0,1.0,14,0.056658,1
14250,61,0,1.0,19,0.071548,1
14250,63,0,1.0,10,0.038069,1
14400,5,0,1.0,17,0.071746,1
14400,6,0,0.568878,27,0.23052,3
14400,6,1,0.240071,26,0.23052,3
14400,6,2,0.191051,20,0.23052,3
14400,8,0,1.0,14,0.054247,1
14400,9,0,1.0,6,0.023142,1
14400,10,0,1.0,4,0.01645,1
14400,11,0,0.808949,17,0.139932,2
14400,11,1,0.191051,17,0.139932,2
14400,12,0,1.0,14,0.056791,1
14400,14,0,1.0,10,0.110756,1
14400,15,0,1.0,8,0.033397,1
14400,20,0,0.748103,10,0.06857,2
14400,20,1,0.251897,10,0.06857,2
14400,21,0,1.0,1,0.004466,1
14400,22,0,1.0,10,0.035377,1
14400,23,0,1.0,11,0.045288,1
14400,25,0,1.0,17,0.06846,1
14400,28,0,0.691051,19,0.13942,3
14400,28,1,0.213423,27,0.13942,3
14400,28,2,0.095526,21,0.13942,3
14400,35,0,1.0,3,0.010583,1
14400,37,0,0.904474,14,0.123706,2
14400,37,1,0.095526,13,0.123706,2
14400,38,0,1.0,9,0.037264,1
14400,48,0,1.0,19,0.071387,1
14400,53,0,0.846465,15,0.329922,2
14400,53,1,0.153535,15,0.329922,2
14400,55,0,0.595526,18,0.119981,2
14400,55,1,0.404474,20,0.119981,2
14400,56,0,1.0,8,0.031508,1
14400,58,0,0.595526,13,0.069335,2
14400,58,1,0.404474,13,0.069335,2
14400,60,0,1.0,15,0.060675,1
14400,61,0,1.0,20,0.075274,1
14400,63,0,1.0,10,0.040306,1
14550,5,0,0.855455,16,0.130147,2
14550,5,1,0.144545,22,0.130147,2
14550,6,0,0.713423,25,0.302729,3
14550,6,1,0.191051,20,0.302729,3
14550,6,2,0.095526,26,0.302729,3
14550,8,0,1.0,15,0.058526,1
14550,9,0,1.0,6,0.022676,1
14550,10,0,1.0,6,0.030769,1
14550,11,0,1.0,17,0.068816,1
14550,12,0,1.0,15,0.059541,1
14550,14,0,1.0,10,0.042278,1
14550,15,0,0.720931,9,0.050887,2
14550,15,1,0.279069,9,0.050887,2
14550,20,0,1.0,10,0.040255,1
14550,21,0,1.0,1,0.002473,1
14550,22,0,1.0,9,0.031563,1
14550,23,0,1.0,10,0.042048,1
14550,25,0,0.712883,16,0.070651,2
14550,25,1,0.287117,16,0.070651,2
14550,28,0,0.691051,18,0.106242,3
14550,28,1,0.213423,21,0.106242,3
14550,28,2,0.095526,21,0.106242,3
14550,35,0,1.0,4,0.013159,1
14550,37,0,0.904474,16,0.140453,2
14550,37,1,0.095526,14,0.140453,2
14550,38,0,0.904474,9,0.04851,2
14550,38,1,0.095526,9,0.04851,2
14550,48,0,1.0,18,0.068135,1
14550,53,0,0.614141,14,0.227674,2
14550,53,1,0.385859,14,0.227674,2
14550,55,0,0.904474,18,0.094569,2
14550,55,1,0.095526,17,0.094569,2
14550,56,0,1.0,9,0.03521,1
14550,58,0,0.595526,15,0.07748,2
14550,58,1,0.404474,14,0.07748,2
14550,60,0,1.0,19,0.178044,1
14550,61,0,1.0,21,0.078794,1
14550,63,0,1.0,11,0.043922,1
14700,5,0,0.989587,16,0.070561,2
14700,5,1,0.010413,32,0.070561,2
14700,6,0,0.579291,25,0.257102,2
14700,6,1,0.420709,21,0.257102,2
14700,8,0,1.0,15,0.060939,1
14700,9,0,1.0,7,0.026308,1
14700,10,0,0.792714,6,0.036141,2
14700,10,1,0.207286,6,0.036141,2
14700,11,0,0.676675,18,0.133756,2
14700,11,1,0.323325,18,0.133756,2
14700,12,0,1.0,16,0.062351,1
14700,14,0,1.0,11,0.046133,1
14700,15,0,1.0,10,0.100205,1
14700,20,0,1.0,9,0.036256,1
14700,21,0,1.0,1,0.003987,1
14700,22,0,1.0,8,0.027842,1
14700,23,0,0.691051,9,0.044954,2
14700,23,1,0.308949,9,0.044954,2
14700,25,0,1.0,15,0.060755,1
14700,28,0,0.991883,18,0.067078,2
14700,28,1,0.008117,20,0.067078,2
14700,35,0,1.0,4,0.015804,1
14700,37,0,0.904474,16,0.15167,2
14700,37,1,0.095526,15,0.15167,2
14700,38,0,0.587408,10,0.089801,2
14700,38,1,0.412592,10,0.089801,2
14700,48,0,1.0,17,0.064412,1
14700,53,0,0.829728,14,0.069442,2
14700,53,1,0.170272,14,0.069442,2
14700,55,0,0.595526,16,0.075371,2
14700,55,1,0.404474,17,0.075371,2
14700,58,0,0.896357,18,0.21448,2
14700,58,1,0.103643,15,0.21448,2
14700,60,0,0.904474,20,0.178517,2
14700,60,1,0.095526,17,0.178517,2
14700,61,0,1.0,22,0.08257,1
14850,5,0,1.0,15,0.06193,1
14850,6,0,0.473352,24,0.234904,3
14850,6,1,0.431122,21,0.234904,3
14850,6,2,0.095526,24,0.234904,3
14850,8,0,1.0,16,0.064837,1
14850,9,0,1.0,8,0.030286,1
14850,10,0,1.0,7,0.025468,1
14850,12,0,1.0,17,0.065376,1
14850,14,0,1.0,12,0.049715,1
14850,15,0,1.0,11,0.045234,1
14850,20,0,0.904474,8,0.052962,2
14850,20,1,0.095526,12,0.052962,2
14850,21,0,1.0,2,0.007833,1
14850,22,0,0.664403,7,0.032498,2
14850,22,1,0.335597,7,0.032498,2
14850,23,0,1.0,9,0.035111,1
14850,25,0,1.0,15,0.058195,1
14850,28,0,0.568878,17,0.082105,2
14850,28,1,0.431122,19,0.082105,2
14850,35,0,1.0,5,0.019429,1
14850,37,0,0.904474,17,0.157999,2
14850,37,1,0.095526,16,0.157999,2
14850,38,0,1.0,11,0.046226,1
14850,48,0,1.0,17,0.06104,1
14850,53,0,1.0,13,0.050813,1
14850,55,0,1.0,15,0.059243,1
14850,58,0,0.526648,16,0.079028,2
14850,58,1,0.473352,17,0.079028,2
14850,60,0,1.0,21,0.206492,1
14850,61,0,0.664403,22,0.16237,3
14850,61,1,0.191051,24,0.16237,3
14850,61,2,0.144545,30,0.16237,3
15000,5,0,0.904474,14,0.094706,2
15000,5,1,0.095526,20,0.094706,2
15000,6,0,1.0,21,0.080061,1
15000,8,0,1.0,17,0.068821,1
15000,9,0,1.0,9,0.034675,1
15000,10,0,1.0,8,0.028537,1
15000,11,0,1.0,20,0.491998,1
15000,12,0,1.0,17,0.065227,1
15000,14,0,0.75,15,0.341656,2
15000,14,1,0.25,13,0.341656,2
15000,15,0,0.521667,13,0.093493,2
15000,15,1,0.478333,13,0.093493,2
15000,20,0,0.808949,7,0.067447,2
15000,20,1,0.191051,7,0.067447,2
15000,21,0,0.904474,3,0.015119,2
15000,21,1,0.095526,3,0.015119,2
15000,22,0,1.0,6,0.022456,1
15000,23,0,1.0,8,0.031331,1
15000,25,0,1.0,16,0.058723,1
15000,28,0,0.961527,16,0.060771,2
15000,28,1,0.038473,18,0.060771,2
15000,35,0,1.0,6,0.02309,1
15000,37,0,1.0,17,0.070492,1
15000,38,0,1.0,12,0.050154,1
15000,48,0,1.0,16,0.057268,1
15000,53,0,1.0,12,0.046783,1
15000,55,0,0.942948,14,0.058054,2
15000,55,1,0.057052,18,0.058054,2
15000,58,0,0.847422,16,0.099775,2
15000,58,1,0.152578,16,0.099775,2
15000,60,0,0.447071,25,0.320914,3
15000,60,1,0.414697,23,0.320914,3
15000,60,2,0.138232,18,0.320914,3
15000,61,0,0.808949,26,0.190706,2
15000,61,1,0.191051,22,0.190706,2
15150,5,0,0.904474,12,0.063494,2
15150,5,1,0.095526,13,0.063494,2
15150,6,0,1.0,20,0.076128,1
15150,8,0,1.0,18,0.071634,1
15150,9,0,0.691051,11,0.048397,2
15150,9,1,0.308949,11,0.048397,2
15150,10,0,0.808949,9,0.038764,2
15150,10,1,0.191051,9,0.038764,2
15150,11,0,1.0,21,0.075618,1
15150,12,0,1.0,18,0.068562,1
15150,14,0,1.0,14,0.056102,1
15150,15,0,1.0,14,0.052884,1
15150,20,0,0.5,6,0.081529,2
15150,20,1,0.5,6,0.081529,2
15150,21,0,1.0,4,0.01564,1
15150,22,0,1.0,6,0.019875,1
15150,23,0,0.786577,8,0.037146,2
15150,23,1,0.213423,9,0.037146,2
15150,25,0,1.0,17,0.112267,1
15150,28,0,1.0,15,0.055449,1
15150,35,0,1.0,7,0.026809,1
15150,37,0,1.0,17,0.07333,1
15150,38,0,0.904474,16,0.171761,2
15150,38,1,0.095526,13,0.171761,2
15150,48,0,1.0,15,0.053509,1
15150,53,0,1.0,10,0.040504,1
15150,55,0,0.904474,13,0.057482,2
15150,55,1,0.095526,13,0.057482,2
15150,58,0,0.808949,15,0.093535,2
15150,58,1,0.191051,15,0.093535,2
15150,60,0,0.595526,22,0.247234,3
15150,60,1,0.308949,22,0.247234,3
15150,60,2,0.095526,19,0.247234,3
15150,61,0,0.808949,21,0.1885,2
15150,61,1,0.191051,20,0.1885,2
15300,5,0,0.526648,11,0.212776,2
15300,5,1,0.473352,15,0.212776,2
15300,6,0,1.0,19,0.072292,1
15300,8,0,0.664403,19,0.11394,2
15300,8,1,0.335597,20,0.11394,2
15300,9,0,1.0,11,0.038726,1
15300,10,0,1.0,9,0.034611,1
15300,11,0,0.595526,22,0.167652,3
15300,11,1,0.213423,27,0.167652,3
15300,11,2,0.191051,22,0.167652,3
15300,12,0,1.0,19,0.072595,1
15300,14,0,1.0,15,0.059516,1
15300,15,0,1.0,14,0.053246,1
15300,20,0,1.0,6,0.023225,1
15300,21,0,1.0,6,0.019098,1
15300,22,0,1.0,5,0.01703,1
15300,23,0,1.0,9,0.032568,1
15300,25,0,0.602269,16,0.091326,2
15300,25,1,0.397731,16,0.091326,2
15300,28,0,0.904474,15,0.094074,2
15300,28,1,0.095526,14,0.094074,2
15300,35,0,1.0,8,0.030619,1
15300,37,0,0.797763,17,0.090558,2
15300,37,1,0.202237,17,0.090558,2
15300,38,0,0.797763,17,0.160339,2
15300,38,1,0.202237,14,0.160339,2
15300,48,0,0.904474,14,0.092805,2
15300,48,1,0.095526,14,0.092805,2
15300,53,0,1.0,9,0.036197,1
15300,55,0,0.526648,13,0.078457,2
15300,55,1,0.473352,13,0.078457,2
15300,58,0,1.0,15,0.057789,1
15300,60,0,1.0,19,0.077796,1
15300,61,0,0.568878,19,0.236966,2
15300,61,1,0.431122,29,0.236966,2
15450,5,0,0.904474,10,0.07593,2
15450,5,1,0.095526,14,0.07593,2
15450,6,0,1.0,18,0.068526,1
15450,8,0,1.0,21,0.078001,1
15450,9,0,1.0,10,0.035796,1
15450,10,0,1.0,10,0.038314,1
15450,11,0,0.808949,23,0.101759,2
15450,11,1,0.191051,24,0.101759,2
15450,12,0,1.0,20,0.076815,1
15450,14,0,1.0,16,0.063238,1
15450,15,0,1.0,15,0.055639,1
15450,20,0,1.0,5,0.019082,1
15450,21,0,1.0,5,0.02196,1
15450,22,0,1.0,4,0.015602,1
15450,23,0,1.0,10,0.034949,1
15450,25,0,1.0,15,0.051988,1
15450,28,0,0.904474,14,0.091158,2
15450,28,1,0.095526,14,0.091158,2
15450,35,0,1.0,9,0.034564,1
15450,37,0,1.0,16,0.067291,1
15450,38,0,0.808949,16,0.171759,2
15450,38,1,0.191051,15,0.171759,2
15450,48,0,0.904474,14,0.084663,2
15450,48,1,0.095526,13,0.084663,2
15450,53,0,1.0,8,0.031977,1
15450,55,0,0.633999,12,0.076892,2
15450,55,1,0.366001,12,0.076892,2
15450,58,0,1.0,14,0.056284,1
15450,60,0,1.0,19,0.074825,1
15450,61,0,0.664161,18,0.324394,2
15450,61,1,0.335839,18,0.324394,2
15600,5,0,0.526648,9,0.192291,2
15600,5,1,0.473352,15,0.192291,2
15600,6,0,0.622173,17,0.079465,2
15600,6,1,0.377827,20,0.079465,2
15600,8,0,1.0,22,0.080707,1
15600,9,0,1.0,9,0.033159,1
15600,10,0,0.617898,11,0.070835,2
15600,10,1,0.382102,11,0.070835,2
15600,11,0,1.0,23,0.082632,1
15600,12,0,1.0,21,0.081156,1
15600,14,0,0.573153,21,0.145421,2
15600,14,1,0.426847,17,0.145421,2
15600,15,0,1.0,16,0.058469,1
15600,20,0,1.0,4,0.015064,1
15600,21,0,1.0,6,0.025777,1
15600,22,0,1.0,5,0.020063,1
15600,23,0,1.0,11,0.037627,1
15600,25,0,1.0,14,0.048176,1
15600,28,0,0.904474,13,0.049008,2
15600,28,1,0.095526,13,0.049008,2
15600,35,0,1.0,9,0.037244,1
15600,37,0,1.0,15,0.063438,1
15600,38,0,0.568878,16,0.221248,3
15600,38,1,0.404474,25,0.221248,3
15600,38,2,0.026648,16,0.221248,3
15600,48,0,0.904474,12,0.079236,2
15600,48,1,0.095526,12,0.079236,2
15600,53,0,1.0,7,0.027849,1
15600,55,0,0.5,11,0.11064,3
15600,55,1,0.320775,13,0.11064,3
15600,55,2,0.179225,11,0.11064,3
15600,60,0,0.808949,21,0.143802,2
15600,60,1,0.191051,18,0.143802,2
15600,61,0,1.0,17,0.066199,1
15750,5,0,0.931122,8,0.056585,2
15750,5,1,0.068878,14,0.056585,2
15750,6,0,1.0,16,0.061464,1
15750,8,0,1.0,23,0.084355,1
15750,9,0,1.0,8,0.03062,1
15750,10,0,0.808949,12,0.087181,2
15750,10,1,0.191051,12,0.087181,2
15750,11,0,1.0,22,0.080563,1
15750,12,0,1.0,22,0.085615,1
15750,14,0,0.923053,18,0.08298,2
15750,14,1,0.076947,22,0.08298,2
15750,15,0,1.0,17,0.061971,1
15750,20,0,1.0,3,0.011151,1
15750,21,0,1.0,7,0.02965,1
15750,22,0,1.0,6,0.0246,1
15750,23,0,1.0,11,0.037978,1
15750,25,0,1.0,13,0.044374,1
15750,28,0,1.0,12,0.081742,1
15750,35,0,1.0,10,0.041037,1
15750,37,0,1.0,14,0.059654,1
15750,38,0,0.5,17,0.139262,2
15750,38,1,0.5,24,0.139262,2
15750,48,0,0.904474,12,0.074721,2
15750,48,1,0.095526,12,0.074721,2
15750,53,0,1.0,6,0.023809,1
15750,55,0,0.595526,10,0.112735,2
15750,55,1,0.404474,12,0.112735,2
15750,60,0,1.0,17,0.067119,1
15750,61,0,0.711004,18,0.319624,3
15750,61,1,0.167919,16,0.319624,3
15750,61,2,0.121077,16,0.319624,3
15900,5,0,1.0,8,0.034506,1
15900,6,0,1.0,16,0.058258,1
15900,8,0,1.0,23,0.08591,1
15900,9,0,1.0,8,0.03259,1
15900,10,0,0.808949,13,0.095303,2
15900,10,1,0.191051,13,0.095303,2
15900,11,0,1.0,20,0.076434,1
15900,12,0,1.0,23,0.09018,1
15900,14,0,1.0,19,0.074782,1
15900,15,0,1.0,18,0.066153,1
15900,20,0,1.0,3,0.010704,1
15900,21,0,1.0,9,0.032865,1
15900,22,0,1.0,7,0.029278,1
15900,23,0,1.0,10,0.037036,1
15900,25,0,0.801135,12,0.074187,2
15900,25,1,0.198865,12,0.074187,2
15900,28,0,1.0,11,0.077238,1
15900,35,0,1.0,11,0.044702,1
15900,37,0,1.0,13,0.055913,1
15900,38,0,0.595526,18,0.126702,2
15900,38,1,0.404474,23,0.126702,2
15900,48,0,0.904474,11,0.070298,2
15900,48,1,0.095526,11,0.070298,2
15900,53,0,1.0,6,0.02242,1
15900,55,0,0.526648,9,0.053126,2
15900,55,1,0.473352,9,0.053126,2
15900,60,0,0.691051,16,0.081474,2
15900,60,1,0.308949,18,0.081474,2
15900,61,0,0.832081,18,0.337741,2
15900,61,1,0.167919,16,0.337741,2
16050,5,0,0.526648,7,0.153756,2
16050,5,1,0.473352,9,0.153756,2
16050,6,0,1.0,15,0.054339,1
16050,9,0,1.0,9,0.036266,1
16050,10,0,1.0,13,0.053519,1
16050,11,0,1.0,21,0.080308,1
16050,12,0,1.0,23,0.090497,1
16050,14,0,1.0,19,0.076285,1
16050,15,0,1.0,19,0.070491,1
16050,20,0,1.0,4,0.012829,1
16050,21,0,1.0,10,0.036686,1
16050,22,0,1.0,7,0.029521,1
16050,23,0,1.0,9,0.032915,1
16050,25,0,0.712883,12,0.04973,2
16050,25,1,0.287117,12,0.04973,2
16050,28,0,0.595526,10,0.054674,2
16050,28,1,0.404474,10,0.054674,2
16050,35,0,0.89033,12,0.144672,2
16050,35,1,0.10967,12,0.144672,2
16050,37,0,1.0,12,0.0522,1
16050,38,0,0.595526,18,0.123359,2
16050,38,1,0.404474,22,0.123359,2
16050,48,0,1.0,10,0.03202,1
16050,53,0,1.0,5,0.017992,1
16050,55,0,1.0,9,0.031202,1
16050,60,0,0.691051,15,0.074086,2
16050,60,1,0.308949,18,0.074086,2
16050,61,0,1.0,15,0.059054,1
16200,5,0,1.0,14,0.291142,1
16200,6,0,0.894061,14,0.094101,2
16200,6,1,0.105939,14,0.094101,2
16200,8,0,0.5,24,0.314523,3
16200,8,1,0.350689,24,0.314523,3
16200,8,2,0.149311,24,0.314523,3
16200,9,0,1.0,10,0.040016,1
16200,10,0,1.0,14,0.056258,1
16200,11,0,1.0,19,0.076291,1
16200,12,0,1.0,22,0.087479,1
16200,14,0,1.0,21,0.082473,1
16200,15,0,1.0,20,0.074897,1
16200,20,0,1.0,5,0.015979,1
16200,21,0,1.0,11,0.040354,1
16200,22,0,1.0,9,0.036747,1
16200,23,0,1.0,8,0.029268,1
16200,25,0,0.5,11,0.053633,2
16200,25,1,0.5,11,0.053633,2
16200,28,0,0.904474,9,0.056336,2
16200,28,1,0.095526,9,0.056336,2
16200,35,0,1.0,13,0.051854,1
16200,37,0,1.0,12,0.049685,1
16200,38,0,0.894061,21,0.174497,2
16200,38,1,0.105939,19,0.174497,2
16200,48,0,1.0,9,0.029116,1
16200,53,0,1.0,6,0.019169,1
16200,55,0,0.933,8,0.029717,2
16200,55,1,0.067,8,0.029717,2
16200,60,0,1.0,14,0.056317,1
16200,61,0,1.0,14,0.055668,1
16350,5,0,0.524443,5,0.04118,2
16350,5,1,0.475557,6,0.04118,2
16350,6,0,0.798536,13,0.086588,2
16350,6,1,0.201464,13,0.086588,2
16350,8,0,0.61557,23,0.153259,3
16350,8,1,0.26078,24,0.153259,3
16350,8,2,0.12365,23,0.153259,3
16350,9,0,0.894061,11,0.046364,2
16350,9,1,0.105939,11,0.046364,2
16350,10,0,1.0,15,0.059983,1
16350,11,0,1.0,18,0.072011,1
16350,12,0,1.0,21,0.083536,1
16350,14,0,1.0,22,0.086442,1
16350,15,0,0.903469,20,0.106388,2
16350,15,1,0.096531,20,0.106388,2
16350,20,0,1.0,6,0.019464,1
16350,21,0,1.0,12,0.04411,1
16350,22,0,1.0,10,0.040583,1
16350,23,0,1.0,8,0.028717,1
16350,25,0,1.0,10,0.069436,1
16350,28,0,0.904474,9,0.056812,2
16350,28,1,0.095526,9,0.056812,2
16350,35,0,1.0,13,0.054176,1
16350,37,0,1.0,11,0.045796,1
16350,38,0,0.788122,20,0.194576,2
16350,38,1,0.211878,20,0.194576,2
16350,48,0,1.0,8,0.027553,1
16350,53,0,1.0,7,0.021395,1
16350,55,0,0.619969,7,0.053263,2
16350,55,1,0.380031,7,0.053263,2
16350,60,0,1.0,14,0.053035,1
16350,61,0,0.581496,13,0.085823,2
16350,61,1,0.418504,14,0.085823,2
16500,5,0,1.0,4,0.016777,1
16500,6,0,1.0,12,0.087515,1
16500,9,0,1.0,12,0.047832,1
16500,10,0,1.0,16,0.063742,1
16500,11,0,1.0,17,0.067804,1
16500,12,0,1.0,20,0.0797,1
16500,14,0,0.5,26,0.260504,3
16500,14,1,0.308949,25,0.260504,3
16500,14,2,0.191051,22,0.260504,3
16500,15,0,1.0,20,0.078458,1
16500,20,0,1.0,7,0.023408,1
16500,21,0,1.0,11,0.047573,1
16500,22,0,1.0,11,0.044518,1
16500,23,0,1.0,7,0.025225,1
16500,25,0,1.0,9,0.032675,1
16500,28,0,1.0,8,0.027354,1
16500,35,0,1.0,14,0.056739,1
16500,37,0,1.0,10,0.041936,1
16500,38,0,1.0,17,0.069142,1
16500,48,0,1.0,8,0.026085,1
16500,53,0,1.0,8,0.023924,1
16500,55,0,1.0,6,0.02226,1
16500,60,0,1.0,13,0.049173,1
16500,61,0,0.898491,12,0.056235,2
16500,61,1,0.101509,12,0.056235,2
16650,5,0,0.904474,3,0.023942,2
16650,5,1,0.095526,7,0.023942,2
16650,6,0,1.0,12,0.078333,1
16650,8,0,1.0,21,0.168032,1
16650,9,0,1.0,12,0.050358,1
16650,10,0,1.0,17,0.067566,1
16650,11,0,1.0,16,0.063685,1
16650,12,0,1.0,19,0.075971,1
16650,14,0,0.808949,24,0.151093,2
16650,14,1,0.191051,21,0.151093,2
16650,15,0,1.0,19,0.077562,1
16650,20,0,1.0,8,0.027426,1
16650,21,0,1.0,12,0.051473,1
16650,22,0,1.0,12,0.048575,1
16650,23,0,1.0,6,0.021966,1
16650,25,0,1.0,8,0.030702,1
16650,28,0,1.0,7,0.025445,1
16650,35,0,1.0,15,0.059947,1
16650,37,0,1.0,9,0.038146,1
16650,38,0,1.0,16,0.066187,1
16650,48,0,1.0,7,0.025604,1
16650,53,0,1.0,8,0.026093,1
16650,55,0,1.0,5,0.019531,1
16650,60,0,1.0,12,0.045375,1
16650,61,0,1.0,11,0.044374,1
16800,5,0,1.0,2,0.008553,1
16800,6,0,1.0,11,0.036526,1
16800,8,0,1.0,20,0.080535,1
16800,9,0,1.0,13,0.053954,1
16800,10,0,1.0,18,0.071486,1
16800,11,0,1.0,15,0.059665,1
16800,12,0,1.0,18,0.072337,1
16800,14,0,1.0,22,0.15652,1
16800,15,0,1.0,19,0.077375,1
16800,20,0,1.0,8,0.026412,1
16800,21,0,1.0,14,0.054458,1
16800,22,0,1.0,13,0.052613,1
16800,23,0,1.0,5,0.018824,1
16800,25,0,1.0,7,0.028638,1
16800,28,0,1.0,7,0.026808,1
16800,35,0,1.0,16,0.063455,1
16800,37,0,1.0,8,0.034401,1
16800,38,0,0.904474,18,0.112331,2
16800,38,1,0.095526,16,0.112331,2
16800,48,0,1.0,8,0.029832,1
16800,53,0,0.846465,9,0.049805,2
16800,53,1,0.153535,9,0.049805,2
16800,55,0,1.0,4,0.016852,1
16800,60,0,1.0,11,0.041623,1
16800,61,0,0.904474,10,0.047133,2
16800,61,1,0.095526,10,0.047133,2
16950,5,0,1.0,1,0.004574,1
16950,6,0,1.0,10,0.068086,1
16950,8,0,1.0,20,0.076651,1
16950,9,0,1.0,14,0.057206,1
16950,10,0,1.0,18,0.074688,1
16950,11,0,1.0,14,0.055747,1
16950,12,0,1.0,18,0.068334,1
16950,14,0,0.946704,20,0.079198,2
16950,14,1,0.053296,21,0.079198,2
16950,15,0,1.0,18,0.073356,1
16950,20,0,1.0,6,0.021479,1
16950,21,0,1.0,15,0.058275,1
16950,22,0,1.0,14,0.056053,1
16950,23,0,1.0,5,0.019605,1
16950,25,0,1.0,7,0.028826,1
16950,28,0,1.0,8,0.030782,1
16950,35,0,1.0,17,0.067305,1
16950,37,0,1.0,7,0.030685,1
16950,38,0,0.622173,15,0.074919,2
16950,38,1,0.377827,17,0.074919,2
16950,48,0,1.0,9,0.034156,1
16950,53,0,1.0,10,0.033102,1
16950,55,0,1.0,4,0.016607,1
16950,60,0,1.0,10,0.0387,1
16950,61,0,1.0,9,0.036613,1
17100,5,0,1.0,1,0.003274,1
17100,6,0,0.622173,9,0.040526,2
17100,6,1,0.377827,9,0.040526,2
17100,8,0,0.904474,19,0.126837,2
17100,8,1,0.095526,19,0.126837,2
17100,9,0,1.0,15,0.05918,1
17100,10,0,1.0,19,0.07843,1
17100,11,0,1.0,13,0.051927,1
17100,12,0,1.0,17,0.064265,1
17100,14,0,0.946704,19,0.074475,2
17100,14,1,0.053296,20,0.074475,2
17100,15,0,1.0,17,0.069489,1
17100,20,0,1.0,7,0.025006,1
17100,21,0,1.0,16,0.062042,1
17100,22,0,1.0,14,0.056164,1
17100,23,0,1.0,6,0.023418,1
17100,25,0,1.0,8,0.033133,1
17100,28,0,1.0,9,0.034886,1
17100,35,0,1.0,18,0.071233,1
17100,37,0,1.0,7,0.028165,1
17100,38,0,1.0,17,0.08355,1
17100,48,0,1.0,9,0.036229,1
17100,53,0,1.0,11,0.036863,1
17100,55,0,0.961527,5,0.021733,2
17100,55,1,0.038473,5,0.021733,2
17100,60,0,1.0,10,0.035156,1
17100,61,0,1.0,9,0.034284,1
17250,5,0,1.0,2,0.005804,1
17250,6,0,1.0,8,0.051364,1
17250,8,0,1.0,18,0.068647,1
17250,9,0,1.0,16,0.061042,1
17250,10,0,1.0,19,0.077667,1
17250,11,0,1.0,12,0.048194,1
17250,12,0,1.0,16,0.060318,1
17250,14,0,0.946704,18,0.070679,2
17250,14,1,0.053296,19,0.070679,2
17250,15,0,1.0,16,0.065757,1
17250,20,0,1.0,8,0.02878,1
17250,21,0,1.0,17,0.065763,1
17250,22,0,1.0,15,0.059307,1
17250,23,0,1.0,7,0.027347,1
17250,25,0,1.0,9,0.037534,1
17250,28,0,1.0,10,0.039121,1
17250,35,0,1.0,18,0.069866,1
17250,37,0,1.0,6,0.024378,1
17250,38,0,0.622173,13,0.061831,2
17250,38,1,0.377827,16,0.061831,2
17250,48,0,1.0,10,0.040164,1
17250,53,0,1.0,12,0.040686,1
17250,55,0,0.961527,6,0.026868,2
17250,55,1,0.038473,6,0.026868,2
17250,60,0,1.0,9,0.031288,1
17250,61,0,0.904474,8,0.057095,2
17250,61,1,0.095526,8,0.057095,2
17400,5,0,0.526648,3,0.01986,2
17400,5,1,0.473352,2,0.01986,2
17400,6,0,1.0,7,0.024652,1
17400,8,0,0.87103,17,0.069314,2
17400,8,1,0.12897,17,0.069314,2
17400,9,0,1.0,16,0.061856,1
17400,10,0,1.0,17,0.072085,1
17400,11,0,1.0,11,0.044531,1
17400,12,0,1.0,15,0.056508,1
17400,14,0,0.640042,20,0.083059,2
17400,14,1,0.359958,17,0.083059,2
17400,15,0,1.0,14,0.05906,1
17400,20,0,1.0,9,0.032688,1
17400,21,0,1.0,16,0.06936,1
17400,22,0,1.0,16,0.062805,1
17400,23,0,0.679979,8,0.100725,2
17400,23,1,0.320021,7,0.100725,2
17400,25,0,1.0,10,0.042016,1
17400,28,0,1.0,10,0.041702,1
17400,35,0,0.89033,18,0.159667,2
17400,35,1,0.10967,18,0.159667,2
17400,37,0,1.0,5,0.020546,1
17400,38,0,0.915547,12,0.052331,2
17400,38,1,0.084453,13,0.052331,2
17400,48,0,1.0,11,0.044185,1
17400,53,0,1.0,12,0.044464,1
17400,55,0,0.961527,7,0.032089,2
17400,55,1,0.038473,7,0.032089,2
17400,60,0,1.0,8,0.027585,1
17400,61,0,0.775504,7,0.043487,2
17400,61,1,0.224496,7,0.043487,2
17550,5,0,0.526648,3,0.013194,2
17550,5,1,0.473352,3,0.013194,2
17550,6,0,1.0,7,0.023861,1
17550,8,0,1.0,16,0.061143,1
17550,9,0,1.0,17,0.064007,1
17550,10,0,1.0,16,0.067667,1
17550,11,0,1.0,11,0.04072,1
17550,12,0,1.0,15,0.053769,1
17550,14,0,0.946704,17,0.063953,2
17550,14,1,0.053296,19,0.063953,2
17550,15,0,1.0,13,0.054916,1
17550,20,0,1.0,9,0.035305,1
17550,21,0,1.0,18,0.071101,1
17550,22,0,1.0,17,0.066782,1
17550,23,0,0.904474,8,0.050411,2
17550,23,1,0.095526,9,0.050411,2
17550,25,0,0.712883,12,0.066583,2
17550,25,1,0.287117,12,0.066583,2
17550,28,0,1.0,11,0.045536,1
17550,35,0,1.0,17,0.066513,1
17550,37,0,1.0,4,0.016737,1
17550,38,0,0.622173,12,0.06118,2
17550,38,1,0.377827,12,0.06118,2
17550,48,0,1.0,12,0.048297,1
17550,53,0,1.0,13,0.047446,1
17550,55,0,1.0,9,0.036081,1
17550,60,0,1.0,7,0.024321,1
17550,61,0,0.904474,6,0.034365,2
17550,61,1,0.095526,6,0.034365,2
17700,5,0,0.526648,4,0.016824,2
17700,5,1,0.473352,4,0.016824,2
17700,6,0,1.0,6,0.023098,1
17700,8,0,0.904474,14,0.081553,2
17700,8,1,0.095526,14,0.081553,2
17700,9,0,1.0,18,0.066269,1
17700,10,0,1.0,15,0.063343,1
17700,11,0,1.0,11,0.039615,1
17700,12,0,1.0,15,0.052741,1
17700,14,0,0.946704,16,0.060706,2
17700,14,1,0.053296,20,0.060706,2
17700,15,0,1.0,14,0.054556,1
17700,20,0,1.0,10,0.039048,1
17700,21,0,1.0,17,0.071798,1
17700,22,0,1.0,18,0.071119,1
17700,23,0,1.0,9,0.037199,1
17700,25,0,0.712883,12,0.103307,2
17700,25,1,0.287117,12,0.103307,2
17700,28,0,1.0,12,0.049453,1
17700,35,0,0.89033,18,0.311641,2
17700,35,1,0.10967,16,0.311641,2
17700,37,0,0.904474,4,0.054505,2
17700,37,1,0.095526,3,0.054505,2
17700,38,0,0.622173,11,0.056909,2
17700,38,1,0.377827,11,0.056909,2
17700,48,0,1.0,13,0.052499,1
17700,53,0,1.0,14,0.051185,1
17700,55,0,1.0,9,0.195968,1
17700,60,0,0.904474,6,0.04016,2
17700,60,1,0.095526,6,0.04016,2
17700,61,0,1.0,4,0.015368,1
17850,5,0,0.526648,5,0.021712,2
17850,5,1,0.473352,5,0.021712,2
17850,6,0,1.0,7,0.027363,1
17850,8,0,0.775504,13,0.060172,2
17850,8,1,0.224496,15,0.060172,2
17850,9,0,1.0,17,0.065603,1
17850,10,0,1.0,14,0.059121,1
17850,11,0,1.0,12,0.040854,1
17850,12,0,1.0,15,0.04987,1
17850,14,0,0.946704,15,0.056592,2
17850,14,1,0.053296,15,0.056592,2
17850,15,0,1.0,14,0.05367,1
17850,20,0,1.0,11,0.042873,1
17850,21,0,1.0,17,0.068436,1
17850,22,0,1.0,19,0.075573,1
17850,23,0,0.775504,10,0.097793,2
17850,23,1,0.224496,10,0.097793,2
17850,25,0,1.0,13,0.052095,1
17850,28,0,1.0,13,0.053466,1
17850,35,0,1.0,15,0.058876,1
17850,37,0,1.0,3,0.010276,1
17850,38,0,0.622173,10,0.051293,2
17850,38,1,0.377827,10,0.051293,2
17850,48,0,1.0,15,0.058865,1
17850,53,0,1.0,15,0.054969,1
17850,55,0,0.813978,10,0.197301,2
17850,55,1,0.186022,10,0.197301,2
17850,60,0,1.0,6,0.020129,1
17850,61,0,1.0,5,0.016357,1
18000,5,0,0.526648,6,0.028361,2
18000,5,1,0.473352,6,0.028361,2
18000,6,0,1.0,8,0.031725,1
18000,8,0,1.0,16,0.103941,1
18000,9,0,1.0,17,0.062572,1
18000,10,0,1.0,13,0.054995,1
18000,11,0,1.0,13,0.041774,1
18000,12,0,1.0,14,0.045934,1
18000,14,0,1.0,14,0.050171,1
18000,15,0,1.0,15,0.054123,1
18000,20,0,1.0,12,0.046607,1
18000,21,0,1.0,16,0.064533,1
18000,22,0,1.0,20,0.080135,1
18000,23,0,1.0,11,0.044346,1
18000,25,0,1.0,14,0.054226,1
18000,28,0,1.0,14,0.057373,1
18000,35,0,1.0,14,0.055105,1
18000,37,0,1.0,2,0.006424,1
18000,38,0,0.595526,9,0.04648,2
18000,38,1,0.404474,9,0.04648,2
18000,48,0,1.0,16,0.062774,1
18000,53,0,1.0,16,0.058681,1
18000,55,0,0.961527,11,0.052895,2
18000,55,1,0.038473,11,0.052895,2
18000,60,0,1.0,5,0.017132,1
18000,61,0,1.0,6,0.018369,1
