t,link_id,type,node_a,node_b,dist_km,available,elevation_deg
0,0,ISL,0,1,11987.52,1,
0,1,ISL,1,2,11987.52,1,
0,2,ISL,2,0,11987.52,1,
0,3,ISL,3,4,11987.52,1,
0,4,ISL,4,5,11987.52,1,
0,5,ISL,5,3,11987.52,1,
0,6,ISL,0,3,11987.52,1,
0,7,ISL,1,4,11987.52,1,
0,8,ISL,2,5,7214.27,1,
0,45,GSL,0,6,11962.83,0,-62.99
0,46,GSL,1,6,1203.37,1,22.48
0,47,GSL,2,6,10996.01,0,-54.17
0,48,GSL,3,6,7053.06,0,-28.18
0,49,GSL,4,6,11962.83,0,-62.99
0,50,GSL,5,6,8521.43,0,-36.97
0,51,GSL,0,7,5742.82,0,-20.54
0,52,GSL,1,7,13086.05,0,-79.47
0,53,GSL,2,7,7825.91,0,-32.74
0,54,GSL,3,7,10487.14,0,-50.2
0,55,GSL,4,7,5742.82,0,-20.54
0,56,GSL,5,7,11068.4,0,-54.77
10,0,ISL,0,1,11987.52,1,
10,1,ISL,1,2,11987.52,1,
10,2,ISL,2,0,11987.52,1,
10,3,ISL,3,4,11987.52,1,
10,4,ISL,4,5,11987.52,1,
10,5,ISL,5,3,11987.52,1,
10,6,ISL,0,3,11938.72,1,
10,7,ISL,1,4,12035.52,1,
10,8,ISL,2,5,7215.29,1,
10,45,GSL,0,6,11932.46,0,-62.67
10,46,GSL,1,6,1147.27,1,24.21
10,47,GSL,2,6,11034.93,0,-54.49
10,48,GSL,3,6,7082.15,0,-28.35
10,49,GSL,4,6,11970.16,0,-63.06
10,50,GSL,5,6,8486.93,0,-36.76
10,51,GSL,0,7,5799.71,0,-20.87
10,52,GSL,1,7,13092.73,0,-79.64
10,53,GSL,2,7,7772.61,0,-32.42
10,54,GSL,3,7,10462.04,0,-50.02
10,55,GSL,4,7,5746.27,0,-20.56
10,56,GSL,5,7,11090.35,0,-54.95
20,0,ISL,0,1,11987.52,1,
20,1,ISL,1,2,11987.52,1,
20,2,ISL,2,0,11987.52,1,
20,3,ISL,3,4,11987.52,1,
20,4,ISL,4,5,11987.52,1,
20,5,ISL,5,3,11987.52,1,
20,6,ISL,0,3,11889.12,1,
20,7,ISL,1,4,12082.7,1,
20,8,ISL,2,5,7218.34,1,
20,45,GSL,0,6,11901.77,0,-62.36
20,46,GSL,1,6,1092.69,1,26.06
20,47,GSL,2,6,11073.55,0,-54.81
20,48,GSL,3,6,7111.47,0,-28.52
20,49,GSL,4,6,11977.24,0,-63.14
20,50,GSL,5,6,8452.37,0,-36.55
20,51,GSL,0,7,5856.56,0,-21.2
20,52,GSL,1,7,13099.06,0,-79.81
20,53,GSL,2,7,7719.12,0,-32.11
20,54,GSL,3,7,10436.73,0,-49.83
20,55,GSL,4,7,5750.24,0,-20.58
20,56,GSL,5,7,11112.11,0,-55.13
30,0,ISL,0,1,11987.52,1,
30,1,ISL,1,2,11987.52,1,
30,2,ISL,2,0,11987.52,1,
30,3,ISL,3,4,11987.52,1,
30,4,ISL,4,5,11987.52,1,
30,5,ISL,5,3,11987.52,1,
30,6,ISL,0,3,11838.74,1,
30,7,ISL,1,4,12129.04,1,
30,8,ISL,2,5,7223.43,1,
30,45,GSL,0,6,11870.75,0,-62.04
30,46,GSL,1,6,1039.87,1,28.04
30,47,GSL,2,6,11111.87,0,-55.13
30,48,GSL,3,6,7141.01,0,-28.69
30,49,GSL,4,6,11984.05,0,-63.21
30,50,GSL,5,6,8417.73,0,-36.33
30,51,GSL,0,7,5913.38,0,-21.53
30,52,GSL,1,7,13105.05,0,-79.97
30,53,GSL,2,7,7665.46,0,-31.79
30,54,GSL,3,7,10411.22,0,-49.64
30,55,GSL,4,7,5754.76,0,-20.61
30,56,GSL,5,7,11133.69,0,-55.31
40,0,ISL,0,1,11987.52,1,
40,1,ISL,1,2,11987.52,1,
40,2,ISL,2,0,11987.52,1,
40,3,ISL,3,4,11987.52,1,
40,4,ISL,4,5,11987.52,1,
40,5,ISL,5,3,11987.52,1,
40,6,ISL,0,3,11787.59,1,
40,7,ISL,1,4,12174.53,1,
40,8,ISL,2,5,7230.54,1,
40,45,GSL,0,6,11839.4,0,-61.73
40,46,GSL,1,6,989.1,1,30.16
40,47,GSL,2,6,11149.88,0,-55.45
40,48,GSL,3,6,7170.78,0,-28.87
40,49,GSL,4,6,11990.61,0,-63.28
40,50,GSL,5,6,8383.02,0,-36.12
40,51,GSL,0,7,5970.15,0,-21.87
40,52,GSL,1,7,13110.7,0,-80.12
40,53,GSL,2,7,7611.61,0,-31.47
40,54,GSL,3,7,10385.5,0,-49.45
40,55,GSL,4,7,5759.8,0,-20.64
40,56,GSL,5,7,11155.08,0,-55.49
50,0,ISL,0,1,11987.52,1,
50,1,ISL,1,2,11987.52,1,
50,2,ISL,2,0,11987.52,1,
50,3,ISL,3,4,11987.52,1,
50,4,ISL,4,5,11987.52,1,
50,5,ISL,5,3,11987.52,1,
50,6,ISL,0,3,11735.69,1,
50,7,ISL,1,4,12219.17,1,
50,8,ISL,2,5,7239.66,1,
50,45,GSL,0,6,11807.73,0,-61.41
50,46,GSL,1,6,940.72,1,32.42
50,47,GSL,2,6,11187.59,0,-55.76
50,48,GSL,3,6,7200.76,0,-29.04
50,49,GSL,4,6,11996.9,0,-63.34
50,50,GSL,5,6,8348.24,0,-35.91
50,51,GSL,0,7,6026.88,0,-22.2
50,52,GSL,1,7,13116.0,0,-80.27
50,53,GSL,2,7,7557.58,0,-31.15
50,54,GSL,3,7,10359.57,0,-49.26
50,55,GSL,4,7,5765.38,0,-20.67
50,56,GSL,5,7,11176.28,0,-55.67
60,0,ISL,0,1,11987.52,1,
60,1,ISL,1,2,11987.52,1,
60,2,ISL,2,0,11987.52,1,
60,3,ISL,3,4,11987.52,1,
60,4,ISL,4,5,11987.52,1,
60,5,ISL,5,3,11987.52,1,
60,6,ISL,0,3,11683.05,1,
60,7,ISL,1,4,12262.93,1,
60,8,ISL,2,5,7250.79,1,
60,45,GSL,0,6,11775.73,0,-61.1
60,46,GSL,1,6,895.13,1,34.8
60,47,GSL,2,6,11225.0,0,-56.08
60,48,GSL,3,6,7230.95,0,-29.22
60,49,GSL,4,6,12002.93,0,-63.41
60,50,GSL,5,6,8313.4,0,-35.69
60,51,GSL,0,7,6083.56,0,-22.53
60,52,GSL,1,7,13120.95,0,-80.41
60,53,GSL,2,7,7503.37,0,-30.82
60,54,GSL,3,7,10333.45,0,-49.06
60,55,GSL,4,7,5771.48,0,-20.7
60,56,GSL,5,7,11197.3,0,-55.85
70,0,ISL,0,1,11987.52,1,
70,1,ISL,1,2,11987.52,1,
70,2,ISL,2,0,11987.52,1,
70,3,ISL,3,4,11987.52,1,
70,4,ISL,4,5,11987.52,1,
70,5,ISL,5,3,11987.52,1,
70,6,ISL,0,3,11629.7,1,
70,7,ISL,1,4,12305.81,1,
70,8,ISL,2,5,7263.9,1,
70,45,GSL,0,6,11743.4,0,-60.78
70,46,GSL,1,6,852.77,1,37.29
70,47,GSL,2,6,11262.1,0,-56.4
70,48,GSL,3,6,7261.34,0,-29.4
70,49,GSL,4,6,12008.7,0,-63.47
70,50,GSL,5,6,8278.5,0,-35.48
70,51,GSL,0,7,6140.18,0,-22.86
70,52,GSL,1,7,13125.56,0,-80.54
70,53,GSL,2,7,7448.99,0,-30.5
70,54,GSL,3,7,10307.12,0,-48.87
70,55,GSL,4,7,5778.12,0,-20.74
70,56,GSL,5,7,11218.12,0,-56.02
80,0,ISL,0,1,11987.52,1,
80,1,ISL,1,2,11987.52,1,
80,2,ISL,2,0,11987.52,1,
80,3,ISL,3,4,11987.52,1,
80,4,ISL,4,5,11987.52,1,
80,5,ISL,5,3,11987.52,1,
80,6,ISL,0,3,11575.64,1,
80,7,ISL,1,4,12347.8,1,
80,8,ISL,2,5,7278.99,1,
80,45,GSL,0,6,11710.76,0,-60.47
80,46,GSL,1,6,814.15,1,39.85
80,47,GSL,2,6,11298.89,0,-56.72
80,48,GSL,3,6,7291.94,0,-29.58
80,49,GSL,4,6,12014.21,0,-63.52
80,50,GSL,5,6,8243.55,0,-35.27
80,51,GSL,0,7,6196.74,0,-23.19
80,52,GSL,1,7,13129.83,0,-80.66
80,53,GSL,2,7,7394.43,0,-30.18
80,54,GSL,3,7,10280.59,0,-48.68
80,55,GSL,4,7,5785.28,0,-20.78
80,56,GSL,5,7,11238.76,0,-56.2
90,0,ISL,0,1,11987.52,1,
90,1,ISL,1,2,11987.52,1,
90,2,ISL,2,0,11987.52,1,
90,3,ISL,3,4,11987.52,1,
90,4,ISL,4,5,11987.52,1,
90,5,ISL,5,3,11987.52,1,
90,6,ISL,0,3,11520.89,1,
90,7,ISL,1,4,12388.88,1,
90,8,ISL,2,5,7296.03,1,
90,45,GSL,0,6,11677.78,0,-60.15
90,46,GSL,1,6,779.84,1,42.42
90,47,GSL,2,6,11335.38,0,-57.03
90,48,GSL,3,6,7322.72,0,-29.76
90,49,GSL,4,6,12019.45,0,-63.58
90,50,GSL,5,6,8208.55,0,-35.05
90,51,GSL,0,7,6253.24,0,-23.52
90,52,GSL,1,7,13133.75,0,-80.77
90,53,GSL,2,7,7339.71,0,-29.86
90,54,GSL,3,7,10253.86,0,-48.48
90,55,GSL,4,7,5792.97,0,-20.83
90,56,GSL,5,7,11259.2,0,-56.37
100,0,ISL,0,1,11987.52,1,
100,1,ISL,1,2,11987.52,1,
100,2,ISL,2,0,11987.52,1,
100,3,ISL,3,4,11987.52,1,
100,4,ISL,4,5,11987.52,1,
100,5,ISL,5,3,11987.52,1,
100,6,ISL,0,3,11465.47,1,
100,7,ISL,1,4,12429.04,1,
100,8,ISL,2,5,7315.0,1,
100,45,GSL,0,6,11644.49,0,-59.84
100,46,GSL,1,6,750.44,1,44.88
100,47,GSL,2,6,11371.56,0,-57.35
100,48,GSL,3,6,7353.69,0,-29.94
100,49,GSL,4,6,12024.43,0,-63.63
100,50,GSL,5,6,8173.5,0,-34.84
100,51,GSL,0,7,6309.67,0,-23.84
100,52,GSL,1,7,13137.32,0,-80.88
100,53,GSL,2,7,7284.82,0,-29.54
100,54,GSL,3,7,10226.93,0,-48.29
100,55,GSL,4,7,5801.18,0,-20.88
100,56,GSL,5,7,11279.44,0,-56.55
110,0,ISL,0,1,11987.52,1,
110,1,ISL,1,2,11987.52,1,
110,2,ISL,2,0,11987.52,1,
110,3,ISL,3,4,11987.52,1,
110,4,ISL,4,5,11987.52,1,
110,5,ISL,5,3,11987.52,1,
110,6,ISL,0,3,11409.39,1,
110,7,ISL,1,4,12468.28,1,
110,8,ISL,2,5,7335.87,1,
110,45,GSL,0,6,11610.87,0,-59.52
110,46,GSL,1,6,726.54,1,47.11
110,47,GSL,2,6,11407.43,0,-57.67
110,48,GSL,3,6,7384.85,0,-30.12
110,49,GSL,4,6,12029.14,0,-63.68
110,50,GSL,5,6,8138.4,0,-34.63
110,51,GSL,0,7,6366.03,0,-24.17
110,52,GSL,1,7,13140.54,0,-80.97
110,53,GSL,2,7,7229.76,0,-29.21
110,54,GSL,3,7,10199.81,0,-48.09
110,55,GSL,4,7,5809.92,0,-20.93
110,56,GSL,5,7,11299.49,0,-56.72
120,0,ISL,0,1,11987.52,1,
120,1,ISL,1,2,11987.52,1,
120,2,ISL,2,0,11987.52,1,
120,3,ISL,3,4,11987.52,1,
120,4,ISL,4,5,11987.52,1,
120,5,ISL,5,3,11987.52,1,
120,6,ISL,0,3,11352.67,1,
120,7,ISL,1,4,12506.58,1,
120,8,ISL,2,5,7358.63,1,
120,45,GSL,0,6,11576.94,0,-59.21
120,46,GSL,1,6,708.7,1,48.93
120,47,GSL,2,6,11442.99,0,-57.99
120,48,GSL,3,6,7416.17,0,-30.31
120,49,GSL,4,6,12033.59,0,-63.73
120,50,GSL,5,6,8103.26,0,-34.41
120,51,GSL,0,7,6422.31,0,-24.5
120,52,GSL,1,7,13143.42,0,-81.06
120,53,GSL,2,7,7174.53,0,-28.89
120,54,GSL,3,7,10172.49,0,-47.9
120,55,GSL,4,7,5819.17,0,-20.98
120,56,GSL,5,7,11319.34,0,-56.89
130,0,ISL,0,1,11987.52,1,
130,1,ISL,1,2,11987.52,1,
130,2,ISL,2,0,11987.52,1,
130,3,ISL,3,4,11987.52,1,
130,4,ISL,4,5,11987.52,1,
130,5,ISL,5,3,11987.52,1,
130,6,ISL,0,3,11295.34,1,
130,7,ISL,1,4,12543.94,1,
130,8,ISL,2,5,7383.23,1,
130,45,GSL,0,6,11542.68,0,-58.89
130,46,GSL,1,6,697.4,1,50.17
130,47,GSL,2,6,11478.23,0,-58.3
130,48,GSL,3,6,7447.67,0,-30.49
130,49,GSL,4,6,12037.77,0,-63.78
130,50,GSL,5,6,8068.09,0,-34.2
130,51,GSL,0,7,6478.51,0,-24.83
130,52,GSL,1,7,13145.96,0,-81.14
130,53,GSL,2,7,7119.15,0,-28.56
130,54,GSL,3,7,10144.97,0,-47.7
130,55,GSL,4,7,5828.94,0,-21.04
130,56,GSL,5,7,11338.99,0,-57.07
140,0,ISL,0,1,11987.52,1,
140,1,ISL,1,2,11987.52,1,
140,2,ISL,2,0,11987.52,1,
140,3,ISL,3,4,11987.52,1,
140,4,ISL,4,5,11987.52,1,
140,5,ISL,5,3,11987.52,1,
140,6,ISL,0,3,11237.4,1,
140,7,ISL,1,4,12580.34,1,
140,8,ISL,2,5,7409.66,1,
140,45,GSL,0,6,11508.1,0,-58.57
140,46,GSL,1,6,692.95,1,50.68
140,47,GSL,2,6,11513.17,0,-58.62
140,48,GSL,3,6,7479.34,0,-30.68
140,49,GSL,4,6,12041.68,0,-63.82
140,50,GSL,5,6,8032.88,0,-33.99
140,51,GSL,0,7,6534.63,0,-25.15
140,52,GSL,1,7,13148.14,0,-81.2
140,53,GSL,2,7,7063.61,0,-28.24
140,54,GSL,3,7,10117.27,0,-47.5
140,55,GSL,4,7,5839.22,0,-21.1
140,56,GSL,5,7,11358.44,0,-57.24
150,0,ISL,0,1,11987.52,1,
150,1,ISL,1,2,11987.52,1,
150,2,ISL,2,0,11987.52,1,
150,3,ISL,3,4,11987.52,1,
150,4,ISL,4,5,11987.52,1,
150,5,ISL,5,3,11987.52,1,
150,6,ISL,0,3,11178.88,1,
150,7,ISL,1,4,12615.77,1,
150,8,ISL,2,5,7437.88,1,
150,45,GSL,0,6,11473.21,0,-58.26
150,46,GSL,1,6,695.48,1,50.39
150,47,GSL,2,6,11547.79,0,-58.94
150,48,GSL,3,6,7511.16,0,-30.87
150,49,GSL,4,6,12045.33,0,-63.86
150,50,GSL,5,6,7997.64,0,-33.77
150,51,GSL,0,7,6590.66,0,-25.48
150,52,GSL,1,7,13149.98,0,-81.26
150,53,GSL,2,7,7007.91,0,-27.91
150,54,GSL,3,7,10089.37,0,-47.3
150,55,GSL,4,7,5850.01,0,-21.16
150,56,GSL,5,7,11377.69,0,-57.41
160,0,ISL,0,1,11987.52,1,
160,1,ISL,1,2,11987.52,1,
160,2,ISL,2,0,11987.52,1,
160,3,ISL,3,4,11987.52,1,
160,4,ISL,4,5,11987.52,1,
160,5,ISL,5,3,11987.52,1,
160,6,ISL,0,3,11119.8,1,
160,7,ISL,1,4,12650.23,1,
160,8,ISL,2,5,7467.85,1,
160,45,GSL,0,6,11438.0,0,-57.94
160,46,GSL,1,6,704.93,1,49.34
160,47,GSL,2,6,11582.09,0,-59.25
160,48,GSL,3,6,7543.14,0,-31.06
160,49,GSL,4,6,12048.71,0,-63.89
160,50,GSL,5,6,7962.38,0,-33.56
160,51,GSL,0,7,6646.6,0,-25.8
160,52,GSL,1,7,13151.48,0,-81.31
160,53,GSL,2,7,6952.05,0,-27.59
160,54,GSL,3,7,10061.28,0,-47.1
160,55,GSL,4,7,5861.3,0,-21.23
160,56,GSL,5,7,11396.73,0,-57.57
170,0,ISL,0,1,11987.52,1,
170,1,ISL,1,2,11987.52,1,
170,2,ISL,2,0,11987.52,1,
170,3,ISL,3,4,11987.52,1,
170,4,ISL,4,5,11987.52,1,
170,5,ISL,5,3,11987.52,1,
170,6,ISL,0,3,11060.18,1,
170,7,ISL,1,4,12683.71,1,
170,8,ISL,2,5,7499.55,1,
170,45,GSL,0,6,11402.48,0,-57.62
170,46,GSL,1,6,721.02,1,47.66
170,47,GSL,2,6,11616.08,0,-59.57
170,48,GSL,3,6,7575.26,0,-31.25
170,49,GSL,4,6,12051.82,0,-63.93
170,50,GSL,5,6,7927.09,0,-33.35
170,51,GSL,0,7,6702.44,0,-26.13
170,52,GSL,1,7,13152.62,0,-81.34
170,53,GSL,2,7,6896.05,0,-27.26
170,54,GSL,3,7,10033.0,0,-46.9
170,55,GSL,4,7,5873.1,0,-21.3
170,56,GSL,5,7,11415.57,0,-57.74
180,0,ISL,0,1,11987.52,1,
180,1,ISL,1,2,11987.52,1,
180,2,ISL,2,0,11987.52,1,
180,3,ISL,3,4,11987.52,1,
180,4,ISL,4,5,11987.52,1,
180,5,ISL,5,3,11987.52,1,
180,6,ISL,0,3,11000.03,1,
180,7,ISL,1,4,12716.2,1,
180,8,ISL,2,5,7532.92,1,
180,45,GSL,0,6,11366.64,0,-57.31
180,46,GSL,1,6,743.31,1,45.52
180,47,GSL,2,6,11649.75,0,-59.89
180,48,GSL,3,6,7607.53,0,-31.44
180,49,GSL,4,6,12054.66,0,-63.96
180,50,GSL,5,6,7891.79,0,-33.14
180,51,GSL,0,7,6758.18,0,-26.45
180,52,GSL,1,7,13153.42,0,-81.37
180,53,GSL,2,7,6839.89,0,-26.93
180,54,GSL,3,7,10004.53,0,-46.7
180,55,GSL,4,7,5885.4,0,-21.37
180,56,GSL,5,7,11434.2,0,-57.91
190,0,ISL,0,1,11987.52,1,
190,1,ISL,1,2,11987.52,1,
190,2,ISL,2,0,11987.52,1,
190,3,ISL,3,4,11987.52,1,
190,4,ISL,4,5,11987.52,1,
190,5,ISL,5,3,11987.52,1,
190,6,ISL,0,3,10939.37,1,
190,7,ISL,1,4,12747.69,1,
190,8,ISL,2,5,7567.94,1,
190,45,GSL,0,6,11330.49,0,-56.99
190,46,GSL,1,6,771.28,1,43.11
190,47,GSL,2,6,11683.1,0,-60.2
190,48,GSL,3,6,7639.94,0,-31.63
190,49,GSL,4,6,12057.23,0,-63.98
190,50,GSL,5,6,7856.47,0,-32.93
190,51,GSL,0,7,6813.83,0,-26.78
190,52,GSL,1,7,13153.87,0,-81.38
190,53,GSL,2,7,6783.59,0,-26.6
190,54,GSL,3,7,9975.88,0,-46.5
190,55,GSL,4,7,5898.19,0,-21.45
190,56,GSL,5,7,11452.63,0,-58.07
200,0,ISL,0,1,11987.52,1,
200,1,ISL,1,2,11987.52,1,
200,2,ISL,2,0,11987.52,1,
200,3,ISL,3,4,11987.52,1,
200,4,ISL,4,5,11987.52,1,
200,5,ISL,5,3,11987.52,1,
200,6,ISL,0,3,10878.24,1,
200,7,ISL,1,4,12778.17,1,
200,8,ISL,2,5,7604.57,1,
200,45,GSL,0,6,11294.02,0,-56.67
200,46,GSL,1,6,804.31,1,40.56
200,47,GSL,2,6,11716.14,0,-60.52
200,48,GSL,3,6,7672.48,0,-31.83
200,49,GSL,4,6,12059.53,0,-64.01
200,50,GSL,5,6,7821.15,0,-32.71
200,51,GSL,0,7,6869.36,0,-27.1
200,52,GSL,1,7,13153.97,0,-81.38
200,53,GSL,2,7,6727.15,0,-26.27
200,54,GSL,3,7,9947.04,0,-46.3
200,55,GSL,4,7,5911.48,0,-21.52
200,56,GSL,5,7,11470.85,0,-58.24
210,0,ISL,0,1,11987.52,1,
210,1,ISL,1,2,11987.52,1,
210,2,ISL,2,0,11987.52,1,
210,3,ISL,3,4,11987.52,1,
210,4,ISL,4,5,11987.52,1,
210,5,ISL,5,3,11987.52,1,
210,6,ISL,0,3,10816.64,1,
210,7,ISL,1,4,12807.64,1,
210,8,ISL,2,5,7642.76,1,
210,45,GSL,0,6,11257.24,0,-56.36
210,46,GSL,1,6,841.82,1,37.99
210,47,GSL,2,6,11748.85,0,-60.84
210,48,GSL,3,6,7705.15,0,-32.02
210,49,GSL,4,6,12061.56,0,-64.03
210,50,GSL,5,6,7785.82,0,-32.5
210,51,GSL,0,7,6924.79,0,-27.43
210,52,GSL,1,7,13153.73,0,-81.38
210,53,GSL,2,7,6670.56,0,-25.94
210,54,GSL,3,7,9918.02,0,-46.1
210,55,GSL,4,7,5925.26,0,-21.6
210,56,GSL,5,7,11488.86,0,-58.4
220,0,ISL,0,1,11987.52,1,
220,1,ISL,1,2,11987.52,1,
220,2,ISL,2,0,11987.52,1,
220,3,ISL,3,4,11987.52,1,
220,4,ISL,4,5,11987.52,1,
220,5,ISL,5,3,11987.52,1,
220,6,ISL,0,3,10754.61,1,
220,7,ISL,1,4,12836.08,1,
220,8,ISL,2,5,7682.48,1,
220,45,GSL,0,6,11220.15,0,-56.04
220,46,GSL,1,6,883.24,1,35.47
220,47,GSL,2,6,11781.24,0,-61.15
220,48,GSL,3,6,7737.95,0,-32.22
220,49,GSL,4,6,12063.32,0,-64.05
220,50,GSL,5,6,7750.49,0,-32.29
220,51,GSL,0,7,6980.11,0,-27.75
220,52,GSL,1,7,13153.14,0,-81.36
220,53,GSL,2,7,6613.83,0,-25.61
220,54,GSL,3,7,9888.82,0,-45.89
220,55,GSL,4,7,5939.51,0,-21.69
220,56,GSL,5,7,11506.65,0,-58.56
230,0,ISL,0,1,11987.52,1,
230,1,ISL,1,2,11987.52,1,
230,2,ISL,2,0,11987.52,1,
230,3,ISL,3,4,11987.52,1,
230,4,ISL,4,5,11987.52,1,
230,5,ISL,5,3,11987.52,1,
230,6,ISL,0,3,10692.16,1,
230,7,ISL,1,4,12863.51,1,
230,8,ISL,2,5,7723.68,1,
230,45,GSL,0,6,11182.75,0,-55.72
230,46,GSL,1,6,928.02,1,33.05
230,47,GSL,2,6,11813.32,0,-61.47
230,48,GSL,3,6,7770.86,0,-32.41
230,49,GSL,4,6,12064.81,0,-64.07
230,50,GSL,5,6,7715.16,0,-32.08
230,51,GSL,0,7,7035.31,0,-28.07
230,52,GSL,1,7,13152.2,0,-81.33
230,53,GSL,2,7,6556.97,0,-25.28
230,54,GSL,3,7,9859.44,0,-45.69
230,55,GSL,4,7,5954.25,0,-21.77
230,56,GSL,5,7,11524.23,0,-58.72
240,0,ISL,0,1,11987.52,1,
240,1,ISL,1,2,11987.52,1,
240,2,ISL,2,0,11987.52,1,
240,3,ISL,3,4,11987.52,1,
240,4,ISL,4,5,11987.52,1,
240,5,ISL,5,3,11987.52,1,
240,6,ISL,0,3,10629.31,1,
240,7,ISL,1,4,12889.89,1,
240,8,ISL,2,5,7766.31,1,
240,45,GSL,0,6,11145.05,0,-55.41
240,46,GSL,1,6,975.72,1,30.76
240,47,GSL,2,6,11845.06,0,-61.78
240,48,GSL,3,6,7803.88,0,-32.61
240,49,GSL,4,6,12066.03,0,-64.08
240,50,GSL,5,6,7679.84,0,-31.87
240,51,GSL,0,7,7090.39,0,-28.39
240,52,GSL,1,7,13150.91,0,-81.29
240,53,GSL,2,7,6499.98,0,-24.95
240,54,GSL,3,7,9829.88,0,-45.49
240,55,GSL,4,7,5969.47,0,-21.86
240,56,GSL,5,7,11541.6,0,-58.88
250,0,ISL,0,1,11987.52,1,
250,1,ISL,1,2,11987.52,1,
250,2,ISL,2,0,11987.52,1,
250,3,ISL,3,4,11987.52,1,
250,4,ISL,4,5,11987.52,1,
250,5,ISL,5,3,11987.52,1,
250,6,ISL,0,3,10566.1,1,
250,7,ISL,1,4,12915.24,1,
250,8,ISL,2,5,7810.34,1,
250,45,GSL,0,6,11107.03,0,-55.09
250,46,GSL,1,6,1025.91,1,28.6
250,47,GSL,2,6,11876.49,0,-62.1
250,48,GSL,3,6,7837.01,0,-32.81
250,49,GSL,4,6,12066.98,0,-64.09
250,50,GSL,5,6,7644.54,0,-31.66
250,51,GSL,0,7,7145.35,0,-28.72
250,52,GSL,1,7,13149.27,0,-81.24
250,53,GSL,2,7,6442.85,0,-24.62
250,54,GSL,3,7,9800.14,0,-45.28
250,55,GSL,4,7,5985.15,0,-21.95
250,56,GSL,5,7,11558.76,0,-59.04
260,0,ISL,0,1,11987.52,1,
260,1,ISL,1,2,11987.52,1,
260,2,ISL,2,0,11987.52,1,
260,3,ISL,3,4,11987.52,1,
260,4,ISL,4,5,11987.52,1,
260,5,ISL,5,3,11987.52,1,
260,6,ISL,0,3,10502.54,1,
260,7,ISL,1,4,12939.54,1,
260,8,ISL,2,5,7855.72,1,
260,45,GSL,0,6,11068.71,0,-54.77
260,46,GSL,1,6,1078.24,1,26.58
260,47,GSL,2,6,11907.59,0,-62.42
260,48,GSL,3,6,7870.25,0,-33.01
260,49,GSL,4,6,12067.65,0,-64.1
260,50,GSL,5,6,7609.25,0,-31.45
260,51,GSL,0,7,7200.19,0,-29.04
260,52,GSL,1,7,13147.28,0,-81.18
260,53,GSL,2,7,6385.6,0,-24.29
260,54,GSL,3,7,9770.23,0,-45.08
260,55,GSL,4,7,6001.3,0,-22.05
260,56,GSL,5,7,11575.69,0,-59.19
270,0,ISL,0,1,11987.52,1,
270,1,ISL,1,2,11987.52,1,
270,2,ISL,2,0,11987.52,1,
270,3,ISL,3,4,11987.52,1,
270,4,ISL,4,5,11987.52,1,
270,5,ISL,5,3,11987.52,1,
270,6,ISL,0,3,10438.65,1,
270,7,ISL,1,4,12962.78,1,
270,8,ISL,2,5,7902.4,1,
270,45,GSL,0,6,11030.08,0,-54.45
270,46,GSL,1,6,1132.42,1,24.69
270,47,GSL,2,6,11938.37,0,-62.73
270,48,GSL,3,6,7903.58,0,-33.21
270,49,GSL,4,6,12068.05,0,-64.1
270,50,GSL,5,6,7573.98,0,-31.24
270,51,GSL,0,7,7254.9,0,-29.36
270,52,GSL,1,7,13144.95,0,-81.11
270,53,GSL,2,7,6328.22,0,-23.95
270,54,GSL,3,7,9740.14,0,-44.87
270,55,GSL,4,7,6017.91,0,-22.14
270,56,GSL,5,7,11592.41,0,-59.35
280,0,ISL,0,1,11987.52,1,
280,1,ISL,1,2,11987.52,1,
280,2,ISL,2,0,11987.52,1,
280,3,ISL,3,4,11987.52,1,
280,4,ISL,4,5,11987.52,1,
280,5,ISL,5,3,11987.52,1,
280,6,ISL,0,3,10374.47,1,
280,7,ISL,1,4,12984.97,1,
280,8,ISL,2,5,7950.35,1,
280,45,GSL,0,6,10991.15,0,-54.13
280,46,GSL,1,6,1188.18,1,22.93
280,47,GSL,2,6,11968.81,0,-63.05
280,48,GSL,3,6,7937.01,0,-33.41
280,49,GSL,4,6,12068.18,0,-64.1
280,50,GSL,5,6,7538.74,0,-31.03
280,51,GSL,0,7,7309.48,0,-29.68
280,52,GSL,1,7,13142.27,0,-81.03
280,53,GSL,2,7,6270.72,0,-23.62
280,54,GSL,3,7,9709.89,0,-44.66
280,55,GSL,4,7,6034.98,0,-22.24
280,56,GSL,5,7,11608.91,0,-59.5
290,0,ISL,0,1,11987.52,1,
290,1,ISL,1,2,11987.52,1,
290,2,ISL,2,0,11987.52,1,
290,3,ISL,3,4,11987.52,1,
290,4,ISL,4,5,11987.52,1,
290,5,ISL,5,3,11987.52,1,
290,6,ISL,0,3,10310.03,1,
290,7,ISL,1,4,13006.09,1,
290,8,ISL,2,5,7999.5,1,
290,45,GSL,0,6,10951.91,0,-53.82
290,46,GSL,1,6,1245.31,1,21.28
290,47,GSL,2,6,11998.94,0,-63.36
290,48,GSL,3,6,7970.52,0,-33.61
290,49,GSL,4,6,12068.03,0,-64.1
290,50,GSL,5,6,7503.53,0,-30.83
290,51,GSL,0,7,7363.92,0,-30.0
290,52,GSL,1,7,13139.24,0,-80.93
290,53,GSL,2,7,6213.1,0,-23.28
290,54,GSL,3,7,9679.46,0,-44.46
290,55,GSL,4,7,6052.49,0,-22.35
290,56,GSL,5,7,11625.19,0,-59.66
300,0,ISL,0,1,11987.52,1,
300,1,ISL,1,2,11987.52,1,
300,2,ISL,2,0,11987.52,1,
300,3,ISL,3,4,11987.52,1,
300,4,ISL,4,5,11987.52,1,
300,5,ISL,5,3,11987.52,1,
300,6,ISL,0,3,10245.33,1,
300,7,ISL,1,4,13026.15,1,
300,8,ISL,2,5,8049.83,1,
300,45,GSL,0,6,10912.37,0,-53.5
300,46,GSL,1,6,1303.61,1,19.74
300,47,GSL,2,6,12028.73,0,-63.68
300,48,GSL,3,6,8004.12,0,-33.81
300,49,GSL,4,6,12067.61,0,-64.1
300,50,GSL,5,6,7468.36,0,-30.62
300,51,GSL,0,7,7418.23,0,-30.32
300,52,GSL,1,7,13135.86,0,-80.83
300,53,GSL,2,7,6155.37,0,-22.95
300,54,GSL,3,7,9648.86,0,-44.25
300,55,GSL,4,7,6070.46,0,-22.45
300,56,GSL,5,7,11641.25,0,-59.81
310,0,ISL,0,1,11987.52,1,
310,1,ISL,1,2,11987.52,1,
310,2,ISL,2,0,11987.52,1,
310,3,ISL,3,4,11987.52,1,
310,4,ISL,4,5,11987.52,1,
310,5,ISL,5,3,11987.52,1,
310,6,ISL,0,3,10180.42,1,
310,7,ISL,1,4,13045.14,1,
310,8,ISL,2,5,8101.27,1,
310,45,GSL,0,6,10872.53,0,-53.18
310,46,GSL,1,6,1362.94,1,18.3
310,47,GSL,2,6,12058.19,0,-63.99
310,48,GSL,3,6,8037.8,0,-34.02
310,49,GSL,4,6,12066.92,0,-64.09
310,50,GSL,5,6,7433.23,0,-30.41
310,51,GSL,0,7,7472.4,0,-30.64
310,52,GSL,1,7,13132.14,0,-80.73
310,53,GSL,2,7,6097.53,0,-22.61
310,54,GSL,3,7,9618.09,0,-44.04
310,55,GSL,4,7,6088.86,0,-22.56
310,56,GSL,5,7,11657.09,0,-59.96
320,0,ISL,0,1,11987.52,1,
320,1,ISL,1,2,11987.52,1,
320,2,ISL,2,0,11987.52,1,
320,3,ISL,3,4,11987.52,1,
320,4,ISL,4,5,11987.52,1,
320,5,ISL,5,3,11987.52,1,
320,6,ISL,0,3,10115.32,1,
320,7,ISL,1,4,13063.04,1,
320,8,ISL,2,5,8153.8,1,
320,45,GSL,0,6,10832.39,0,-52.86
320,46,GSL,1,6,1423.16,1,16.94
320,47,GSL,2,6,12087.33,0,-64.31
320,48,GSL,3,6,8071.55,0,-34.22
320,49,GSL,4,6,12065.95,0,-64.08
320,50,GSL,5,6,7398.15,0,-30.2
320,51,GSL,0,7,7526.43,0,-30.96
320,52,GSL,1,7,13128.06,0,-80.61
320,53,GSL,2,7,6039.57,0,-22.27
320,54,GSL,3,7,9587.16,0,-43.83
320,55,GSL,4,7,6107.7,0,-22.67
320,56,GSL,5,7,11672.7,0,-60.1
330,0,ISL,0,1,11987.52,1,
330,1,ISL,1,2,11987.52,1,
330,2,ISL,2,0,11987.52,1,
330,3,ISL,3,4,11987.52,1,
330,4,ISL,4,5,11987.52,1,
330,5,ISL,5,3,11987.52,1,
330,6,ISL,0,3,10050.05,1,
330,7,ISL,1,4,13079.87,1,
330,8,ISL,2,5,8207.35,1,
330,45,GSL,0,6,10791.95,0,-52.54
330,46,GSL,1,6,1484.16,1,15.67
330,47,GSL,2,6,12116.13,0,-64.63
330,48,GSL,3,6,8105.37,0,-34.43
330,49,GSL,4,6,12064.71,0,-64.06
330,50,GSL,5,6,7363.11,0,-30.0
330,51,GSL,0,7,7580.32,0,-31.28
330,52,GSL,1,7,13123.64,0,-80.48
330,53,GSL,2,7,5981.51,0,-21.93
330,54,GSL,3,7,9556.07,0,-43.62
330,55,GSL,4,7,6126.97,0,-22.78
330,56,GSL,5,7,11688.09,0,-60.25
340,0,ISL,0,1,11987.52,1,
340,1,ISL,1,2,11987.52,1,
340,2,ISL,2,0,11987.52,1,
340,3,ISL,3,4,11987.52,1,
340,4,ISL,4,5,11987.52,1,
340,5,ISL,5,3,11987.52,1,
340,6,ISL,0,3,9984.65,1,
340,7,ISL,1,4,13095.61,1,
340,8,ISL,2,5,8261.9,1,
340,45,GSL,0,6,10751.22,0,-52.22
340,46,GSL,1,6,1545.83,1,14.47
340,47,GSL,2,6,12144.6,0,-64.94
340,48,GSL,3,6,8139.26,0,-34.63
340,49,GSL,4,6,12063.19,0,-64.05
340,50,GSL,5,6,7328.14,0,-29.79
340,51,GSL,0,7,7634.06,0,-31.6
340,52,GSL,1,7,13118.87,0,-80.35
340,53,GSL,2,7,5923.35,0,-21.59
340,54,GSL,3,7,9524.82,0,-43.41
340,55,GSL,4,7,6146.66,0,-22.9
340,56,GSL,5,7,11703.25,0,-60.4
350,0,ISL,0,1,11987.52,1,
350,1,ISL,1,2,11987.52,1,
350,2,ISL,2,0,11987.52,1,
350,3,ISL,3,4,11987.52,1,
350,4,ISL,4,5,11987.52,1,
350,5,ISL,5,3,11987.52,1,
350,6,ISL,0,3,9919.15,1,
350,7,ISL,1,4,13110.26,1,
350,8,ISL,2,5,8317.38,1,
350,45,GSL,0,6,10710.18,0,-51.9
350,46,GSL,1,6,1608.1,1,13.33
350,47,GSL,2,6,12172.74,0,-65.26
350,48,GSL,3,6,8173.21,0,-34.84
350,49,GSL,4,6,12061.39,0,-64.03
350,50,GSL,5,6,7293.22,0,-29.58
350,51,GSL,0,7,7687.65,0,-31.92
350,52,GSL,1,7,13113.75,0,-80.21
350,53,GSL,2,7,5865.09,0,-21.25
350,54,GSL,3,7,9493.4,0,-43.21
350,55,GSL,4,7,6166.77,0,-23.01
350,56,GSL,5,7,11718.18,0,-60.54
360,0,ISL,0,1,11987.52,1,
360,1,ISL,1,2,11987.52,1,
360,2,ISL,2,0,11987.52,1,
360,3,ISL,3,4,11987.52,1,
360,4,ISL,4,5,11987.52,1,
360,5,ISL,5,3,11987.52,1,
360,6,ISL,0,3,9853.57,1,
360,7,ISL,1,4,13123.82,1,
360,8,ISL,2,5,8373.75,1,
360,45,GSL,0,6,10668.85,0,-51.58
360,46,GSL,1,6,1670.89,1,12.25
360,47,GSL,2,6,12200.55,0,-65.57
360,48,GSL,3,6,8207.22,0,-35.04
360,49,GSL,4,6,12059.32,0,-64.01
360,50,GSL,5,6,7258.37,0,-29.38
360,51,GSL,0,7,7741.09,0,-32.24
360,52,GSL,1,7,13108.28,0,-80.06
360,53,GSL,2,7,5806.74,0,-20.91
360,54,GSL,3,7,9461.83,0,-42.99
360,55,GSL,4,7,6187.3,0,-23.13
360,56,GSL,5,7,11732.89,0,-60.68
370,0,ISL,0,1,11987.52,1,
370,1,ISL,1,2,11987.52,1,
370,2,ISL,2,0,11987.52,1,
370,3,ISL,3,4,11987.52,1,
370,4,ISL,4,5,11987.52,1,
370,5,ISL,5,3,11987.52,1,
370,6,ISL,0,3,9787.94,1,
370,7,ISL,1,4,13136.28,1,
370,8,ISL,2,5,8430.98,1,
370,45,GSL,0,6,10627.23,0,-51.26
370,46,GSL,1,6,1734.14,1,11.23
370,47,GSL,2,6,12228.02,0,-65.89
370,48,GSL,3,6,8241.28,0,-35.25
370,49,GSL,4,6,12056.97,0,-63.98
370,50,GSL,5,6,7223.6,0,-29.18
370,51,GSL,0,7,7794.37,0,-32.55
370,52,GSL,1,7,13102.47,0,-79.9
370,53,GSL,2,7,5748.29,0,-20.57
370,54,GSL,3,7,9430.1,0,-42.78
370,55,GSL,4,7,6208.23,0,-23.25
370,56,GSL,5,7,11747.37,0,-60.82
380,0,ISL,0,1,11987.52,1,
380,1,ISL,1,2,11987.52,1,
380,2,ISL,2,0,11987.52,1,
380,3,ISL,3,4,11987.52,1,
380,4,ISL,4,5,11987.52,1,
380,5,ISL,5,3,11987.52,1,
380,6,ISL,0,3,9722.31,1,
380,7,ISL,1,4,13147.65,1,
380,8,ISL,2,5,8489.01,1,
380,45,GSL,0,6,10585.31,0,-50.94
380,46,GSL,1,6,1797.79,1,10.26
380,47,GSL,2,6,12255.16,0,-66.2
380,48,GSL,3,6,8275.38,0,-35.46
380,49,GSL,4,6,12054.35,0,-63.95
380,50,GSL,5,6,7188.9,0,-28.97
380,51,GSL,0,7,7847.49,0,-32.87
380,52,GSL,1,7,13096.3,0,-79.74
380,53,GSL,2,7,5689.76,0,-20.22
380,54,GSL,3,7,9398.22,0,-42.57
380,55,GSL,4,7,6229.57,0,-23.38
380,56,GSL,5,7,11761.62,0,-60.96
390,0,ISL,0,1,11987.52,1,
390,1,ISL,1,2,11987.52,1,
390,2,ISL,2,0,11987.52,1,
390,3,ISL,3,4,11987.52,1,
390,4,ISL,4,5,11987.52,1,
390,5,ISL,5,3,11987.52,1,
390,6,ISL,0,3,9656.69,1,
390,7,ISL,1,4,13157.91,1,
390,8,ISL,2,5,8547.81,1,
390,45,GSL,0,6,10543.1,0,-50.62
390,46,GSL,1,6,1861.79,0,9.33
390,47,GSL,2,6,12281.96,0,-66.52
390,48,GSL,3,6,8309.53,0,-35.67
390,49,GSL,4,6,12051.45,0,-63.92
390,50,GSL,5,6,7154.28,0,-28.77
390,51,GSL,0,7,7900.46,0,-33.19
390,52,GSL,1,7,13089.79,0,-79.57
390,53,GSL,2,7,5631.14,0,-19.88
390,54,GSL,3,7,9366.18,0,-42.36
390,55,GSL,4,7,6251.3,0,-23.5
390,56,GSL,5,7,11775.63,0,-61.1
400,0,ISL,0,1,11987.52,1,
400,1,ISL,1,2,11987.52,1,
400,2,ISL,2,0,11987.52,1,
400,3,ISL,3,4,11987.52,1,
400,4,ISL,4,5,11987.52,1,
400,5,ISL,5,3,11987.52,1,
400,6,ISL,0,3,9591.11,1,
400,7,ISL,1,4,13167.07,1,
400,8,ISL,2,5,8607.32,1,
400,45,GSL,0,6,10500.59,0,-50.3
400,46,GSL,1,6,1926.11,0,8.44
400,47,GSL,2,6,12308.42,0,-66.83
400,48,GSL,3,6,8343.72,0,-35.88
400,49,GSL,4,6,12048.28,0,-63.89
400,50,GSL,5,6,7119.76,0,-28.57
400,51,GSL,0,7,7953.27,0,-33.51
400,52,GSL,1,7,13082.93,0,-79.39
400,53,GSL,2,7,5572.45,0,-19.53
400,54,GSL,3,7,9334.0,0,-42.15
400,55,GSL,4,7,6273.42,0,-23.63
400,56,GSL,5,7,11789.41,0,-61.23
410,0,ISL,0,1,11987.52,1,
410,1,ISL,1,2,11987.52,1,
410,2,ISL,2,0,11987.52,1,
410,3,ISL,3,4,11987.52,1,
410,4,ISL,4,5,11987.52,1,
410,5,ISL,5,3,11987.52,1,
410,6,ISL,0,3,9525.63,1,
410,7,ISL,1,4,13175.13,1,
410,8,ISL,2,5,8667.51,1,
410,45,GSL,0,6,10457.8,0,-49.98
410,46,GSL,1,6,1990.71,0,7.58
410,47,GSL,2,6,12334.55,0,-67.15
410,48,GSL,3,6,8377.95,0,-36.09
410,49,GSL,4,6,12044.82,0,-63.85
410,50,GSL,5,6,7085.33,0,-28.36
410,51,GSL,0,7,8005.9,0,-33.82
410,52,GSL,1,7,13075.72,0,-79.21
410,53,GSL,2,7,5513.67,0,-19.19
410,54,GSL,3,7,9301.67,0,-41.94
410,55,GSL,4,7,6295.93,0,-23.76
410,56,GSL,5,7,11802.96,0,-61.37
420,0,ISL,0,1,11987.52,1,
420,1,ISL,1,2,11987.52,1,
420,2,ISL,2,0,11987.52,1,
420,3,ISL,3,4,11987.52,1,
420,4,ISL,4,5,11987.52,1,
420,5,ISL,5,3,11987.52,1,
420,6,ISL,0,3,9460.25,1,
420,7,ISL,1,4,13182.07,1,
420,8,ISL,2,5,8728.33,1,
420,45,GSL,0,6,10414.72,0,-49.66
420,46,GSL,1,6,2055.55,0,6.76
420,47,GSL,2,6,12360.34,0,-67.46
420,48,GSL,3,6,8412.2,0,-36.3
420,49,GSL,4,6,12041.09,0,-63.81
420,50,GSL,5,6,7051.0,0,-28.16
420,51,GSL,0,7,8058.38,0,-34.14
420,52,GSL,1,7,13068.17,0,-79.02
420,53,GSL,2,7,5454.83,0,-18.84
420,54,GSL,3,7,9269.19,0,-41.72
420,55,GSL,4,7,6318.81,0,-23.9
420,56,GSL,5,7,11816.28,0,-61.5
430,0,ISL,0,1,11987.52,1,
430,1,ISL,1,2,11987.52,1,
430,2,ISL,2,0,11987.52,1,
430,3,ISL,3,4,11987.52,1,
430,4,ISL,4,5,11987.52,1,
430,5,ISL,5,3,11987.52,1,
430,6,ISL,0,3,9395.03,1,
430,7,ISL,1,4,13187.91,1,
430,8,ISL,2,5,8789.74,1,
430,45,GSL,0,6,10371.35,0,-49.34
430,46,GSL,1,6,2120.6,0,5.98
430,47,GSL,2,6,12385.79,0,-67.78
430,48,GSL,3,6,8446.48,0,-36.51
430,49,GSL,4,6,12037.09,0,-63.77
430,50,GSL,5,6,7016.77,0,-27.96
430,51,GSL,0,7,8110.68,0,-34.46
430,52,GSL,1,7,13060.27,0,-78.83
430,53,GSL,2,7,5395.92,0,-18.49
430,54,GSL,3,7,9236.57,0,-41.51
430,55,GSL,4,7,6342.07,0,-24.03
430,56,GSL,5,7,11829.36,0,-61.63
440,0,ISL,0,1,11987.52,1,
440,1,ISL,1,2,11987.52,1,
440,2,ISL,2,0,11987.52,1,
440,3,ISL,3,4,11987.52,1,
440,4,ISL,4,5,11987.52,1,
440,5,ISL,5,3,11987.52,1,
440,6,ISL,0,3,9330.0,1,
440,7,ISL,1,4,13192.64,1,
440,8,ISL,2,5,8851.7,1,
440,45,GSL,0,6,10327.7,0,-49.02
440,46,GSL,1,6,2185.85,0,5.22
440,47,GSL,2,6,12410.9,0,-68.09
440,48,GSL,3,6,8480.79,0,-36.72
440,49,GSL,4,6,12032.8,0,-63.72
440,50,GSL,5,6,6982.66,0,-27.76
440,51,GSL,0,7,8162.81,0,-34.77
440,52,GSL,1,7,13052.02,0,-78.63
440,53,GSL,2,7,5336.95,0,-18.14
440,54,GSL,3,7,9203.8,0,-41.3
440,55,GSL,4,7,6365.69,0,-24.17
440,56,GSL,5,7,11842.2,0,-61.76
450,0,ISL,0,1,11987.52,1,
450,1,ISL,1,2,11987.52,1,
450,2,ISL,2,0,11987.52,1,
450,3,ISL,3,4,11987.52,1,
450,4,ISL,4,5,11987.52,1,
450,5,ISL,5,3,11987.52,1,
450,6,ISL,0,3,9265.18,1,
450,7,ISL,1,4,13196.26,1,
450,8,ISL,2,5,8914.16,1,
450,45,GSL,0,6,10283.75,0,-48.7
450,46,GSL,1,6,2251.26,0,4.48
450,47,GSL,2,6,12435.67,0,-68.41
450,48,GSL,3,6,8515.11,0,-36.93
450,49,GSL,4,6,12028.24,0,-63.67
450,50,GSL,5,6,6948.67,0,-27.57
450,51,GSL,0,7,8214.77,0,-35.09
450,52,GSL,1,7,13043.42,0,-78.43
450,53,GSL,2,7,5277.92,0,-17.79
450,54,GSL,3,7,9170.9,0,-41.08
450,55,GSL,4,7,6389.67,0,-24.31
450,56,GSL,5,7,11854.8,0,-61.88
460,0,ISL,0,1,11987.52,1,
460,1,ISL,1,2,11987.52,1,
460,2,ISL,2,0,11987.52,1,
460,3,ISL,3,4,11987.52,1,
460,4,ISL,4,5,11987.52,1,
460,5,ISL,5,3,11987.52,1,
460,6,ISL,0,3,9200.62,1,
460,7,ISL,1,4,13198.76,1,
460,8,ISL,2,5,8977.1,1,
460,45,GSL,0,6,10239.53,0,-48.38
460,46,GSL,1,6,2316.81,0,3.77
460,47,GSL,2,6,12460.1,0,-68.72
460,48,GSL,3,6,8549.45,0,-37.15
460,49,GSL,4,6,12023.4,0,-63.62
460,50,GSL,5,6,6914.8,0,-27.37
460,51,GSL,0,7,8266.55,0,-35.41
460,52,GSL,1,7,13034.47,0,-78.22
460,53,GSL,2,7,5218.83,0,-17.44
460,54,GSL,3,7,9137.85,0,-40.87
460,55,GSL,4,7,6414.01,0,-24.45
460,56,GSL,5,7,11867.17,0,-62.01
470,0,ISL,0,1,11987.52,1,
470,1,ISL,1,2,11987.52,1,
470,2,ISL,2,0,11987.52,1,
470,3,ISL,3,4,11987.52,1,
470,4,ISL,4,5,11987.52,1,
470,5,ISL,5,3,11987.52,1,
470,6,ISL,0,3,9136.36,1,
470,7,ISL,1,4,13200.16,1,
470,8,ISL,2,5,9040.46,1,
470,45,GSL,0,6,10195.02,0,-48.06
470,46,GSL,1,6,2382.49,0,3.09
470,47,GSL,2,6,12484.19,0,-69.04
470,48,GSL,3,6,8583.8,0,-37.36
470,49,GSL,4,6,12018.28,0,-63.57
470,50,GSL,5,6,6881.06,0,-27.17
470,51,GSL,0,7,8318.16,0,-35.72
470,52,GSL,1,7,13025.18,0,-78.01
470,53,GSL,2,7,5159.7,0,-17.08
470,54,GSL,3,7,9104.68,0,-40.66
470,55,GSL,4,7,6438.7,0,-24.6
470,56,GSL,5,7,11879.3,0,-62.13
480,0,ISL,0,1,11987.52,1,
480,1,ISL,1,2,11987.52,1,
480,2,ISL,2,0,11987.52,1,
480,3,ISL,3,4,11987.52,1,
480,4,ISL,4,5,11987.52,1,
480,5,ISL,5,3,11987.52,1,
480,6,ISL,0,3,9072.43,1,
480,7,ISL,1,4,13200.43,1,
480,8,ISL,2,5,9104.22,1,
480,45,GSL,0,6,10150.23,0,-47.74
480,46,GSL,1,6,2448.28,0,2.42
480,47,GSL,2,6,12507.93,0,-69.35
480,48,GSL,3,6,8618.15,0,-37.57
480,49,GSL,4,6,12012.88,0,-63.51
480,50,GSL,5,6,6847.46,0,-26.98
480,51,GSL,0,7,8369.58,0,-36.04
480,52,GSL,1,7,13015.54,0,-77.79
480,53,GSL,2,7,5100.53,0,-16.73
480,54,GSL,3,7,9071.37,0,-40.44
480,55,GSL,4,7,6463.72,0,-24.74
480,56,GSL,5,7,11891.18,0,-62.25
490,0,ISL,0,1,11987.52,1,
490,1,ISL,1,2,11987.52,1,
490,2,ISL,2,0,11987.52,1,
490,3,ISL,3,4,11987.52,1,
490,4,ISL,4,5,11987.52,1,
490,5,ISL,5,3,11987.52,1,
490,6,ISL,0,3,9008.86,1,
490,7,ISL,1,4,13199.6,1,
490,8,ISL,2,5,9168.32,1,
490,45,GSL,0,6,10105.16,0,-47.42
490,46,GSL,1,6,2514.17,0,1.77
490,47,GSL,2,6,12531.33,0,-69.67
490,48,GSL,3,6,8652.51,0,-37.79
490,49,GSL,4,6,12007.21,0,-63.45
490,50,GSL,5,6,6814.01,0,-26.78
490,51,GSL,0,7,8420.82,0,-36.35
490,52,GSL,1,7,13005.56,0,-77.57
490,53,GSL,2,7,5041.31,0,-16.37
490,54,GSL,3,7,9037.92,0,-40.23
490,55,GSL,4,7,6489.09,0,-24.89
490,56,GSL,5,7,11902.83,0,-62.37
500,0,ISL,0,1,11987.52,1,
500,1,ISL,1,2,11987.52,1,
500,2,ISL,2,0,11987.52,1,
500,3,ISL,3,4,11987.52,1,
500,4,ISL,4,5,11987.52,1,
500,5,ISL,5,3,11987.52,1,
500,6,ISL,0,3,8945.71,1,
500,7,ISL,1,4,13197.65,1,
500,8,ISL,2,5,9232.73,1,
500,45,GSL,0,6,10059.81,0,-47.09
500,46,GSL,1,6,2580.13,0,1.14
500,47,GSL,2,6,12554.39,0,-69.98
500,48,GSL,3,6,8686.86,0,-38.0
500,49,GSL,4,6,12001.26,0,-63.39
500,50,GSL,5,6,6780.7,0,-26.59
500,51,GSL,0,7,8471.88,0,-36.67
500,52,GSL,1,7,12995.23,0,-77.35
500,53,GSL,2,7,4982.07,0,-16.01
500,54,GSL,3,7,9004.36,0,-40.01
500,55,GSL,4,7,6514.78,0,-25.04
500,56,GSL,5,7,11914.23,0,-62.48
510,0,ISL,0,1,11987.52,1,
510,1,ISL,1,2,11987.52,1,
510,2,ISL,2,0,11987.52,1,
510,3,ISL,3,4,11987.52,1,
510,4,ISL,4,5,11987.52,1,
510,5,ISL,5,3,11987.52,1,
510,6,ISL,0,3,8883.0,1,
510,7,ISL,1,4,13194.6,1,
510,8,ISL,2,5,9297.42,1,
510,45,GSL,0,6,10014.18,0,-46.77
510,46,GSL,1,6,2646.17,0,0.52
510,47,GSL,2,6,12577.11,0,-70.29
510,48,GSL,3,6,8721.21,0,-38.22
510,49,GSL,4,6,11995.03,0,-63.32
510,50,GSL,5,6,6747.55,0,-26.39
510,51,GSL,0,7,8522.75,0,-36.98
510,52,GSL,1,7,12984.55,0,-77.12
510,53,GSL,2,7,4922.79,0,-15.65
510,54,GSL,3,7,8970.66,0,-39.8
510,55,GSL,4,7,6540.79,0,-25.19
510,56,GSL,5,7,11925.39,0,-62.6
520,0,ISL,0,1,11987.52,1,
520,1,ISL,1,2,11987.52,1,
520,2,ISL,2,0,11987.52,1,
520,3,ISL,3,4,11987.52,1,
520,4,ISL,4,5,11987.52,1,
520,5,ISL,5,3,11987.52,1,
520,6,ISL,0,3,8820.78,1,
520,7,ISL,1,4,13190.43,1,
520,8,ISL,2,5,9362.35,1,
520,45,GSL,0,6,9968.28,0,-46.45
520,46,GSL,1,6,2712.25,0,-0.08
520,47,GSL,2,6,12599.47,0,-70.61
520,48,GSL,3,6,8755.56,0,-38.43
520,49,GSL,4,6,11988.52,0,-63.25
520,50,GSL,5,6,6714.56,0,-26.2
520,51,GSL,0,7,8573.43,0,-37.3
520,52,GSL,1,7,12973.52,0,-76.89
520,53,GSL,2,7,4863.5,0,-15.29
520,54,GSL,3,7,8936.84,0,-39.58
520,55,GSL,4,7,6567.13,0,-25.34
520,56,GSL,5,7,11936.31,0,-62.71
530,0,ISL,0,1,11987.52,1,
530,1,ISL,1,2,11987.52,1,
530,2,ISL,2,0,11987.52,1,
530,3,ISL,3,4,11987.52,1,
530,4,ISL,4,5,11987.52,1,
530,5,ISL,5,3,11987.52,1,
530,6,ISL,0,3,8759.09,1,
530,7,ISL,1,4,13185.14,1,
530,8,ISL,2,5,9427.48,1,
530,45,GSL,0,6,9922.1,0,-46.13
530,46,GSL,1,6,2778.38,0,-0.66
530,47,GSL,2,6,12621.5,0,-70.92
530,48,GSL,3,6,8789.88,0,-38.65
530,49,GSL,4,6,11981.73,0,-63.18
530,50,GSL,5,6,6681.74,0,-26.01
530,51,GSL,0,7,8623.92,0,-37.61
530,52,GSL,1,7,12962.15,0,-76.66
530,53,GSL,2,7,4804.19,0,-14.93
530,54,GSL,3,7,8902.9,0,-39.37
530,55,GSL,4,7,6593.77,0,-25.5
530,56,GSL,5,7,11946.98,0,-62.82
540,0,ISL,0,1,11987.52,1,
540,1,ISL,1,2,11987.52,1,
540,2,ISL,2,0,11987.52,1,
540,3,ISL,3,4,11987.52,1,
540,4,ISL,4,5,11987.52,1,
540,5,ISL,5,3,11987.52,1,
540,6,ISL,0,3,8697.97,1,
540,7,ISL,1,4,13178.75,1,
540,8,ISL,2,5,9492.79,1,
540,45,GSL,0,6,9875.65,0,-45.8
540,46,GSL,1,6,2844.55,0,-1.23
540,47,GSL,2,6,12643.17,0,-71.24
540,48,GSL,3,6,8824.2,0,-38.87
540,49,GSL,4,6,11974.67,0,-63.11
540,50,GSL,5,6,6649.1,0,-25.82
540,51,GSL,0,7,8674.21,0,-37.92
540,52,GSL,1,7,12950.44,0,-76.42
540,53,GSL,2,7,4744.87,0,-14.56
540,54,GSL,3,7,8868.84,0,-39.15
540,55,GSL,4,7,6620.72,0,-25.65
540,56,GSL,5,7,11957.4,0,-62.93
550,0,ISL,0,1,11987.52,1,
550,1,ISL,1,2,11987.52,1,
550,2,ISL,2,0,11987.52,1,
550,3,ISL,3,4,11987.52,1,
550,4,ISL,4,5,11987.52,1,
550,5,ISL,5,3,11987.52,1,
550,6,ISL,0,3,8637.46,1,
550,7,ISL,1,4,13171.25,1,
550,8,ISL,2,5,9558.22,1,
550,45,GSL,0,6,9828.92,0,-45.48
550,46,GSL,1,6,2910.74,0,-1.8
550,47,GSL,2,6,12664.5,0,-71.55
550,48,GSL,3,6,8858.49,0,-39.08
550,49,GSL,4,6,11967.32,0,-63.03
550,50,GSL,5,6,6616.64,0,-25.63
550,51,GSL,0,7,8724.31,0,-38.24
550,52,GSL,1,7,12938.38,0,-76.18
550,53,GSL,2,7,4685.55,0,-14.2
550,54,GSL,3,7,8834.66,0,-38.93
550,55,GSL,4,7,6647.97,0,-25.81
550,56,GSL,5,7,11967.58,0,-63.03
560,0,ISL,0,1,11987.52,1,
560,1,ISL,1,2,11987.52,1,
560,2,ISL,2,0,11987.52,1,
560,3,ISL,3,4,11987.52,1,
560,4,ISL,4,5,11987.52,1,
560,5,ISL,5,3,11987.52,1,
560,6,ISL,0,3,8577.6,1,
560,7,ISL,1,4,13162.65,1,
560,8,ISL,2,5,9623.75,1,
560,45,GSL,0,6,9781.92,0,-45.16
560,46,GSL,1,6,2976.95,0,-2.34
560,47,GSL,2,6,12685.48,0,-71.87
560,48,GSL,3,6,8892.76,0,-39.3
560,49,GSL,4,6,11959.7,0,-62.95
560,50,GSL,5,6,6584.38,0,-25.44
560,51,GSL,0,7,8774.22,0,-38.55
560,52,GSL,1,7,12925.97,0,-75.94
560,53,GSL,2,7,4626.23,0,-13.83
560,54,GSL,3,7,8800.37,0,-38.72
560,55,GSL,4,7,6675.51,0,-25.97
560,56,GSL,5,7,11977.51,0,-63.14
570,0,ISL,0,1,11987.52,1,
570,1,ISL,1,2,11987.52,1,
570,2,ISL,2,0,11987.52,1,
570,3,ISL,3,4,11987.52,1,
570,4,ISL,4,5,11987.52,1,
570,5,ISL,5,3,11987.52,1,
570,6,ISL,0,3,8518.44,1,
570,7,ISL,1,4,13152.94,1,
570,8,ISL,2,5,9689.35,1,
570,45,GSL,0,6,9734.65,0,-44.83
570,46,GSL,1,6,3043.16,0,-2.88
570,47,GSL,2,6,12706.11,0,-72.18
570,48,GSL,3,6,8927.0,0,-39.52
570,49,GSL,4,6,11951.8,0,-62.87
570,50,GSL,5,6,6552.31,0,-25.26
570,51,GSL,0,7,8823.92,0,-38.86
570,52,GSL,1,7,12913.22,0,-75.7
570,53,GSL,2,7,4566.93,0,-13.46
570,54,GSL,3,7,8765.97,0,-38.5
570,55,GSL,4,7,6703.34,0,-26.14
570,56,GSL,5,7,11987.19,0,-63.24
580,0,ISL,0,1,11987.52,1,
580,1,ISL,1,2,11987.52,1,
580,2,ISL,2,0,11987.52,1,
580,3,ISL,3,4,11987.52,1,
580,4,ISL,4,5,11987.52,1,
580,5,ISL,5,3,11987.52,1,
580,6,ISL,0,3,8460.02,1,
580,7,ISL,1,4,13142.13,1,
580,8,ISL,2,5,9754.99,1,
580,45,GSL,0,6,9687.12,0,-44.51
580,46,GSL,1,6,3109.38,0,-3.41
580,47,GSL,2,6,12726.4,0,-72.5
580,48,GSL,3,6,8961.22,0,-39.74
580,49,GSL,4,6,11943.62,0,-62.79
580,50,GSL,5,6,6520.44,0,-25.07
580,51,GSL,0,7,8873.42,0,-39.18
580,52,GSL,1,7,12900.13,0,-75.45
580,53,GSL,2,7,4507.64,0,-13.09
580,54,GSL,3,7,8731.46,0,-38.28
580,55,GSL,4,7,6731.45,0,-26.3
580,56,GSL,5,7,11996.62,0,-63.34
590,0,ISL,0,1,11987.52,1,
590,1,ISL,1,2,11987.52,1,
590,2,ISL,2,0,11987.52,1,
590,3,ISL,3,4,11987.52,1,
590,4,ISL,4,5,11987.52,1,
590,5,ISL,5,3,11987.52,1,
590,6,ISL,0,3,8402.38,1,
590,7,ISL,1,4,13130.21,1,
590,8,ISL,2,5,9820.62,1,
590,45,GSL,0,6,9639.31,0,-44.19
590,46,GSL,1,6,3175.59,0,-3.93
590,47,GSL,2,6,12746.33,0,-72.81
590,48,GSL,3,6,8995.39,0,-39.95
590,49,GSL,4,6,11935.17,0,-62.7
590,50,GSL,5,6,6488.79,0,-24.89
590,51,GSL,0,7,8922.72,0,-39.49
590,52,GSL,1,7,12886.68,0,-75.2
590,53,GSL,2,7,4448.38,0,-12.72
590,54,GSL,3,7,8696.84,0,-38.07
590,55,GSL,4,7,6759.83,0,-26.46
590,56,GSL,5,7,12005.8,0,-63.44
600,0,ISL,0,1,11987.52,1,
600,1,ISL,1,2,11987.52,1,
600,2,ISL,2,0,11987.52,1,
600,3,ISL,3,4,11987.52,1,
600,4,ISL,4,5,11987.52,1,
600,5,ISL,5,3,11987.52,1,
600,6,ISL,0,3,8345.58,1,
600,7,ISL,1,4,13117.2,1,
600,8,ISL,2,5,9886.23,1,
600,45,GSL,0,6,9591.24,0,-43.86
600,46,GSL,1,6,3241.79,0,-4.44
600,47,GSL,2,6,12765.91,0,-73.12
600,48,GSL,3,6,9029.53,0,-40.17
600,49,GSL,4,6,11926.43,0,-62.61
600,50,GSL,5,6,6457.35,0,-24.7
600,51,GSL,0,7,8971.81,0,-39.8
600,52,GSL,1,7,12872.9,0,-74.95
600,53,GSL,2,7,4389.15,0,-12.34
600,54,GSL,3,7,8662.12,0,-37.85
600,55,GSL,4,7,6788.49,0,-26.63
600,56,GSL,5,7,12014.73,0,-63.53
610,0,ISL,0,1,11987.52,1,
610,1,ISL,1,2,11987.52,1,
610,2,ISL,2,0,11987.52,1,
610,3,ISL,3,4,11987.52,1,
610,4,ISL,4,5,11987.52,1,
610,5,ISL,5,3,11987.52,1,
610,6,ISL,0,3,8289.64,1,
610,7,ISL,1,4,13103.1,1,
610,8,ISL,2,5,9951.77,1,
610,45,GSL,0,6,9542.91,0,-43.54
610,46,GSL,1,6,3307.97,0,-4.94
610,47,GSL,2,6,12785.15,0,-73.44
610,48,GSL,3,6,9063.63,0,-40.39
610,49,GSL,4,6,11917.42,0,-62.52
610,50,GSL,5,6,6426.15,0,-24.52
610,51,GSL,0,7,9020.7,0,-40.12
610,52,GSL,1,7,12858.77,0,-74.7
610,53,GSL,2,7,4329.96,0,-11.96
610,54,GSL,3,7,8627.3,0,-37.63
610,55,GSL,4,7,6817.4,0,-26.8
610,56,GSL,5,7,12023.41,0,-63.62
620,0,ISL,0,1,11987.52,1,
620,1,ISL,1,2,11987.52,1,
620,2,ISL,2,0,11987.52,1,
620,3,ISL,3,4,11987.52,1,
620,4,ISL,4,5,11987.52,1,
620,5,ISL,5,3,11987.52,1,
620,6,ISL,0,3,8234.62,1,
620,7,ISL,1,4,13087.91,1,
620,8,ISL,2,5,10017.23,1,
620,45,GSL,0,6,9494.31,0,-43.21
620,46,GSL,1,6,3374.12,0,-5.44
620,47,GSL,2,6,12804.03,0,-73.75
620,48,GSL,3,6,9097.69,0,-40.61
620,49,GSL,4,6,11908.13,0,-62.42
620,50,GSL,5,6,6395.17,0,-24.34
620,51,GSL,0,7,9069.38,0,-40.43
620,52,GSL,1,7,12844.3,0,-74.44
620,53,GSL,2,7,4270.82,0,-11.59
620,54,GSL,3,7,8592.38,0,-37.41
620,55,GSL,4,7,6846.57,0,-26.97
620,56,GSL,5,7,12031.84,0,-63.71
630,0,ISL,0,1,11987.52,1,
630,1,ISL,1,2,11987.52,1,
630,2,ISL,2,0,11987.52,1,
630,3,ISL,3,4,11987.52,1,
630,4,ISL,4,5,11987.52,1,
630,5,ISL,5,3,11987.52,1,
630,6,ISL,0,3,8180.56,1,
630,7,ISL,1,4,13071.63,1,
630,8,ISL,2,5,10082.56,1,
630,45,GSL,0,6,9445.45,0,-42.89
630,46,GSL,1,6,3440.24,0,-5.92
630,47,GSL,2,6,12822.56,0,-74.07
630,48,GSL,3,6,9131.7,0,-40.83
630,49,GSL,4,6,11898.56,0,-62.32
630,50,GSL,5,6,6364.44,0,-24.16
630,51,GSL,0,7,9117.85,0,-40.74
630,52,GSL,1,7,12829.49,0,-74.18
630,53,GSL,2,7,4211.75,0,-11.2
630,54,GSL,3,7,8557.37,0,-37.2
630,55,GSL,4,7,6875.99,0,-27.14
630,56,GSL,5,7,12040.01,0,-63.8
640,0,ISL,0,1,11987.52,1,
640,1,ISL,1,2,11987.52,1,
640,2,ISL,2,0,11987.52,1,
640,3,ISL,3,4,11987.52,1,
640,4,ISL,4,5,11987.52,1,
640,5,ISL,5,3,11987.52,1,
640,6,ISL,0,3,8127.52,1,
640,7,ISL,1,4,13054.26,1,
640,8,ISL,2,5,10147.75,1,
640,45,GSL,0,6,9396.32,0,-42.56
640,46,GSL,1,6,3506.33,0,-6.4
640,47,GSL,2,6,12840.73,0,-74.38
640,48,GSL,3,6,9165.65,0,-41.05
640,49,GSL,4,6,11888.71,0,-62.22
640,50,GSL,5,6,6333.96,0,-23.99
640,51,GSL,0,7,9166.1,0,-41.05
640,52,GSL,1,7,12814.33,0,-73.93
640,53,GSL,2,7,4152.74,0,-10.82
640,54,GSL,3,7,8522.26,0,-36.98
640,55,GSL,4,7,6905.66,0,-27.31
640,56,GSL,5,7,12047.93,0,-63.88
650,0,ISL,0,1,11987.52,1,
650,1,ISL,1,2,11987.52,1,
650,2,ISL,2,0,11987.52,1,
650,3,ISL,3,4,11987.52,1,
650,4,ISL,4,5,11987.52,1,
650,5,ISL,5,3,11987.52,1,
650,6,ISL,0,3,8075.52,1,
650,7,ISL,1,4,13035.82,1,
650,8,ISL,2,5,10212.76,1,
650,45,GSL,0,6,9346.94,0,-42.23
650,46,GSL,1,6,3572.38,0,-6.88
650,47,GSL,2,6,12858.56,0,-74.69
650,48,GSL,3,6,9199.55,0,-41.27
650,49,GSL,4,6,11878.59,0,-62.12
650,50,GSL,5,6,6303.73,0,-23.81
650,51,GSL,0,7,9214.14,0,-41.37
650,52,GSL,1,7,12798.83,0,-73.66
650,53,GSL,2,7,4093.81,0,-10.44
650,54,GSL,3,7,8487.06,0,-36.76
650,55,GSL,4,7,6935.57,0,-27.49
650,56,GSL,5,7,12055.59,0,-63.97
660,0,ISL,0,1,11987.52,1,
660,1,ISL,1,2,11987.52,1,
660,2,ISL,2,0,11987.52,1,
660,3,ISL,3,4,11987.52,1,
660,4,ISL,4,5,11987.52,1,
660,5,ISL,5,3,11987.52,1,
660,6,ISL,0,3,8024.63,1,
660,7,ISL,1,4,13016.3,1,
660,8,ISL,2,5,10277.57,1,
660,45,GSL,0,6,9297.3,0,-41.91
660,46,GSL,1,6,3638.38,0,-7.35
660,47,GSL,2,6,12876.03,0,-75.01
660,48,GSL,3,6,9233.4,0,-41.49
660,49,GSL,4,6,11868.19,0,-62.02
660,50,GSL,5,6,6273.77,0,-23.64
660,51,GSL,0,7,9261.96,0,-41.68
660,52,GSL,1,7,12782.99,0,-73.4
660,53,GSL,2,7,4034.97,0,-10.05
660,54,GSL,3,7,8451.78,0,-36.54
660,55,GSL,4,7,6965.7,0,-27.67
660,56,GSL,5,7,12063.0,0,-64.05
670,0,ISL,0,1,11987.52,1,
670,1,ISL,1,2,11987.52,1,
670,2,ISL,2,0,11987.52,1,
670,3,ISL,3,4,11987.52,1,
670,4,ISL,4,5,11987.52,1,
670,5,ISL,5,3,11987.52,1,
670,6,ISL,0,3,7974.88,1,
670,7,ISL,1,4,12995.71,1,
670,8,ISL,2,5,10342.15,1,
670,45,GSL,0,6,9247.4,0,-41.58
670,46,GSL,1,6,3704.33,0,-7.81
670,47,GSL,2,6,12893.14,0,-75.32
670,48,GSL,3,6,9267.18,0,-41.71
670,49,GSL,4,6,11857.51,0,-61.91
670,50,GSL,5,6,6244.08,0,-23.46
670,51,GSL,0,7,9309.57,0,-41.99
670,52,GSL,1,7,12766.8,0,-73.14
670,53,GSL,2,7,3976.23,0,-9.66
670,54,GSL,3,7,8416.42,0,-36.32
670,55,GSL,4,7,6996.07,0,-27.84
670,56,GSL,5,7,12070.16,0,-64.12
680,0,ISL,0,1,11987.52,1,
680,1,ISL,1,2,11987.52,1,
680,2,ISL,2,0,11987.52,1,
680,3,ISL,3,4,11987.52,1,
680,4,ISL,4,5,11987.52,1,
680,5,ISL,5,3,11987.52,1,
680,6,ISL,0,3,7926.32,1,
680,7,ISL,1,4,12974.06,1,
680,8,ISL,2,5,10406.46,1,
680,45,GSL,0,6,9197.25,0,-41.26
680,46,GSL,1,6,3770.23,0,-8.26
680,47,GSL,2,6,12909.9,0,-75.64
680,48,GSL,3,6,9300.9,0,-41.93
680,49,GSL,4,6,11846.55,0,-61.8
680,50,GSL,5,6,6214.68,0,-23.29
680,51,GSL,0,7,9356.95,0,-42.3
680,52,GSL,1,7,12750.28,0,-72.87
680,53,GSL,2,7,3917.6,0,-9.27
680,54,GSL,3,7,8380.97,0,-36.11
680,55,GSL,4,7,7026.65,0,-28.02
680,56,GSL,5,7,12077.05,0,-64.2
690,0,ISL,0,1,11987.52,1,
690,1,ISL,1,2,11987.52,1,
690,2,ISL,2,0,11987.52,1,
690,3,ISL,3,4,11987.52,1,
690,4,ISL,4,5,11987.52,1,
690,5,ISL,5,3,11987.52,1,
690,6,ISL,0,3,7879.0,1,
690,7,ISL,1,4,12951.34,1,
690,8,ISL,2,5,10470.5,1,
690,45,GSL,0,6,9146.85,0,-40.93
690,46,GSL,1,6,3836.07,0,-8.71
690,47,GSL,2,6,12926.31,0,-75.95
690,48,GSL,3,6,9334.55,0,-42.15
690,49,GSL,4,6,11835.32,0,-61.69
690,50,GSL,5,6,6185.56,0,-23.12
690,51,GSL,0,7,9404.11,0,-42.61
690,52,GSL,1,7,12733.41,0,-72.61
690,53,GSL,2,7,3859.09,0,-8.87
690,54,GSL,3,7,8345.45,0,-35.89
690,55,GSL,4,7,7057.45,0,-28.2
690,56,GSL,5,7,12083.69,0,-64.27
700,0,ISL,0,1,11987.52,1,
700,1,ISL,1,2,11987.52,1,
700,2,ISL,2,0,11987.52,1,
700,3,ISL,3,4,11987.52,1,
700,4,ISL,4,5,11987.52,1,
700,5,ISL,5,3,11987.52,1,
700,6,ISL,0,3,7832.96,1,
700,7,ISL,1,4,12927.57,1,
700,8,ISL,2,5,10534.22,1,
700,45,GSL,0,6,9096.19,0,-40.6
700,46,GSL,1,6,3901.84,0,-9.16
700,47,GSL,2,6,12942.36,0,-76.26
700,48,GSL,3,6,9368.13,0,-42.37
700,49,GSL,4,6,11823.81,0,-61.57
700,50,GSL,5,6,6156.74,0,-22.95
700,51,GSL,0,7,9451.05,0,-42.92
700,52,GSL,1,7,12716.2,0,-72.34
700,53,GSL,2,7,3800.72,0,-8.47
700,54,GSL,3,7,8309.85,0,-35.67
700,55,GSL,4,7,7088.46,0,-28.38
700,56,GSL,5,7,12090.07,0,-64.34
710,0,ISL,0,1,11987.52,1,
710,1,ISL,1,2,11987.52,1,
710,2,ISL,2,0,11987.52,1,
710,3,ISL,3,4,11987.52,1,
710,4,ISL,4,5,11987.52,1,
710,5,ISL,5,3,11987.52,1,
710,6,ISL,0,3,7788.25,1,
710,7,ISL,1,4,12902.75,1,
710,8,ISL,2,5,10597.61,1,
710,45,GSL,0,6,9045.28,0,-40.27
710,46,GSL,1,6,3967.55,0,-9.6
710,47,GSL,2,6,12958.05,0,-76.58
710,48,GSL,3,6,9401.64,0,-42.6
710,49,GSL,4,6,11812.02,0,-61.45
710,50,GSL,5,6,6128.22,0,-22.79
710,51,GSL,0,7,9497.77,0,-43.23
710,52,GSL,1,7,12698.66,0,-72.07
710,53,GSL,2,7,3742.49,0,-8.07
710,54,GSL,3,7,8274.18,0,-35.45
710,55,GSL,4,7,7119.68,0,-28.57
710,56,GSL,5,7,12096.19,0,-64.41
720,0,ISL,0,1,11987.52,1,
720,1,ISL,1,2,11987.52,1,
720,2,ISL,2,0,11987.52,1,
720,3,ISL,3,4,11987.52,1,
720,4,ISL,4,5,11987.52,1,
720,5,ISL,5,3,11987.52,1,
720,6,ISL,0,3,7744.91,1,
720,7,ISL,1,4,12876.88,1,
720,8,ISL,2,5,10660.65,1,
720,45,GSL,0,6,8994.12,0,-39.95
720,46,GSL,1,6,4033.19,0,-10.04
720,47,GSL,2,6,12973.39,0,-76.89
720,48,GSL,3,6,9435.07,0,-42.82
720,49,GSL,4,6,11799.95,0,-61.34
720,50,GSL,5,6,6100.01,0,-22.62
720,51,GSL,0,7,9544.25,0,-43.55
720,52,GSL,1,7,12680.77,0,-71.8
720,53,GSL,2,7,3684.43,0,-7.67
720,54,GSL,3,7,8238.44,0,-35.23
720,55,GSL,4,7,7151.09,0,-28.75
720,56,GSL,5,7,12102.05,0,-64.47
730,0,ISL,0,1,11987.52,1,
730,1,ISL,1,2,11987.52,1,
730,2,ISL,2,0,11987.52,1,
730,3,ISL,3,4,11987.52,1,
730,4,ISL,4,5,11987.52,1,
730,5,ISL,5,3,11987.52,1,
730,6,ISL,0,3,7702.98,1,
730,7,ISL,1,4,12849.98,1,
730,8,ISL,2,5,10723.3,1,
730,45,GSL,0,6,8942.71,0,-39.62
730,46,GSL,1,6,4098.75,0,-10.47
730,47,GSL,2,6,12988.37,0,-77.2
730,48,GSL,3,6,9468.42,0,-43.04
730,49,GSL,4,6,11787.61,0,-61.21
730,50,GSL,5,6,6072.13,0,-22.46
730,51,GSL,0,7,9590.51,0,-43.86
730,52,GSL,1,7,12662.54,0,-71.52
730,53,GSL,2,7,3626.54,0,-7.26
730,54,GSL,3,7,8202.64,0,-35.02
730,55,GSL,4,7,7182.69,0,-28.94
730,56,GSL,5,7,12107.65,0,-64.53
740,0,ISL,0,1,11987.52,1,
740,1,ISL,1,2,11987.52,1,
740,2,ISL,2,0,11987.52,1,
740,3,ISL,3,4,11987.52,1,
740,4,ISL,4,5,11987.52,1,
740,5,ISL,5,3,11987.52,1,
740,6,ISL,0,3,7662.52,1,
740,7,ISL,1,4,12822.05,1,
740,8,ISL,2,5,10785.55,1,
740,45,GSL,0,6,8891.06,0,-39.29
740,46,GSL,1,6,4164.24,0,-10.9
740,47,GSL,2,6,13002.99,0,-77.52
740,48,GSL,3,6,9501.69,0,-43.26
740,49,GSL,4,6,11775.0,0,-61.09
740,50,GSL,5,6,6044.58,0,-22.3
740,51,GSL,0,7,9636.54,0,-44.17
740,52,GSL,1,7,12643.98,0,-71.25
740,53,GSL,2,7,3568.85,0,-6.85
740,54,GSL,3,7,8166.78,0,-34.8
740,55,GSL,4,7,7214.48,0,-29.12
740,56,GSL,5,7,12112.99,0,-64.59
750,0,ISL,0,1,11987.52,1,
750,1,ISL,1,2,11987.52,1,
750,2,ISL,2,0,11987.52,1,
750,3,ISL,3,4,11987.52,1,
750,4,ISL,4,5,11987.52,1,
750,5,ISL,5,3,11987.52,1,
750,6,ISL,0,3,7623.56,1,
750,7,ISL,1,4,12793.09,1,
750,8,ISL,2,5,10847.37,1,
750,45,GSL,0,6,8839.16,0,-38.96
750,46,GSL,1,6,4229.64,0,-11.32
750,47,GSL,2,6,13017.26,0,-77.83
750,48,GSL,3,6,9534.87,0,-43.48
750,49,GSL,4,6,11762.11,0,-60.96
750,50,GSL,5,6,6017.36,0,-22.14
750,51,GSL,0,7,9682.33,0,-44.48
750,52,GSL,1,7,12625.07,0,-70.98
750,53,GSL,2,7,3511.36,0,-6.44
750,54,GSL,3,7,8130.86,0,-34.58
750,55,GSL,4,7,7246.45,0,-29.31
750,56,GSL,5,7,12118.07,0,-64.65
760,0,ISL,0,1,11987.52,1,
760,1,ISL,1,2,11987.52,1,
760,2,ISL,2,0,11987.52,1,
760,3,ISL,3,4,11987.52,1,
760,4,ISL,4,5,11987.52,1,
760,5,ISL,5,3,11987.52,1,
760,6,ISL,0,3,7586.14,1,
760,7,ISL,1,4,12763.12,1,
760,8,ISL,2,5,10908.74,1,
760,45,GSL,0,6,8787.01,0,-38.63
760,46,GSL,1,6,4294.96,0,-11.74
760,47,GSL,2,6,13031.17,0,-78.14
760,48,GSL,3,6,9567.97,0,-43.7
760,49,GSL,4,6,11748.94,0,-60.84
760,50,GSL,5,6,5990.49,0,-21.98
760,51,GSL,0,7,9727.89,0,-44.79
760,52,GSL,1,7,12605.83,0,-70.7
760,53,GSL,2,7,3454.1,0,-6.03
760,54,GSL,3,7,8094.89,0,-34.36
760,55,GSL,4,7,7278.6,0,-29.5
760,56,GSL,5,7,12122.89,0,-64.7
770,0,ISL,0,1,11987.52,1,
770,1,ISL,1,2,11987.52,1,
770,2,ISL,2,0,11987.52,1,
770,3,ISL,3,4,11987.52,1,
770,4,ISL,4,5,11987.52,1,
770,5,ISL,5,3,11987.52,1,
770,6,ISL,0,3,7550.3,1,
770,7,ISL,1,4,12732.13,1,
770,8,ISL,2,5,10969.63,1,
770,45,GSL,0,6,8734.63,0,-38.3
770,46,GSL,1,6,4360.2,0,-12.16
770,47,GSL,2,6,13044.71,0,-78.46
770,48,GSL,3,6,9600.97,0,-43.93
770,49,GSL,4,6,11735.5,0,-60.71
770,50,GSL,5,6,5963.98,0,-21.83
770,51,GSL,0,7,9773.22,0,-45.1
770,52,GSL,1,7,12586.25,0,-70.42
770,53,GSL,2,7,3397.09,0,-5.61
770,54,GSL,3,7,8058.86,0,-34.14
770,55,GSL,4,7,7310.92,0,-29.69
770,56,GSL,5,7,12127.44,0,-64.75
780,0,ISL,0,1,11987.52,1,
780,1,ISL,1,2,11987.52,1,
780,2,ISL,2,0,11987.52,1,
780,3,ISL,3,4,11987.52,1,
780,4,ISL,4,5,11987.52,1,
780,5,ISL,5,3,11987.52,1,
780,6,ISL,0,3,7516.1,1,
780,7,ISL,1,4,12700.15,1,
780,8,ISL,2,5,11030.04,1,
780,45,GSL,0,6,8682.0,0,-37.97
780,46,GSL,1,6,4425.34,0,-12.57
780,47,GSL,2,6,13057.9,0,-78.77
780,48,GSL,3,6,9633.88,0,-44.15
780,49,GSL,4,6,11721.78,0,-60.57
780,50,GSL,5,6,5937.82,0,-21.68
780,51,GSL,0,7,9818.31,0,-45.41
780,52,GSL,1,7,12566.33,0,-70.15
780,53,GSL,2,7,3340.33,0,-5.19
780,54,GSL,3,7,8022.79,0,-33.93
780,55,GSL,4,7,7343.4,0,-29.88
780,56,GSL,5,7,12131.73,0,-64.8
790,0,ISL,0,1,11987.52,1,
790,1,ISL,1,2,11987.52,1,
790,2,ISL,2,0,11987.52,1,
790,3,ISL,3,4,11987.52,1,
790,4,ISL,4,5,11987.52,1,
790,5,ISL,5,3,11987.52,1,
790,6,ISL,0,3,7483.55,1,
790,7,ISL,1,4,12667.16,1,
790,8,ISL,2,5,11089.93,1,
790,45,GSL,0,6,8629.14,0,-37.64
790,46,GSL,1,6,4490.39,0,-12.98
790,47,GSL,2,6,13070.73,0,-79.08
790,48,GSL,3,6,9666.69,0,-44.37
790,49,GSL,4,6,11707.79,0,-60.44
790,50,GSL,5,6,5912.04,0,-21.53
790,51,GSL,0,7,9863.16,0,-45.72
790,52,GSL,1,7,12546.08,0,-69.87
790,53,GSL,2,7,3283.86,0,-4.76
790,54,GSL,3,7,7986.67,0,-33.71
790,55,GSL,4,7,7376.04,0,-30.07
790,56,GSL,5,7,12135.76,0,-64.84
800,0,ISL,0,1,11987.52,1,
800,1,ISL,1,2,11987.52,1,
800,2,ISL,2,0,11987.52,1,
800,3,ISL,3,4,11987.52,1,
800,4,ISL,4,5,11987.52,1,
800,5,ISL,5,3,11987.52,1,
800,6,ISL,0,3,7452.71,1,
800,7,ISL,1,4,12633.2,1,
800,8,ISL,2,5,11149.29,1,
800,45,GSL,0,6,8576.03,0,-37.31
800,46,GSL,1,6,4555.34,0,-13.39
800,47,GSL,2,6,13083.2,0,-79.4
800,48,GSL,3,6,9699.41,0,-44.59
800,49,GSL,4,6,11693.53,0,-60.3
800,50,GSL,5,6,5886.64,0,-21.38
800,51,GSL,0,7,9907.77,0,-46.03
800,52,GSL,1,7,12525.49,0,-69.59
800,53,GSL,2,7,3227.7,0,-4.33
800,54,GSL,3,7,7950.51,0,-33.49
800,55,GSL,4,7,7408.84,0,-30.27
800,56,GSL,5,7,12139.52,0,-64.88
810,0,ISL,0,1,11987.52,1,
810,1,ISL,1,2,11987.52,1,
810,2,ISL,2,0,11987.52,1,
810,3,ISL,3,4,11987.52,1,
810,4,ISL,4,5,11987.52,1,
810,5,ISL,5,3,11987.52,1,
810,6,ISL,0,3,7423.61,1,
810,7,ISL,1,4,12598.25,1,
810,8,ISL,2,5,11208.09,1,
810,45,GSL,0,6,8522.69,0,-36.98
810,46,GSL,1,6,4620.2,0,-13.79
810,47,GSL,2,6,13095.31,0,-79.71
810,48,GSL,3,6,9732.02,0,-44.82
810,49,GSL,4,6,11678.99,0,-60.16
810,50,GSL,5,6,5861.63,0,-21.23
810,51,GSL,0,7,9952.13,0,-46.34
810,52,GSL,1,7,12504.56,0,-69.31
810,53,GSL,2,7,3171.86,0,-3.9
810,54,GSL,3,7,7914.32,0,-33.27
810,55,GSL,4,7,7441.78,0,-30.46
810,56,GSL,5,7,12143.02,0,-64.92
820,0,ISL,0,1,11987.52,1,
820,1,ISL,1,2,11987.52,1,
820,2,ISL,2,0,11987.52,1,
820,3,ISL,3,4,11987.52,1,
820,4,ISL,4,5,11987.52,1,
820,5,ISL,5,3,11987.52,1,
820,6,ISL,0,3,7396.28,1,
820,7,ISL,1,4,12562.33,1,
820,8,ISL,2,5,11266.32,1,
820,45,GSL,0,6,8469.12,0,-36.65
820,46,GSL,1,6,4684.95,0,-14.19
820,47,GSL,2,6,13107.06,0,-80.02
820,48,GSL,3,6,9764.52,0,-45.04
820,49,GSL,4,6,11664.18,0,-60.02
820,50,GSL,5,6,5837.02,0,-21.09
820,51,GSL,0,7,9996.26,0,-46.65
820,52,GSL,1,7,12483.3,0,-69.02
820,53,GSL,2,7,3116.37,0,-3.47
820,54,GSL,3,7,7878.1,0,-33.06
820,55,GSL,4,7,7474.87,0,-30.66
820,56,GSL,5,7,12146.26,0,-64.96
830,0,ISL,0,1,11987.52,1,
830,1,ISL,1,2,11987.52,1,
830,2,ISL,2,0,11987.52,1,
830,3,ISL,3,4,11987.52,1,
830,4,ISL,4,5,11987.52,1,
830,5,ISL,5,3,11987.52,1,
830,6,ISL,0,3,7370.75,1,
830,7,ISL,1,4,12525.46,1,
830,8,ISL,2,5,11323.96,1,
830,45,GSL,0,6,8415.31,0,-36.32
830,46,GSL,1,6,4749.59,0,-14.59
830,47,GSL,2,6,13118.45,0,-80.34
830,48,GSL,3,6,9796.92,0,-45.26
830,49,GSL,4,6,11649.09,0,-59.88
830,50,GSL,5,6,5812.81,0,-20.95
830,51,GSL,0,7,10040.13,0,-46.95
830,52,GSL,1,7,12461.7,0,-68.74
830,53,GSL,2,7,3061.26,0,-3.03
830,54,GSL,3,7,7841.84,0,-32.84
830,55,GSL,4,7,7508.1,0,-30.85
830,56,GSL,5,7,12149.22,0,-64.99
840,0,ISL,0,1,11987.52,1,
840,1,ISL,1,2,11987.52,1,
840,2,ISL,2,0,11987.52,1,
840,3,ISL,3,4,11987.52,1,
840,4,ISL,4,5,11987.52,1,
840,5,ISL,5,3,11987.52,1,
840,6,ISL,0,3,7347.07,1,
840,7,ISL,1,4,12487.63,1,
840,8,ISL,2,5,11380.99,1,
840,45,GSL,0,6,8361.27,0,-35.99
840,46,GSL,1,6,4814.13,0,-14.99
840,47,GSL,2,6,13129.47,0,-80.65
840,48,GSL,3,6,9829.2,0,-45.48
840,49,GSL,4,6,11633.73,0,-59.74
840,50,GSL,5,6,5789.01,0,-20.81
840,51,GSL,0,7,10083.77,0,-47.26
840,52,GSL,1,7,12439.77,0,-68.46
840,53,GSL,2,7,3006.56,0,-2.59
840,54,GSL,3,7,7805.56,0,-32.62
840,55,GSL,4,7,7541.46,0,-31.05
840,56,GSL,5,7,12151.92,0,-65.02
850,0,ISL,0,1,11987.52,1,
850,1,ISL,1,2,11987.52,1,
850,2,ISL,2,0,11987.52,1,
850,3,ISL,3,4,11987.52,1,
850,4,ISL,4,5,11987.52,1,
850,5,ISL,5,3,11987.52,1,
850,6,ISL,0,3,7325.24,1,
850,7,ISL,1,4,12448.86,1,
850,8,ISL,2,5,11437.39,1,
850,45,GSL,0,6,8307.0,0,-35.65
850,46,GSL,1,6,4878.56,0,-15.38
850,47,GSL,2,6,13140.13,0,-80.96
850,48,GSL,3,6,9861.37,0,-45.7
850,49,GSL,4,6,11618.1,0,-59.59
850,50,GSL,5,6,5765.64,0,-20.67
850,51,GSL,0,7,10127.15,0,-47.57
850,52,GSL,1,7,12417.51,0,-68.18
850,53,GSL,2,7,2952.29,0,-2.14
850,54,GSL,3,7,7769.26,0,-32.4
850,55,GSL,4,7,7574.95,0,-31.25
850,56,GSL,5,7,12154.36,0,-65.05
860,0,ISL,0,1,11987.52,1,
860,1,ISL,1,2,11987.52,1,
860,2,ISL,2,0,11987.52,1,
860,3,ISL,3,4,11987.52,1,
860,4,ISL,4,5,11987.52,1,
860,5,ISL,5,3,11987.52,1,
860,6,ISL,0,3,7305.31,1,
860,7,ISL,1,4,12409.16,1,
860,8,ISL,2,5,11493.14,1,
860,45,GSL,0,6,8252.5,0,-35.32
860,46,GSL,1,6,4942.87,0,-15.77
860,47,GSL,2,6,13150.44,0,-81.27
860,48,GSL,3,6,9893.43,0,-45.93
860,49,GSL,4,6,11602.2,0,-59.44
860,50,GSL,5,6,5742.7,0,-20.54
860,51,GSL,0,7,10170.28,0,-47.88
860,52,GSL,1,7,12394.91,0,-67.89
860,53,GSL,2,7,2898.48,0,-1.69
860,54,GSL,3,7,7732.95,0,-32.19
860,55,GSL,4,7,7608.56,0,-31.45
860,56,GSL,5,7,12156.52,0,-65.07
870,0,ISL,0,1,11987.52,1,
870,1,ISL,1,2,11987.52,1,
870,2,ISL,2,0,11987.52,1,
870,3,ISL,3,4,11987.52,1,
870,4,ISL,4,5,11987.52,1,
870,5,ISL,5,3,11987.52,1,
870,6,ISL,0,3,7287.3,1,
870,7,ISL,1,4,12368.54,1,
870,8,ISL,2,5,11548.23,1,
870,45,GSL,0,6,8197.77,0,-34.99
870,46,GSL,1,6,5007.07,0,-16.16
870,47,GSL,2,6,13160.38,0,-81.59
870,48,GSL,3,6,9925.37,0,-46.15
870,49,GSL,4,6,11586.03,0,-59.29
870,50,GSL,5,6,5720.2,0,-20.4
870,51,GSL,0,7,10213.17,0,-48.19
870,52,GSL,1,7,12371.98,0,-67.61
870,53,GSL,2,7,2845.17,0,-1.24
870,54,GSL,3,7,7696.62,0,-31.97
870,55,GSL,4,7,7642.29,0,-31.65
870,56,GSL,5,7,12158.42,0,-65.1
880,0,ISL,0,1,11987.52,1,
880,1,ISL,1,2,11987.52,1,
880,2,ISL,2,0,11987.52,1,
880,3,ISL,3,4,11987.52,1,
880,4,ISL,4,5,11987.52,1,
880,5,ISL,5,3,11987.52,1,
880,6,ISL,0,3,7271.23,1,
880,7,ISL,1,4,12327.01,1,
880,8,ISL,2,5,11602.64,1,
880,45,GSL,0,6,8142.82,0,-34.65
880,46,GSL,1,6,5071.15,0,-16.55
880,47,GSL,2,6,13169.95,0,-81.9
880,48,GSL,3,6,9957.18,0,-46.37
880,49,GSL,4,6,11569.58,0,-59.14
880,50,GSL,5,6,5698.15,0,-20.27
880,51,GSL,0,7,10255.8,0,-48.5
880,52,GSL,1,7,12348.72,0,-67.32
880,53,GSL,2,7,2792.4,0,-0.78
880,54,GSL,3,7,7660.28,0,-31.75
880,55,GSL,4,7,7676.13,0,-31.85
880,56,GSL,5,7,12160.05,0,-65.11
890,0,ISL,0,1,11987.52,1,
890,1,ISL,1,2,11987.52,1,
890,2,ISL,2,0,11987.52,1,
890,3,ISL,3,4,11987.52,1,
890,4,ISL,4,5,11987.52,1,
890,5,ISL,5,3,11987.52,1,
890,6,ISL,0,3,7257.13,1,
890,7,ISL,1,4,12284.57,1,
890,8,ISL,2,5,11656.35,1,
890,45,GSL,0,6,8087.64,0,-34.32
890,46,GSL,1,6,5135.11,0,-16.93
890,47,GSL,2,6,13179.17,0,-82.21
890,48,GSL,3,6,9988.87,0,-46.59
890,49,GSL,4,6,11552.87,0,-58.98
890,50,GSL,5,6,5676.55,0,-20.15
890,51,GSL,0,7,10298.17,0,-48.81
890,52,GSL,1,7,12325.12,0,-67.03
890,53,GSL,2,7,2740.19,0,-0.32
890,54,GSL,3,7,7623.94,0,-31.54
890,55,GSL,4,7,7710.08,0,-32.05
890,56,GSL,5,7,12161.41,0,-65.13
900,0,ISL,0,1,11987.52,1,
900,1,ISL,1,2,11987.52,1,
900,2,ISL,2,0,11987.52,1,
900,3,ISL,3,4,11987.52,1,
900,4,ISL,4,5,11987.52,1,
900,5,ISL,5,3,11987.52,1,
900,6,ISL,0,3,7245.0,1,
900,7,ISL,1,4,12241.25,1,
900,8,ISL,2,5,11709.35,1,
900,45,GSL,0,6,8032.24,0,-33.98
900,46,GSL,1,6,5198.94,0,-17.32
900,47,GSL,2,6,13188.02,0,-82.52
900,48,GSL,3,6,10020.44,0,-46.82
900,49,GSL,4,6,11535.89,0,-58.83
900,50,GSL,5,6,5655.42,0,-20.02
900,51,GSL,0,7,10340.29,0,-49.12
900,52,GSL,1,7,12301.2,0,-66.75
900,53,GSL,2,7,2688.59,0,0.14
900,54,GSL,3,7,7587.59,0,-31.32
900,55,GSL,4,7,7744.14,0,-32.25
900,56,GSL,5,7,12162.5,0,-65.14
910,0,ISL,0,1,11987.52,1,
910,1,ISL,1,2,11987.52,1,
910,2,ISL,2,0,11987.52,1,
910,3,ISL,3,4,11987.52,1,
910,4,ISL,4,5,11987.52,1,
910,5,ISL,5,3,11987.52,1,
910,6,ISL,0,3,7234.87,1,
910,7,ISL,1,4,12197.05,1,
910,8,ISL,2,5,11761.62,1,
910,45,GSL,0,6,7976.62,0,-33.65
910,46,GSL,1,6,5262.65,0,-17.7
910,47,GSL,2,6,13196.5,0,-82.84
910,48,GSL,3,6,10051.87,0,-47.04
910,49,GSL,4,6,11518.63,0,-58.67
910,50,GSL,5,6,5634.77,0,-19.9
910,51,GSL,0,7,10382.15,0,-49.42
910,52,GSL,1,7,12276.95,0,-66.46
910,53,GSL,2,7,2637.65,0,0.6
910,54,GSL,3,7,7551.26,0,-31.11
910,55,GSL,4,7,7778.29,0,-32.46
910,56,GSL,5,7,12163.32,0,-65.15
920,0,ISL,0,1,11987.52,1,
920,1,ISL,1,2,11987.52,1,
920,2,ISL,2,0,11987.52,1,
920,3,ISL,3,4,11987.52,1,
920,4,ISL,4,5,11987.52,1,
920,5,ISL,5,3,11987.52,1,
920,6,ISL,0,3,7226.74,1,
920,7,ISL,1,4,12151.99,1,
920,8,ISL,2,5,11813.15,1,
920,45,GSL,0,6,7920.78,0,-33.31
920,46,GSL,1,6,5326.23,0,-18.08
920,47,GSL,2,6,13204.62,0,-83.15
920,48,GSL,3,6,10083.18,0,-47.26
920,49,GSL,4,6,11501.11,0,-58.51
920,50,GSL,5,6,5614.59,0,-19.78
920,51,GSL,0,7,10423.76,0,-49.73
920,52,GSL,1,7,12252.36,0,-66.17
920,53,GSL,2,7,2587.4,0,1.07
920,54,GSL,3,7,7514.93,0,-30.89
920,55,GSL,4,7,7812.53,0,-32.66
920,56,GSL,5,7,12163.88,0,-65.16
930,0,ISL,0,1,11987.52,1,
930,1,ISL,1,2,11987.52,1,
930,2,ISL,2,0,11987.52,1,
930,3,ISL,3,4,11987.52,1,
930,4,ISL,4,5,11987.52,1,
930,5,ISL,5,3,11987.52,1,
930,6,ISL,0,3,7220.64,1,
930,7,ISL,1,4,12106.07,1,
930,8,ISL,2,5,11863.92,1,
930,45,GSL,0,6,7864.72,0,-32.98
930,46,GSL,1,6,5389.68,0,-18.45
930,47,GSL,2,6,13212.38,0,-83.46
930,48,GSL,3,6,10114.35,0,-47.48
930,49,GSL,4,6,11483.32,0,-58.35
930,50,GSL,5,6,5594.91,0,-19.67
930,51,GSL,0,7,10465.1,0,-50.04
930,52,GSL,1,7,12227.45,0,-65.88
930,53,GSL,2,7,2537.89,0,1.54
930,54,GSL,3,7,7478.61,0,-30.68
930,55,GSL,4,7,7846.87,0,-32.87
930,56,GSL,5,7,12164.16,0,-65.16
940,0,ISL,0,1,11987.52,1,
940,1,ISL,1,2,11987.52,1,
940,2,ISL,2,0,11987.52,1,
940,3,ISL,3,4,11987.52,1,
940,4,ISL,4,5,11987.52,1,
940,5,ISL,5,3,11987.52,1,
940,6,ISL,0,3,7216.57,1,
940,7,ISL,1,4,12059.31,1,
940,8,ISL,2,5,11913.91,1,
940,45,GSL,0,6,7808.45,0,-32.64
940,46,GSL,1,6,5453.0,0,-18.83
940,47,GSL,2,6,13219.78,0,-83.77
940,48,GSL,3,6,10145.38,0,-47.7
940,49,GSL,4,6,11465.26,0,-58.19
940,50,GSL,5,6,5575.72,0,-19.55
940,51,GSL,0,7,10506.18,0,-50.35
940,52,GSL,1,7,12202.21,0,-65.59
940,53,GSL,2,7,2489.18,0,2.01
940,54,GSL,3,7,7442.31,0,-30.46
940,55,GSL,4,7,7881.29,0,-33.07
940,56,GSL,5,7,12164.17,0,-65.16
950,0,ISL,0,1,11987.52,1,
950,1,ISL,1,2,11987.52,1,
950,2,ISL,2,0,11987.52,1,
950,3,ISL,3,4,11987.52,1,
950,4,ISL,4,5,11987.52,1,
950,5,ISL,5,3,11987.52,1,
950,6,ISL,0,3,7214.53,1,
950,7,ISL,1,4,12011.73,1,
950,8,ISL,2,5,11963.12,1,
950,45,GSL,0,6,7751.96,0,-32.3
950,46,GSL,1,6,5516.19,0,-19.2
950,47,GSL,2,6,13226.81,0,-84.08
950,48,GSL,3,6,10176.28,0,-47.92
950,49,GSL,4,6,11446.93,0,-58.02
950,50,GSL,5,6,5557.04,0,-19.44
950,51,GSL,0,7,10547.0,0,-50.65
950,52,GSL,1,7,12176.64,0,-65.3
950,53,GSL,2,7,2441.31,0,2.49
950,54,GSL,3,7,7406.03,0,-30.25
950,55,GSL,4,7,7915.79,0,-33.28
950,56,GSL,5,7,12163.91,0,-65.16
960,0,ISL,0,1,11987.52,1,
960,1,ISL,1,2,11987.52,1,
960,2,ISL,2,0,11987.52,1,
960,3,ISL,3,4,11987.52,1,
960,4,ISL,4,5,11987.52,1,
960,5,ISL,5,3,11987.52,1,
960,6,ISL,0,3,7214.52,1,
960,7,ISL,1,4,11963.32,1,
960,8,ISL,2,5,12011.52,1,
960,45,GSL,0,6,7695.26,0,-31.96
960,46,GSL,1,6,5579.23,0,-19.57
960,47,GSL,2,6,13233.47,0,-84.39
960,48,GSL,3,6,10207.03,0,-48.15
960,49,GSL,4,6,11428.34,0,-57.85
960,50,GSL,5,6,5538.88,0,-19.34
960,51,GSL,0,7,10587.55,0,-50.96
960,52,GSL,1,7,12150.74,0,-65.01
960,53,GSL,2,7,2394.34,0,2.96
960,54,GSL,3,7,7369.78,0,-30.04
960,55,GSL,4,7,7950.36,0,-33.49
960,56,GSL,5,7,12163.38,0,-65.15
970,0,ISL,0,1,11987.52,1,
970,1,ISL,1,2,11987.52,1,
970,2,ISL,2,0,11987.52,1,
970,3,ISL,3,4,11987.52,1,
970,4,ISL,4,5,11987.52,1,
970,5,ISL,5,3,11987.52,1,
970,6,ISL,0,3,7216.56,1,
970,7,ISL,1,4,11914.12,1,
970,8,ISL,2,5,12059.11,1,
970,45,GSL,0,6,7638.35,0,-31.62
970,46,GSL,1,6,5642.14,0,-19.94
970,47,GSL,2,6,13239.77,0,-84.7
970,48,GSL,3,6,10237.64,0,-48.37
970,49,GSL,4,6,11409.48,0,-57.69
970,50,GSL,5,6,5521.24,0,-19.23
970,51,GSL,0,7,10627.84,0,-51.27
970,52,GSL,1,7,12124.52,0,-64.72
970,53,GSL,2,7,2348.34,0,3.44
970,54,GSL,3,7,7333.57,0,-29.82
970,55,GSL,4,7,7985.0,0,-33.7
970,56,GSL,5,7,12162.57,0,-65.14
980,0,ISL,0,1,11987.52,1,
980,1,ISL,1,2,11987.52,1,
980,2,ISL,2,0,11987.52,1,
980,3,ISL,3,4,11987.52,1,
980,4,ISL,4,5,11987.52,1,
980,5,ISL,5,3,11987.52,1,
980,6,ISL,0,3,7220.62,1,
980,7,ISL,1,4,11864.13,1,
980,8,ISL,2,5,12105.88,1,
980,45,GSL,0,6,7581.23,0,-31.29
980,46,GSL,1,6,5704.9,0,-20.31
980,47,GSL,2,6,13245.7,0,-85.01
980,48,GSL,3,6,10268.11,0,-48.59
980,49,GSL,4,6,11390.36,0,-57.52
980,50,GSL,5,6,5504.13,0,-19.13
980,51,GSL,0,7,10667.86,0,-51.58
980,52,GSL,1,7,12097.97,0,-64.43
980,53,GSL,2,7,2303.37,0,3.92
980,54,GSL,3,7,7297.39,0,-29.61
980,55,GSL,4,7,8019.71,0,-33.91
980,56,GSL,5,7,12161.5,0,-65.13
990,0,ISL,0,1,11987.52,1,
990,1,ISL,1,2,11987.52,1,
990,2,ISL,2,0,11987.52,1,
990,3,ISL,3,4,11987.52,1,
990,4,ISL,4,5,11987.52,1,
990,5,ISL,5,3,11987.52,1,
990,6,ISL,0,3,7226.71,1,
990,7,ISL,1,4,11813.37,1,
990,8,ISL,2,5,12151.8,1,
990,45,GSL,0,6,7523.9,0,-30.95
990,46,GSL,1,6,5767.52,0,-20.68
990,47,GSL,2,6,13251.27,0,-85.32
990,48,GSL,3,6,10298.42,0,-48.81
990,49,GSL,4,6,11370.97,0,-57.35
990,50,GSL,5,6,5487.55,0,-19.03
990,51,GSL,0,7,10707.62,0,-51.88
990,52,GSL,1,7,12071.09,0,-64.13
990,53,GSL,2,7,2259.49,0,4.39
990,54,GSL,3,7,7261.25,0,-29.4
990,55,GSL,4,7,8054.49,0,-34.12
990,56,GSL,5,7,12160.15,0,-65.11
1000,0,ISL,0,1,11987.52,1,
1000,1,ISL,1,2,11987.52,1,
1000,2,ISL,2,0,11987.52,1,
1000,3,ISL,3,4,11987.52,1,
1000,4,ISL,4,5,11987.52,1,
1000,5,ISL,5,3,11987.52,1,
1000,6,ISL,0,3,7234.83,1,
1000,7,ISL,1,4,11761.84,1,
1000,8,ISL,2,5,12196.86,1,
1000,45,GSL,0,6,7466.36,0,-30.61
1000,46,GSL,1,6,5830.0,0,-21.05
1000,47,GSL,2,6,13256.48,0,-85.63
1000,48,GSL,3,6,10328.59,0,-49.03
1000,49,GSL,4,6,11351.31,0,-57.17
1000,50,GSL,5,6,5471.53,0,-18.94
1000,51,GSL,0,7,10747.1,0,-52.19
1000,52,GSL,1,7,12043.9,0,-63.84
1000,53,GSL,2,7,2216.78,0,4.87
1000,54,GSL,3,7,7225.15,0,-29.18
1000,55,GSL,4,7,8089.32,0,-34.33
1000,56,GSL,5,7,12158.53,0,-65.1
1010,0,ISL,0,1,11987.52,1,
1010,1,ISL,1,2,11987.52,1,
1010,2,ISL,2,0,11987.52,1,
1010,3,ISL,3,4,11987.52,1,
1010,4,ISL,4,5,11987.52,1,
1010,5,ISL,5,3,11987.52,1,
1010,6,ISL,0,3,7244.95,1,
1010,7,ISL,1,4,11709.57,1,
1010,8,ISL,2,5,12241.07,1,
1010,45,GSL,0,6,7408.62,0,-30.26
1010,46,GSL,1,6,5892.33,0,-21.41
1010,47,GSL,2,6,13261.31,0,-85.94
1010,48,GSL,3,6,10358.6,0,-49.25
1010,49,GSL,4,6,11331.4,0,-57.0
1010,50,GSL,5,6,5456.05,0,-18.85
1010,51,GSL,0,7,10786.31,0,-52.5
1010,52,GSL,1,7,12016.37,0,-63.55
1010,53,GSL,2,7,2175.31,0,5.34
1010,54,GSL,3,7,7189.11,0,-28.97
1010,55,GSL,4,7,8124.2,0,-34.54
1010,56,GSL,5,7,12156.63,0,-65.08
1020,0,ISL,0,1,11987.52,1,
1020,1,ISL,1,2,11987.52,1,
1020,2,ISL,2,0,11987.52,1,
1020,3,ISL,3,4,11987.52,1,
1020,4,ISL,4,5,11987.52,1,
1020,5,ISL,5,3,11987.52,1,
1020,6,ISL,0,3,7257.07,1,
1020,7,ISL,1,4,11656.58,1,
1020,8,ISL,2,5,12284.39,1,
1020,45,GSL,0,6,7350.68,0,-29.92
1020,46,GSL,1,6,5954.5,0,-21.77
1020,47,GSL,2,6,13265.79,0,-86.25
1020,48,GSL,3,6,10388.46,0,-49.47
1020,49,GSL,4,6,11311.22,0,-56.82
1020,50,GSL,5,6,5441.14,0,-18.76
1020,51,GSL,0,7,10825.25,0,-52.8
1020,52,GSL,1,7,11988.53,0,-63.25
1020,53,GSL,2,7,2135.15,0,5.81
1020,54,GSL,3,7,7153.13,0,-28.76
1020,55,GSL,4,7,8159.13,0,-34.75
1020,56,GSL,5,7,12154.46,0,-65.05
1030,0,ISL,0,1,11987.52,1,
1030,1,ISL,1,2,11987.52,1,
1030,2,ISL,2,0,11987.52,1,
1030,3,ISL,3,4,11987.52,1,
1030,4,ISL,4,5,11987.52,1,
1030,5,ISL,5,3,11987.52,1,
1030,6,ISL,0,3,7271.17,1,
1030,7,ISL,1,4,11602.87,1,
1030,8,ISL,2,5,12326.83,1,
1030,45,GSL,0,6,7292.53,0,-29.58
1030,46,GSL,1,6,6016.53,0,-22.14
1030,47,GSL,2,6,13269.89,0,-86.55
1030,48,GSL,3,6,10418.16,0,-49.69
1030,49,GSL,4,6,11290.77,0,-56.65
1030,50,GSL,5,6,5426.79,0,-18.67
1030,51,GSL,0,7,10863.91,0,-53.11
1030,52,GSL,1,7,11960.36,0,-62.96
1030,53,GSL,2,7,2096.38,0,6.27
1030,54,GSL,3,7,7117.21,0,-28.55
1030,55,GSL,4,7,8194.1,0,-34.96
1030,56,GSL,5,7,12152.02,0,-65.02
1040,0,ISL,0,1,11987.52,1,
1040,1,ISL,1,2,11987.52,1,
1040,2,ISL,2,0,11987.52,1,
1040,3,ISL,3,4,11987.52,1,
1040,4,ISL,4,5,11987.52,1,
1040,5,ISL,5,3,11987.52,1,
1040,6,ISL,0,3,7287.23,1,
1040,7,ISL,1,4,11548.46,1,
1040,8,ISL,2,5,12368.36,1,
1040,45,GSL,0,6,7234.19,0,-29.24
1040,46,GSL,1,6,6078.4,0,-22.5
1040,47,GSL,2,6,13273.63,0,-86.86
1040,48,GSL,3,6,10447.7,0,-49.91
1040,49,GSL,4,6,11270.07,0,-56.47
1040,50,GSL,5,6,5413.02,0,-18.59
1040,51,GSL,0,7,10902.3,0,-53.42
1040,52,GSL,1,7,11931.87,0,-62.66
1040,53,GSL,2,7,2059.1,0,6.72
1040,54,GSL,3,7,7081.35,0,-28.34
1040,55,GSL,4,7,8229.12,0,-35.18
1040,56,GSL,5,7,12149.31,0,-64.99
1050,0,ISL,0,1,11987.52,1,
1050,1,ISL,1,2,11987.52,1,
1050,2,ISL,2,0,11987.52,1,
1050,3,ISL,3,4,11987.52,1,
1050,4,ISL,4,5,11987.52,1,
1050,5,ISL,5,3,11987.52,1,
1050,6,ISL,0,3,7305.23,1,
1050,7,ISL,1,4,11493.38,1,
1050,8,ISL,2,5,12408.99,1,
1050,45,GSL,0,6,7175.65,0,-28.89
1050,46,GSL,1,6,6140.11,0,-22.86
1050,47,GSL,2,6,13277.0,0,-87.16
1050,48,GSL,3,6,10477.08,0,-50.13
1050,49,GSL,4,6,11249.1,0,-56.29
1050,50,GSL,5,6,5399.83,0,-18.51
1050,51,GSL,0,7,10940.42,0,-53.72
1050,52,GSL,1,7,11903.06,0,-62.37
1050,53,GSL,2,7,2023.39,0,7.17
1050,54,GSL,3,7,7045.57,0,-28.13
1050,55,GSL,4,7,8264.17,0,-35.39
1050,56,GSL,5,7,12146.32,0,-64.96
1060,0,ISL,0,1,11987.52,1,
1060,1,ISL,1,2,11987.52,1,
1060,2,ISL,2,0,11987.52,1,
1060,3,ISL,3,4,11987.52,1,
1060,4,ISL,4,5,11987.52,1,
1060,5,ISL,5,3,11987.52,1,
1060,6,ISL,0,3,7325.15,1,
1060,7,ISL,1,4,11437.63,1,
1060,8,ISL,2,5,12448.69,1,
1060,45,GSL,0,6,7116.91,0,-28.55
1060,46,GSL,1,6,6201.67,0,-23.22
1060,47,GSL,2,6,13280.01,0,-87.46
1060,48,GSL,3,6,10506.29,0,-50.35
1060,49,GSL,4,6,11227.88,0,-56.11
1060,50,GSL,5,6,5387.22,0,-18.44
1060,51,GSL,0,7,10978.25,0,-54.03
1060,52,GSL,1,7,11873.93,0,-62.07
1060,53,GSL,2,7,1989.33,0,7.6
1060,54,GSL,3,7,7009.87,0,-27.92
1060,55,GSL,4,7,8299.25,0,-35.61
1060,56,GSL,5,7,12143.05,0,-64.92
1070,0,ISL,0,1,11987.52,1,
1070,1,ISL,1,2,11987.52,1,
1070,2,ISL,2,0,11987.52,1,
1070,3,ISL,3,4,11987.52,1,
1070,4,ISL,4,5,11987.52,1,
1070,5,ISL,5,3,11987.52,1,
1070,6,ISL,0,3,7346.97,1,
1070,7,ISL,1,4,11381.23,1,
1070,8,ISL,2,5,12487.47,1,
1070,45,GSL,0,6,7057.97,0,-28.2
1070,46,GSL,1,6,6263.06,0,-23.57
1070,47,GSL,2,6,13282.65,0,-87.76
1070,48,GSL,3,6,10535.34,0,-50.57
1070,49,GSL,4,6,11206.39,0,-55.92
1070,50,GSL,5,6,5375.21,0,-18.37
1070,51,GSL,0,7,11015.81,0,-54.34
1070,52,GSL,1,7,11844.48,0,-61.78
1070,53,GSL,2,7,1957.02,0,8.02
1070,54,GSL,3,7,6974.25,0,-27.72
1070,55,GSL,4,7,8334.36,0,-35.82
1070,56,GSL,5,7,12139.51,0,-64.88
1080,0,ISL,0,1,11987.52,1,
1080,1,ISL,1,2,11987.52,1,
1080,2,ISL,2,0,11987.52,1,
1080,3,ISL,3,4,11987.52,1,
1080,4,ISL,4,5,11987.52,1,
1080,5,ISL,5,3,11987.52,1,
1080,6,ISL,0,3,7370.65,1,
1080,7,ISL,1,4,11324.2,1,
1080,8,ISL,2,5,12525.3,1,
1080,45,GSL,0,6,6998.85,0,-27.86
1080,46,GSL,1,6,6324.29,0,-23.93
1080,47,GSL,2,6,13284.92,0,-88.05
1080,48,GSL,3,6,10564.23,0,-50.78
1080,49,GSL,4,6,11184.65,0,-55.74
1080,50,GSL,5,6,5363.8,0,-18.3
1080,51,GSL,0,7,11053.08,0,-54.64
1080,52,GSL,1,7,11814.71,0,-61.48
1080,53,GSL,2,7,1926.55,0,8.43
1080,54,GSL,3,7,6938.73,0,-27.51
1080,55,GSL,4,7,8369.5,0,-36.04
1080,56,GSL,5,7,12135.7,0,-64.84
1090,0,ISL,0,1,11987.52,1,
1090,1,ISL,1,2,11987.52,1,
1090,2,ISL,2,0,11987.52,1,
1090,3,ISL,3,4,11987.52,1,
1090,4,ISL,4,5,11987.52,1,
1090,5,ISL,5,3,11987.52,1,
1090,6,ISL,0,3,7396.17,1,
1090,7,ISL,1,4,11266.57,1,
1090,8,ISL,2,5,12562.18,1,
1090,45,GSL,0,6,6939.53,0,-27.51
1090,46,GSL,1,6,6385.36,0,-24.28
1090,47,GSL,2,6,13286.83,0,-88.33
1090,48,GSL,3,6,10592.94,0,-51.0
1090,49,GSL,4,6,11162.65,0,-55.55
1090,50,GSL,5,6,5353.0,0,-18.24
1090,51,GSL,0,7,11090.08,0,-54.95
1090,52,GSL,1,7,11784.63,0,-61.18
1090,53,GSL,2,7,1898.01,0,8.82
1090,54,GSL,3,7,6903.29,0,-27.3
1090,55,GSL,4,7,8404.65,0,-36.25
1090,56,GSL,5,7,12131.61,0,-64.8
1100,0,ISL,0,1,11987.52,1,
1100,1,ISL,1,2,11987.52,1,
1100,2,ISL,2,0,11987.52,1,
1100,3,ISL,3,4,11987.52,1,
1100,4,ISL,4,5,11987.52,1,
1100,5,ISL,5,3,11987.52,1,
1100,6,ISL,0,3,7423.49,1,
1100,7,ISL,1,4,11208.34,1,
1100,8,ISL,2,5,12598.1,1,
1100,45,GSL,0,6,6880.02,0,-27.17
1100,46,GSL,1,6,6446.26,0,-24.64
1100,47,GSL,2,6,13288.36,0,-88.6
1100,48,GSL,3,6,10621.48,0,-51.22
1100,49,GSL,4,6,11140.39,0,-55.37
1100,50,GSL,5,6,5342.8,0,-18.18
1100,51,GSL,0,7,11126.79,0,-55.25
1100,52,GSL,1,7,11754.22,0,-60.89
1100,53,GSL,2,7,1871.49,0,9.19
1100,54,GSL,3,7,6867.96,0,-27.09
1100,55,GSL,4,7,8439.82,0,-36.47
1100,56,GSL,5,7,12127.25,0,-64.75
1110,0,ISL,0,1,11987.52,1,
1110,1,ISL,1,2,11987.52,1,
1110,2,ISL,2,0,11987.52,1,
1110,3,ISL,3,4,11987.52,1,
1110,4,ISL,4,5,11987.52,1,
1110,5,ISL,5,3,11987.52,1,
1110,6,ISL,0,3,7452.59,1,
1110,7,ISL,1,4,11149.54,1,
1110,8,ISL,2,5,12633.05,1,
1110,45,GSL,0,6,6820.33,0,-26.82
1110,46,GSL,1,6,6506.99,0,-24.99
1110,47,GSL,2,6,13289.54,0,-88.85
1110,48,GSL,3,6,10649.84,0,-51.44
1110,49,GSL,4,6,11117.88,0,-55.18
1110,50,GSL,5,6,5333.23,0,-18.12
1110,51,GSL,0,7,11163.22,0,-55.56
1110,52,GSL,1,7,11723.5,0,-60.59
1110,53,GSL,2,7,1847.09,0,9.54
1110,54,GSL,3,7,6832.74,0,-26.89
1110,55,GSL,4,7,8475.0,0,-36.69
1110,56,GSL,5,7,12122.61,0,-64.7
1120,0,ISL,0,1,11987.52,1,
1120,1,ISL,1,2,11987.52,1,
1120,2,ISL,2,0,11987.52,1,
1120,3,ISL,3,4,11987.52,1,
1120,4,ISL,4,5,11987.52,1,
1120,5,ISL,5,3,11987.52,1,
1120,6,ISL,0,3,7483.42,1,
1120,7,ISL,1,4,11090.18,1,
1120,8,ISL,2,5,12667.02,1,
1120,45,GSL,0,6,6760.45,0,-26.47
1120,46,GSL,1,6,6567.55,0,-25.34
1120,47,GSL,2,6,13290.34,0,-89.06
1120,48,GSL,3,6,10678.03,0,-51.65
1120,49,GSL,4,6,11095.11,0,-54.99
1120,50,GSL,5,6,5324.27,0,-18.06
1120,51,GSL,0,7,11199.36,0,-55.86
1120,52,GSL,1,7,11692.47,0,-60.29
1120,53,GSL,2,7,1824.9,0,9.86
1120,54,GSL,3,7,6797.63,0,-26.68
1120,55,GSL,4,7,8510.19,0,-36.9
1120,56,GSL,5,7,12117.7,0,-64.64
1130,0,ISL,0,1,11987.52,1,
1130,1,ISL,1,2,11987.52,1,
1130,2,ISL,2,0,11987.52,1,
1130,3,ISL,3,4,11987.52,1,
1130,4,ISL,4,5,11987.52,1,
1130,5,ISL,5,3,11987.52,1,
1130,6,ISL,0,3,7515.96,1,
1130,7,ISL,1,4,11030.29,1,
1130,8,ISL,2,5,12700.01,1,
1130,45,GSL,0,6,6700.39,0,-26.12
1130,46,GSL,1,6,6627.94,0,-25.7
1130,47,GSL,2,6,13290.78,0,-89.19
1130,48,GSL,3,6,10706.04,0,-51.87
1130,49,GSL,4,6,11072.09,0,-54.8
1130,50,GSL,5,6,5315.94,0,-18.02
1130,51,GSL,0,7,11235.21,0,-56.17
1130,52,GSL,1,7,11661.12,0,-59.99
1130,53,GSL,2,7,1804.99,1,10.15
1130,54,GSL,3,7,6762.64,0,-26.48
1130,55,GSL,4,7,8545.38,0,-37.12
1130,56,GSL,5,7,12112.51,0,-64.59
1140,0,ISL,0,1,11987.52,1,
1140,1,ISL,1,2,11987.52,1,
1140,2,ISL,2,0,11987.52,1,
1140,3,ISL,3,4,11987.52,1,
1140,4,ISL,4,5,11987.52,1,
1140,5,ISL,5,3,11987.52,1,
1140,6,ISL,0,3,7550.16,1,
1140,7,ISL,1,4,10969.89,1,
1140,8,ISL,2,5,12732.0,1,
1140,45,GSL,0,6,6640.14,0,-25.77
1140,46,GSL,1,6,6688.16,0,-26.05
1140,47,GSL,2,6,13290.85,0,-89.21
1140,48,GSL,3,6,10733.87,0,-52.09
1140,49,GSL,4,6,11048.81,0,-54.61
1140,50,GSL,5,6,5308.25,0,-17.97
1140,51,GSL,0,7,11270.78,0,-56.47
1140,52,GSL,1,7,11629.45,0,-59.7
1140,53,GSL,2,7,1787.45,1,10.41
1140,54,GSL,3,7,6727.78,0,-26.28
1140,55,GSL,4,7,8580.58,0,-37.34
1140,56,GSL,5,7,12107.04,0,-64.53
1150,0,ISL,0,1,11987.52,1,
1150,1,ISL,1,2,11987.52,1,
1150,2,ISL,2,0,11987.52,1,
1150,3,ISL,3,4,11987.52,1,
1150,4,ISL,4,5,11987.52,1,
1150,5,ISL,5,3,11987.52,1,
1150,6,ISL,0,3,7585.98,1,
1150,7,ISL,1,4,10909.0,1,
1150,8,ISL,2,5,12762.99,1,
1150,45,GSL,0,6,6579.72,0,-25.42
1150,46,GSL,1,6,6748.2,0,-26.4
1150,47,GSL,2,6,13290.55,0,-89.12
1150,48,GSL,3,6,10761.52,0,-52.3
1150,49,GSL,4,6,11025.28,0,-54.41
1150,50,GSL,5,6,5301.19,0,-17.93
1150,51,GSL,0,7,11306.06,0,-56.78
1150,52,GSL,1,7,11597.48,0,-59.4
1150,53,GSL,2,7,1772.35,1,10.64
1150,54,GSL,3,7,6693.04,0,-26.08
1150,55,GSL,4,7,8615.77,0,-37.56
1150,56,GSL,5,7,12101.3,0,-64.46
1160,0,ISL,0,1,11987.52,1,
1160,1,ISL,1,2,11987.52,1,
1160,2,ISL,2,0,11987.52,1,
1160,3,ISL,3,4,11987.52,1,
1160,4,ISL,4,5,11987.52,1,
1160,5,ISL,5,3,11987.52,1,
1160,6,ISL,0,3,7623.39,1,
1160,7,ISL,1,4,10847.63,1,
1160,8,ISL,2,5,12792.97,1,
1160,45,GSL,0,6,6519.11,0,-25.06
1160,46,GSL,1,6,6808.06,0,-26.75
1160,47,GSL,2,6,13289.89,0,-88.94
1160,48,GSL,3,6,10788.98,0,-52.52
1160,49,GSL,4,6,11001.5,0,-54.22
1160,50,GSL,5,6,5294.77,0,-17.89
1160,51,GSL,0,7,11341.05,0,-57.08
1160,52,GSL,1,7,11565.19,0,-59.1
1160,53,GSL,2,7,1759.75,1,10.83
1160,54,GSL,3,7,6658.45,0,-25.87
1160,55,GSL,4,7,8650.95,0,-37.78
1160,56,GSL,5,7,12095.28,0,-64.4
1170,0,ISL,0,1,11987.52,1,
1170,1,ISL,1,2,11987.52,1,
1170,2,ISL,2,0,11987.52,1,
1170,3,ISL,3,4,11987.52,1,
1170,4,ISL,4,5,11987.52,1,
1170,5,ISL,5,3,11987.52,1,
1170,6,ISL,0,3,7662.35,1,
1170,7,ISL,1,4,10785.81,1,
1170,8,ISL,2,5,12821.93,1,
1170,45,GSL,0,6,6458.33,0,-24.71
1170,46,GSL,1,6,6867.74,0,-27.09
1170,47,GSL,2,6,13288.86,0,-88.7
1170,48,GSL,3,6,10816.26,0,-52.73
1170,49,GSL,4,6,10977.46,0,-54.02
1170,50,GSL,5,6,5289.0,0,-17.85
1170,51,GSL,0,7,11375.74,0,-57.39
1170,52,GSL,1,7,11532.59,0,-58.8
1170,53,GSL,2,7,1749.72,1,10.99
1170,54,GSL,3,7,6624.0,0,-25.67
1170,55,GSL,4,7,8686.12,0,-38.0
1170,56,GSL,5,7,12088.99,0,-64.33
1180,0,ISL,0,1,11987.52,1,
1180,1,ISL,1,2,11987.52,1,
1180,2,ISL,2,0,11987.52,1,
1180,3,ISL,3,4,11987.52,1,
1180,4,ISL,4,5,11987.52,1,
1180,5,ISL,5,3,11987.52,1,
1180,6,ISL,0,3,7702.81,1,
1180,7,ISL,1,4,10723.56,1,
1180,8,ISL,2,5,12849.87,1,
1180,45,GSL,0,6,6397.38,0,-24.35
1180,46,GSL,1,6,6927.24,0,-27.44
1180,47,GSL,2,6,13287.46,0,-88.44
1180,48,GSL,3,6,10843.35,0,-52.95
1180,49,GSL,4,6,10953.18,0,-53.83
1180,50,GSL,5,6,5283.87,0,-17.82
1180,51,GSL,0,7,11410.15,0,-57.69
1180,52,GSL,1,7,11499.68,0,-58.5
1180,53,GSL,2,7,1742.29,1,11.1
1180,54,GSL,3,7,6589.71,0,-25.47
1180,55,GSL,4,7,8721.28,0,-38.22
1180,56,GSL,5,7,12082.41,0,-64.26
1190,0,ISL,0,1,11987.52,1,
1190,1,ISL,1,2,11987.52,1,
1190,2,ISL,2,0,11987.52,1,
1190,3,ISL,3,4,11987.52,1,
1190,4,ISL,4,5,11987.52,1,
1190,5,ISL,5,3,11987.52,1,
1190,6,ISL,0,3,7744.73,1,
1190,7,ISL,1,4,10660.91,1,
1190,8,ISL,2,5,12876.77,1,
1190,45,GSL,0,6,6336.25,0,-24.0
1190,46,GSL,1,6,6986.55,0,-27.79
1190,47,GSL,2,6,13285.7,0,-88.16
1190,48,GSL,3,6,10870.25,0,-53.16
1190,49,GSL,4,6,10928.65,0,-53.63
1190,50,GSL,5,6,5279.4,0,-17.8
1190,51,GSL,0,7,11444.26,0,-58.0
1190,52,GSL,1,7,11466.46,0,-58.2
1190,53,GSL,2,7,1737.51,1,11.18
1190,54,GSL,3,7,6555.57,0,-25.28
1190,55,GSL,4,7,8756.42,0,-38.44
1190,56,GSL,5,7,12075.57,0,-64.18
1200,0,ISL,0,1,11987.52,1,
1200,1,ISL,1,2,11987.52,1,
1200,2,ISL,2,0,11987.52,1,
1200,3,ISL,3,4,11987.52,1,
1200,4,ISL,4,5,11987.52,1,
1200,5,ISL,5,3,11987.52,1,
1200,6,ISL,0,3,7788.06,1,
1200,7,ISL,1,4,10597.88,1,
1200,8,ISL,2,5,12902.64,1,
1200,45,GSL,0,6,6274.95,0,-23.64
1200,46,GSL,1,6,7045.68,0,-28.13
1200,47,GSL,2,6,13283.56,0,-87.87
1200,48,GSL,3,6,10896.95,0,-53.37
1200,49,GSL,4,6,10903.87,0,-53.43
1200,50,GSL,5,6,5275.58,0,-17.77
1200,51,GSL,0,7,11478.08,0,-58.3
1200,52,GSL,1,7,11432.93,0,-57.9
1200,53,GSL,2,7,1735.39,1,11.21
1200,54,GSL,3,7,6521.6,0,-25.08
1200,55,GSL,4,7,8791.53,0,-38.66
1200,56,GSL,5,7,12068.44,0,-64.11
1210,0,ISL,0,1,11987.52,1,
1210,1,ISL,1,2,11987.52,1,
1210,2,ISL,2,0,11987.52,1,
1210,3,ISL,3,4,11987.52,1,
1210,4,ISL,4,5,11987.52,1,
1210,5,ISL,5,3,11987.52,1,
1210,6,ISL,0,3,7832.77,1,
1210,7,ISL,1,4,10534.49,1,
1210,8,ISL,2,5,12927.47,1,
1210,45,GSL,0,6,6213.48,0,-23.28
1210,46,GSL,1,6,7104.62,0,-28.48
1210,47,GSL,2,6,13281.06,0,-87.58
1210,48,GSL,3,6,10923.47,0,-53.59
1210,49,GSL,4,6,10878.84,0,-53.23
1210,50,GSL,5,6,5272.41,0,-17.76
1210,51,GSL,0,7,11511.6,0,-58.61
1210,52,GSL,1,7,11399.09,0,-57.59
1210,53,GSL,2,7,1735.95,1,11.2
1210,54,GSL,3,7,6487.8,0,-24.88
1210,55,GSL,4,7,8826.63,0,-38.88
1210,56,GSL,5,7,12061.05,0,-64.03
1220,0,ISL,0,1,11987.52,1,
1220,1,ISL,1,2,11987.52,1,
1220,2,ISL,2,0,11987.52,1,
1220,3,ISL,3,4,11987.52,1,
1220,4,ISL,4,5,11987.52,1,
1220,5,ISL,5,3,11987.52,1,
1220,6,ISL,0,3,7878.8,1,
1220,7,ISL,1,4,10470.77,1,
1220,8,ISL,2,5,12951.24,1,
1220,45,GSL,0,6,6151.84,0,-22.93
1220,46,GSL,1,6,7163.38,0,-28.82
1220,47,GSL,2,6,13278.2,0,-87.28
1220,48,GSL,3,6,10949.79,0,-53.8
1220,49,GSL,4,6,10853.57,0,-53.03
1220,50,GSL,5,6,5269.91,0,-17.74
1220,51,GSL,0,7,11544.82,0,-58.91
1220,52,GSL,1,7,11364.95,0,-57.29
1220,53,GSL,2,7,1739.19,1,11.15
1220,54,GSL,3,7,6454.18,0,-24.69
1220,55,GSL,4,7,8861.69,0,-39.1
1220,56,GSL,5,7,12053.37,0,-63.94
1230,0,ISL,0,1,11987.52,1,
1230,1,ISL,1,2,11987.52,1,
1230,2,ISL,2,0,11987.52,1,
1230,3,ISL,3,4,11987.52,1,
1230,4,ISL,4,5,11987.52,1,
1230,5,ISL,5,3,11987.52,1,
1230,6,ISL,0,3,7926.12,1,
1230,7,ISL,1,4,10406.74,1,
1230,8,ISL,2,5,12973.96,1,
1230,45,GSL,0,6,6090.04,0,-22.57
1230,46,GSL,1,6,7221.94,0,-29.17
1230,47,GSL,2,6,13274.96,0,-86.98
1230,48,GSL,3,6,10975.91,0,-54.01
1230,49,GSL,4,6,10828.05,0,-52.83
1230,50,GSL,5,6,5268.06,0,-17.73
1230,51,GSL,0,7,11577.74,0,-59.21
1230,52,GSL,1,7,11330.5,0,-56.99
1230,53,GSL,2,7,1745.08,1,11.06
1230,54,GSL,3,7,6420.74,0,-24.49
1230,55,GSL,4,7,8896.72,0,-39.33
1230,56,GSL,5,7,12045.42,0,-63.86
1240,0,ISL,0,1,11987.52,1,
1240,1,ISL,1,2,11987.52,1,
1240,2,ISL,2,0,11987.52,1,
1240,3,ISL,3,4,11987.52,1,
1240,4,ISL,4,5,11987.52,1,
1240,5,ISL,5,3,11987.52,1,
1240,6,ISL,0,3,7974.67,1,
1240,7,ISL,1,4,10342.42,1,
1240,8,ISL,2,5,12995.62,1,
1240,45,GSL,0,6,6028.07,0,-22.2
1240,46,GSL,1,6,7280.31,0,-29.51
1240,47,GSL,2,6,13271.36,0,-86.67
1240,48,GSL,3,6,11001.83,0,-54.22
1240,49,GSL,4,6,10802.28,0,-52.62
1240,50,GSL,5,6,5266.88,0,-17.72
1240,51,GSL,0,7,11610.37,0,-59.52
1240,52,GSL,1,7,11295.74,0,-56.69
1240,53,GSL,2,7,1753.61,1,10.93
1240,54,GSL,3,7,6387.5,0,-24.3
1240,55,GSL,4,7,8931.72,0,-39.55
1240,56,GSL,5,7,12037.19,0,-63.77
1250,0,ISL,0,1,11987.52,1,
1250,1,ISL,1,2,11987.52,1,
1250,2,ISL,2,0,11987.52,1,
1250,3,ISL,3,4,11987.52,1,
1250,4,ISL,4,5,11987.52,1,
1250,5,ISL,5,3,11987.52,1,
1250,6,ISL,0,3,8024.42,1,
1250,7,ISL,1,4,10277.84,1,
1250,8,ISL,2,5,13016.21,1,
1250,45,GSL,0,6,5965.95,0,-21.84
1250,46,GSL,1,6,7338.48,0,-29.85
1250,47,GSL,2,6,13267.4,0,-86.37
1250,48,GSL,3,6,11027.55,0,-54.43
1250,49,GSL,4,6,10776.28,0,-52.42
1250,50,GSL,5,6,5266.36,0,-17.72
1250,51,GSL,0,7,11642.7,0,-59.82
1250,52,GSL,1,7,11260.68,0,-56.39
1250,53,GSL,2,7,1764.74,1,10.76
1250,54,GSL,3,7,6354.46,0,-24.11
1250,55,GSL,4,7,8966.67,0,-39.77
1250,56,GSL,5,7,12028.68,0,-63.68
1260,0,ISL,0,1,11987.52,1,
1260,1,ISL,1,2,11987.52,1,
1260,2,ISL,2,0,11987.52,1,
1260,3,ISL,3,4,11987.52,1,
1260,4,ISL,4,5,11987.52,1,
1260,5,ISL,5,3,11987.52,1,
1260,6,ISL,0,3,8075.3,1,
1260,7,ISL,1,4,10213.04,1,
1260,8,ISL,2,5,13035.74,1,
1260,45,GSL,0,6,5903.66,0,-21.48
1260,46,GSL,1,6,7396.46,0,-30.19
1260,47,GSL,2,6,13263.06,0,-86.06
1260,48,GSL,3,6,11053.07,0,-54.64
1260,49,GSL,4,6,10750.03,0,-52.21
1260,50,GSL,5,6,5266.51,0,-17.72
1260,51,GSL,0,7,11674.72,0,-60.12
1260,52,GSL,1,7,11225.32,0,-56.08
1260,53,GSL,2,7,1778.41,1,10.55
1260,54,GSL,3,7,6321.63,0,-23.91
1260,55,GSL,4,7,9001.59,0,-39.99
1260,56,GSL,5,7,12019.9,0,-63.59
1270,0,ISL,0,1,11987.52,1,
1270,1,ISL,1,2,11987.52,1,
1270,2,ISL,2,0,11987.52,1,
1270,3,ISL,3,4,11987.52,1,
1270,4,ISL,4,5,11987.52,1,
1270,5,ISL,5,3,11987.52,1,
1270,6,ISL,0,3,8127.29,1,
1270,7,ISL,1,4,10148.03,1,
1270,8,ISL,2,5,13054.19,1,
1270,45,GSL,0,6,5841.21,0,-21.11
1270,46,GSL,1,6,7454.24,0,-30.53
1270,47,GSL,2,6,13258.36,0,-85.75
1270,48,GSL,3,6,11078.39,0,-54.85
1270,49,GSL,4,6,10723.54,0,-52.01
1270,50,GSL,5,6,5267.32,0,-17.73
1270,51,GSL,0,7,11706.44,0,-60.43
1270,52,GSL,1,7,11189.66,0,-55.78
1270,53,GSL,2,7,1794.57,1,10.3
1270,54,GSL,3,7,6289.01,0,-23.72
1270,55,GSL,4,7,9036.46,0,-40.22
1270,56,GSL,5,7,12010.84,0,-63.49
1280,0,ISL,0,1,11987.52,1,
1280,1,ISL,1,2,11987.52,1,
1280,2,ISL,2,0,11987.52,1,
1280,3,ISL,3,4,11987.52,1,
1280,4,ISL,4,5,11987.52,1,
1280,5,ISL,5,3,11987.52,1,
1280,6,ISL,0,3,8180.34,1,
1280,7,ISL,1,4,10082.84,1,
1280,8,ISL,2,5,13071.56,1,
1280,45,GSL,0,6,5778.61,0,-20.75
1280,46,GSL,1,6,7511.82,0,-30.87
1280,47,GSL,2,6,13253.29,0,-85.44
1280,48,GSL,3,6,11103.49,0,-55.06
1280,49,GSL,4,6,10696.81,0,-51.8
1280,50,GSL,5,6,5268.8,0,-17.73
1280,51,GSL,0,7,11737.86,0,-60.73
1280,52,GSL,1,7,11153.69,0,-55.48
1280,53,GSL,2,7,1813.14,1,10.03
1280,54,GSL,3,7,6256.62,0,-23.54
1280,55,GSL,4,7,9071.28,0,-40.44
1280,56,GSL,5,7,12001.51,0,-63.39
1290,0,ISL,0,1,11987.52,1,
1290,1,ISL,1,2,11987.52,1,
1290,2,ISL,2,0,11987.52,1,
1290,3,ISL,3,4,11987.52,1,
1290,4,ISL,4,5,11987.52,1,
1290,5,ISL,5,3,11987.52,1,
1290,6,ISL,0,3,8234.39,1,
1290,7,ISL,1,4,10017.51,1,
1290,8,ISL,2,5,13087.84,1,
1290,45,GSL,0,6,5715.86,0,-20.38
1290,46,GSL,1,6,7569.2,0,-31.21
1290,47,GSL,2,6,13247.86,0,-85.13
1290,48,GSL,3,6,11128.39,0,-55.27
1290,49,GSL,4,6,10669.85,0,-51.59
1290,50,GSL,5,6,5270.94,0,-17.75
1290,51,GSL,0,7,11768.97,0,-61.03
1290,52,GSL,1,7,11117.42,0,-55.17
1290,53,GSL,2,7,1834.06,0,9.72
1290,54,GSL,3,7,6224.46,0,-23.35
1290,55,GSL,4,7,9106.05,0,-40.67
1290,56,GSL,5,7,11991.9,0,-63.29
1300,0,ISL,0,1,11987.52,1,
1300,1,ISL,1,2,11987.52,1,
1300,2,ISL,2,0,11987.52,1,
1300,3,ISL,3,4,11987.52,1,
1300,4,ISL,4,5,11987.52,1,
1300,5,ISL,5,3,11987.52,1,
1300,6,ISL,0,3,8289.4,1,
1300,7,ISL,1,4,9952.05,1,
1300,8,ISL,2,5,13103.04,1,
1300,45,GSL,0,6,5652.95,0,-20.01
1300,46,GSL,1,6,7626.38,0,-31.55
1300,47,GSL,2,6,13242.06,0,-84.82
1300,48,GSL,3,6,11153.09,0,-55.47
1300,49,GSL,4,6,10642.64,0,-51.38
1300,50,GSL,5,6,5273.76,0,-17.76
1300,51,GSL,0,7,11799.78,0,-61.33
1300,52,GSL,1,7,11080.86,0,-54.87
1300,53,GSL,2,7,1857.25,0,9.39
1300,54,GSL,3,7,6192.54,0,-23.16
1300,55,GSL,4,7,9140.76,0,-40.89
1300,56,GSL,5,7,11982.01,0,-63.19
1310,0,ISL,0,1,11987.52,1,
1310,1,ISL,1,2,11987.52,1,
1310,2,ISL,2,0,11987.52,1,
1310,3,ISL,3,4,11987.52,1,
1310,4,ISL,4,5,11987.52,1,
1310,5,ISL,5,3,11987.52,1,
1310,6,ISL,0,3,8345.34,1,
1310,7,ISL,1,4,9886.5,1,
1310,8,ISL,2,5,13117.15,1,
1310,45,GSL,0,6,5589.9,0,-19.64
1310,46,GSL,1,6,7683.35,0,-31.89
1310,47,GSL,2,6,13235.89,0,-84.51
1310,48,GSL,3,6,11177.57,0,-55.68
1310,49,GSL,4,6,10615.2,0,-51.17
1310,50,GSL,5,6,5277.23,0,-17.78
1310,51,GSL,0,7,11830.28,0,-61.64
1310,52,GSL,1,7,11043.99,0,-54.57
1310,53,GSL,2,7,1882.62,0,9.03
1310,54,GSL,3,7,6160.86,0,-22.98
1310,55,GSL,4,7,9175.42,0,-41.11
1310,56,GSL,5,7,11971.85,0,-63.08
1320,0,ISL,0,1,11987.52,1,
1320,1,ISL,1,2,11987.52,1,
1320,2,ISL,2,0,11987.52,1,
1320,3,ISL,3,4,11987.52,1,
1320,4,ISL,4,5,11987.52,1,
1320,5,ISL,5,3,11987.52,1,
1320,6,ISL,0,3,8402.14,1,
1320,7,ISL,1,4,9820.9,1,
1320,8,ISL,2,5,13130.16,1,
1320,45,GSL,0,6,5526.69,0,-19.26
1320,46,GSL,1,6,7740.11,0,-32.23
1320,47,GSL,2,6,13229.36,0,-84.2
1320,48,GSL,3,6,11201.83,0,-55.88
1320,49,GSL,4,6,10587.52,0,-50.96
1320,50,GSL,5,6,5281.37,0,-17.81
1320,51,GSL,0,7,11860.48,0,-61.94
1320,52,GSL,1,7,11006.83,0,-54.26
1320,53,GSL,2,7,1910.07,0,8.65
1320,54,GSL,3,7,6129.44,0,-22.8
1320,55,GSL,4,7,9210.01,0,-41.34
1320,56,GSL,5,7,11961.41,0,-62.97
1330,0,ISL,0,1,11987.52,1,
1330,1,ISL,1,2,11987.52,1,
1330,2,ISL,2,0,11987.52,1,
1330,3,ISL,3,4,11987.52,1,
1330,4,ISL,4,5,11987.52,1,
1330,5,ISL,5,3,11987.52,1,
1330,6,ISL,0,3,8459.78,1,
1330,7,ISL,1,4,9755.26,1,
1330,8,ISL,2,5,13142.08,1,
1330,45,GSL,0,6,5463.34,0,-18.89
1330,46,GSL,1,6,7796.67,0,-32.57
1330,47,GSL,2,6,13222.46,0,-83.89
1330,48,GSL,3,6,11225.89,0,-56.09
1330,49,GSL,4,6,10559.61,0,-50.75
1330,50,GSL,5,6,5286.17,0,-17.84
1330,51,GSL,0,7,11890.36,0,-62.24
1330,52,GSL,1,7,10969.37,0,-53.96
1330,53,GSL,2,7,1939.52,0,8.26
1330,54,GSL,3,7,6098.28,0,-22.61
1330,55,GSL,4,7,9244.54,0,-41.56
1330,56,GSL,5,7,11950.69,0,-62.86
1340,0,ISL,0,1,11987.52,1,
1340,1,ISL,1,2,11987.52,1,
1340,2,ISL,2,0,11987.52,1,
1340,3,ISL,3,4,11987.52,1,
1340,4,ISL,4,5,11987.52,1,
1340,5,ISL,5,3,11987.52,1,
1340,6,ISL,0,3,8518.19,1,
1340,7,ISL,1,4,9689.63,1,
1340,8,ISL,2,5,13152.89,1,
1340,45,GSL,0,6,5399.85,0,-18.51
1340,46,GSL,1,6,7853.01,0,-32.91
1340,47,GSL,2,6,13215.2,0,-83.58
1340,48,GSL,3,6,11249.72,0,-56.29
1340,49,GSL,4,6,10531.47,0,-50.54
1340,50,GSL,5,6,5291.64,0,-17.87
1340,51,GSL,0,7,11919.94,0,-62.54
1340,52,GSL,1,7,10931.62,0,-53.65
1340,53,GSL,2,7,1970.88,0,7.84
1340,54,GSL,3,7,6067.39,0,-22.43
1340,55,GSL,4,7,9279.0,0,-41.79
1340,56,GSL,5,7,11939.7,0,-62.75
1350,0,ISL,0,1,11987.52,1,
1350,1,ISL,1,2,11987.52,1,
1350,2,ISL,2,0,11987.52,1,
1350,3,ISL,3,4,11987.52,1,
1350,4,ISL,4,5,11987.52,1,
1350,5,ISL,5,3,11987.52,1,
1350,6,ISL,0,3,8577.35,1,
1350,7,ISL,1,4,9624.03,1,
1350,8,ISL,2,5,13162.61,1,
1350,45,GSL,0,6,5336.21,0,-18.14
1350,46,GSL,1,6,7909.15,0,-33.24
1350,47,GSL,2,6,13207.57,0,-83.26
1350,48,GSL,3,6,11273.34,0,-56.5
1350,49,GSL,4,6,10503.1,0,-50.32
1350,50,GSL,5,6,5297.76,0,-17.91
1350,51,GSL,0,7,11949.21,0,-62.84
1350,52,GSL,1,7,10893.57,0,-53.35
1350,53,GSL,2,7,2004.06,0,7.41
1350,54,GSL,3,7,6036.78,0,-22.26
1350,55,GSL,4,7,9313.39,0,-42.01
1350,56,GSL,5,7,11928.44,0,-62.63
1360,0,ISL,0,1,11987.52,1,
1360,1,ISL,1,2,11987.52,1,
1360,2,ISL,2,0,11987.52,1,
1360,3,ISL,3,4,11987.52,1,
1360,4,ISL,4,5,11987.52,1,
1360,5,ISL,5,3,11987.52,1,
1360,6,ISL,0,3,8637.2,1,
1360,7,ISL,1,4,9558.5,1,
1360,8,ISL,2,5,13171.22,1,
1360,45,GSL,0,6,5272.44,0,-17.76
1360,46,GSL,1,6,7965.07,0,-33.58
1360,47,GSL,2,6,13199.57,0,-82.95
1360,48,GSL,3,6,11296.74,0,-56.7
1360,49,GSL,4,6,10474.49,0,-50.11
1360,50,GSL,5,6,5304.54,0,-17.95
1360,51,GSL,0,7,11978.16,0,-63.15
1360,52,GSL,1,7,10855.23,0,-53.04
1360,53,GSL,2,7,2038.95,0,6.97
1360,54,GSL,3,7,6006.46,0,-22.08
1360,55,GSL,4,7,9347.71,0,-42.24
1360,56,GSL,5,7,11916.89,0,-62.51
1370,0,ISL,0,1,11987.52,1,
1370,1,ISL,1,2,11987.52,1,
1370,2,ISL,2,0,11987.52,1,
1370,3,ISL,3,4,11987.52,1,
1370,4,ISL,4,5,11987.52,1,
1370,5,ISL,5,3,11987.52,1,
1370,6,ISL,0,3,8697.71,1,
1370,7,ISL,1,4,9493.06,1,
1370,8,ISL,2,5,13178.72,1,
1370,45,GSL,0,6,5208.53,0,-17.37
1370,46,GSL,1,6,8020.77,0,-33.91
1370,47,GSL,2,6,13191.21,0,-82.64
1370,48,GSL,3,6,11319.92,0,-56.9
1370,49,GSL,4,6,10445.66,0,-49.89
1370,50,GSL,5,6,5311.98,0,-17.99
1370,51,GSL,0,7,12006.8,0,-63.45
1370,52,GSL,1,7,10816.59,0,-52.74
1370,53,GSL,2,7,2075.49,0,6.52
1370,54,GSL,3,7,5976.44,0,-21.9
1370,55,GSL,4,7,9381.95,0,-42.47
1370,56,GSL,5,7,11905.08,0,-62.39
1380,0,ISL,0,1,11987.52,1,
1380,1,ISL,1,2,11987.52,1,
1380,2,ISL,2,0,11987.52,1,
1380,3,ISL,3,4,11987.52,1,
1380,4,ISL,4,5,11987.52,1,
1380,5,ISL,5,3,11987.52,1,
1380,6,ISL,0,3,8758.83,1,
1380,7,ISL,1,4,9427.76,1,
1380,8,ISL,2,5,13185.12,1,
1380,45,GSL,0,6,5144.48,0,-16.99
1380,46,GSL,1,6,8076.26,0,-34.25
1380,47,GSL,2,6,13182.49,0,-82.33
1380,48,GSL,3,6,11342.88,0,-57.1
1380,49,GSL,4,6,10416.6,0,-49.68
1380,50,GSL,5,6,5320.07,0,-18.04
1380,51,GSL,0,7,12035.13,0,-63.75
1380,52,GSL,1,7,10777.67,0,-52.43
1380,53,GSL,2,7,2113.56,0,6.06
1380,54,GSL,3,7,5946.72,0,-21.73
1380,55,GSL,4,7,9416.11,0,-42.69
1380,56,GSL,5,7,11892.98,0,-62.27
1390,0,ISL,0,1,11987.52,1,
1390,1,ISL,1,2,11987.52,1,
1390,2,ISL,2,0,11987.52,1,
1390,3,ISL,3,4,11987.52,1,
1390,4,ISL,4,5,11987.52,1,
1390,5,ISL,5,3,11987.52,1,
1390,6,ISL,0,3,8820.52,1,
1390,7,ISL,1,4,9362.63,1,
1390,8,ISL,2,5,13190.41,1,
1390,45,GSL,0,6,5080.3,0,-16.6
1390,46,GSL,1,6,8131.53,0,-34.58
1390,47,GSL,2,6,13173.4,0,-82.01
1390,48,GSL,3,6,11365.62,0,-57.3
1390,49,GSL,4,6,10387.31,0,-49.46
1390,50,GSL,5,6,5328.8,0,-18.09
1390,51,GSL,0,7,12063.14,0,-64.05
1390,52,GSL,1,7,10738.45,0,-52.12
1390,53,GSL,2,7,2153.1,0,5.6
1390,54,GSL,3,7,5917.31,0,-21.56
1390,55,GSL,4,7,9450.19,0,-42.92
1390,56,GSL,5,7,11880.62,0,-62.14
1400,0,ISL,0,1,11987.52,1,
1400,1,ISL,1,2,11987.52,1,
1400,2,ISL,2,0,11987.52,1,
1400,3,ISL,3,4,11987.52,1,
1400,4,ISL,4,5,11987.52,1,
1400,5,ISL,5,3,11987.52,1,
1400,6,ISL,0,3,8882.74,1,
1400,7,ISL,1,4,9297.7,1,
1400,8,ISL,2,5,13194.58,1,
1400,45,GSL,0,6,5015.99,0,-16.22
1400,46,GSL,1,6,8186.58,0,-34.92
1400,47,GSL,2,6,13163.94,0,-81.7
1400,48,GSL,3,6,11388.12,0,-57.5
1400,49,GSL,4,6,10357.8,0,-49.24
1400,50,GSL,5,6,5338.18,0,-18.15
1400,51,GSL,0,7,12090.84,0,-64.35
1400,52,GSL,1,7,10698.95,0,-51.82
1400,53,GSL,2,7,2194.01,0,5.12
1400,54,GSL,3,7,5888.22,0,-21.39
1400,55,GSL,4,7,9484.18,0,-43.14
1400,56,GSL,5,7,11867.97,0,-62.01
1410,0,ISL,0,1,11987.52,1,
1410,1,ISL,1,2,11987.52,1,
1410,2,ISL,2,0,11987.52,1,
1410,3,ISL,3,4,11987.52,1,
1410,4,ISL,4,5,11987.52,1,
1410,5,ISL,5,3,11987.52,1,
1410,6,ISL,0,3,8945.44,1,
1410,7,ISL,1,4,9233.01,1,
1410,8,ISL,2,5,13197.64,1,
1410,45,GSL,0,6,4951.55,0,-15.83
1410,46,GSL,1,6,8241.4,0,-35.25
1410,47,GSL,2,6,13154.13,0,-81.39
1410,48,GSL,3,6,11410.41,0,-57.69
1410,49,GSL,4,6,10328.07,0,-49.03
1410,50,GSL,5,6,5348.21,0,-18.21
1410,51,GSL,0,7,12118.22,0,-64.65
1410,52,GSL,1,7,10659.16,0,-51.51
1410,53,GSL,2,7,2236.22,0,4.65
1410,54,GSL,3,7,5859.46,0,-21.22
1410,55,GSL,4,7,9518.09,0,-43.37
1410,56,GSL,5,7,11855.06,0,-61.88
1420,0,ISL,0,1,11987.52,1,
1420,1,ISL,1,2,11987.52,1,
1420,2,ISL,2,0,11987.52,1,
1420,3,ISL,3,4,11987.52,1,
1420,4,ISL,4,5,11987.52,1,
1420,5,ISL,5,3,11987.52,1,
1420,6,ISL,0,3,9008.6,1,
1420,7,ISL,1,4,9168.59,1,
1420,8,ISL,2,5,13199.6,1,
1420,45,GSL,0,6,4886.99,0,-15.43
1420,46,GSL,1,6,8296.01,0,-35.59
1420,47,GSL,2,6,13143.94,0,-81.08
1420,48,GSL,3,6,11432.46,0,-57.89
1420,49,GSL,4,6,10298.11,0,-48.81
1420,50,GSL,5,6,5358.87,0,-18.27
1420,51,GSL,0,7,12145.29,0,-64.95
1420,52,GSL,1,7,10619.08,0,-51.2
1420,53,GSL,2,7,2279.65,0,4.17
1420,54,GSL,3,7,5831.04,0,-21.05
1420,55,GSL,4,7,9551.9,0,-43.6
1420,56,GSL,5,7,11841.86,0,-61.75
1430,0,ISL,0,1,11987.52,1,
1430,1,ISL,1,2,11987.52,1,
1430,2,ISL,2,0,11987.52,1,
1430,3,ISL,3,4,11987.52,1,
1430,4,ISL,4,5,11987.52,1,
1430,5,ISL,5,3,11987.52,1,
1430,6,ISL,0,3,9072.16,1,
1430,7,ISL,1,4,9104.49,1,
1430,8,ISL,2,5,13200.43,1,
1430,45,GSL,0,6,4822.3,0,-15.04
1430,46,GSL,1,6,8350.39,0,-35.92
1430,47,GSL,2,6,13133.4,0,-80.76
1430,48,GSL,3,6,11454.28,0,-58.09
1430,49,GSL,4,6,10267.93,0,-48.59
1430,50,GSL,5,6,5370.16,0,-18.34
1430,51,GSL,0,7,12172.04,0,-65.25
1430,52,GSL,1,7,10578.71,0,-50.89
1430,53,GSL,2,7,2324.23,0,3.69
1430,54,GSL,3,7,5802.97,0,-20.89
1430,55,GSL,4,7,9585.62,0,-43.82
1430,56,GSL,5,7,11828.4,0,-61.62
1440,0,ISL,0,1,11987.52,1,
1440,1,ISL,1,2,11987.52,1,
1440,2,ISL,2,0,11987.52,1,
1440,3,ISL,3,4,11987.52,1,
1440,4,ISL,4,5,11987.52,1,
1440,5,ISL,5,3,11987.52,1,
1440,6,ISL,0,3,9136.09,1,
1440,7,ISL,1,4,9040.73,1,
1440,8,ISL,2,5,13200.16,1,
1440,45,GSL,0,6,4757.49,0,-14.64
1440,46,GSL,1,6,8404.54,0,-36.25
1440,47,GSL,2,6,13122.49,0,-80.45
1440,48,GSL,3,6,11475.88,0,-58.28
1440,49,GSL,4,6,10237.53,0,-48.37
1440,50,GSL,5,6,5382.08,0,-18.41
1440,51,GSL,0,7,12198.46,0,-65.55
1440,52,GSL,1,7,10538.06,0,-50.59
1440,53,GSL,2,7,2369.89,0,3.22
1440,54,GSL,3,7,5775.26,0,-20.73
1440,55,GSL,4,7,9619.25,0,-44.05
1440,56,GSL,5,7,11814.66,0,-61.48
1450,0,ISL,0,1,11987.52,1,
1450,1,ISL,1,2,11987.52,1,
1450,2,ISL,2,0,11987.52,1,
1450,3,ISL,3,4,11987.52,1,
1450,4,ISL,4,5,11987.52,1,
1450,5,ISL,5,3,11987.52,1,
1450,6,ISL,0,3,9200.35,1,
1450,7,ISL,1,4,8977.37,1,
1450,8,ISL,2,5,13198.77,1,
1450,45,GSL,0,6,4692.56,0,-14.24
1450,46,GSL,1,6,8458.46,0,-36.58
1450,47,GSL,2,6,13111.21,0,-80.14
1450,48,GSL,3,6,11497.24,0,-58.47
1450,49,GSL,4,6,10206.92,0,-48.14
1450,50,GSL,5,6,5394.63,0,-18.48
1450,51,GSL,0,7,12224.57,0,-65.85
1450,52,GSL,1,7,10497.13,0,-50.28
1450,53,GSL,2,7,2416.56,0,2.74
1450,54,GSL,3,7,5747.91,0,-20.57
1450,55,GSL,4,7,9652.77,0,-44.28
1450,56,GSL,5,7,11800.65,0,-61.34
1460,0,ISL,0,1,11987.52,1,
1460,1,ISL,1,2,11987.52,1,
1460,2,ISL,2,0,11987.52,1,
1460,3,ISL,3,4,11987.52,1,
1460,4,ISL,4,5,11987.52,1,
1460,5,ISL,5,3,11987.52,1,
1460,6,ISL,0,3,9264.91,1,
1460,7,ISL,1,4,8914.43,1,
1460,8,ISL,2,5,13196.27,1,
1460,45,GSL,0,6,4627.51,0,-13.84
1460,46,GSL,1,6,8512.16,0,-36.92
1460,47,GSL,2,6,13099.58,0,-79.82
1460,48,GSL,3,6,11518.36,0,-58.67
1460,49,GSL,4,6,10176.09,0,-47.92
1460,50,GSL,5,6,5407.79,0,-18.56
1460,51,GSL,0,7,12250.36,0,-66.15
1460,52,GSL,1,7,10455.91,0,-49.97
1460,53,GSL,2,7,2464.19,0,2.26
1460,54,GSL,3,7,5720.93,0,-20.41
1460,55,GSL,4,7,9686.19,0,-44.5
1460,56,GSL,5,7,11786.36,0,-61.2
1470,0,ISL,0,1,11987.52,1,
1470,1,ISL,1,2,11987.52,1,
1470,2,ISL,2,0,11987.52,1,
1470,3,ISL,3,4,11987.52,1,
1470,4,ISL,4,5,11987.52,1,
1470,5,ISL,5,3,11987.52,1,
1470,6,ISL,0,3,9329.72,1,
1470,7,ISL,1,4,8851.96,1,
1470,8,ISL,2,5,13192.66,1,
1470,45,GSL,0,6,4562.35,0,-13.43
1470,46,GSL,1,6,8565.62,0,-37.25
1470,47,GSL,2,6,13087.58,0,-79.51
1470,48,GSL,3,6,11539.25,0,-58.86
1470,49,GSL,4,6,10145.04,0,-47.7
1470,50,GSL,5,6,5421.57,0,-18.64
1470,51,GSL,0,7,12275.83,0,-66.45
1470,52,GSL,1,7,10414.41,0,-49.66
1470,53,GSL,2,7,2512.71,0,1.78
1470,54,GSL,3,7,5694.34,0,-20.25
1470,55,GSL,4,7,9719.51,0,-44.73
1470,56,GSL,5,7,11771.8,0,-61.06
1480,0,ISL,0,1,11987.52,1,
1480,1,ISL,1,2,11987.52,1,
1480,2,ISL,2,0,11987.52,1,
1480,3,ISL,3,4,11987.52,1,
1480,4,ISL,4,5,11987.52,1,
1480,5,ISL,5,3,11987.52,1,
1480,6,ISL,0,3,9394.76,1,
1480,7,ISL,1,4,8790.0,1,
1480,8,ISL,2,5,13187.93,1,
1480,45,GSL,0,6,4497.08,0,-13.02
1480,46,GSL,1,6,8618.85,0,-37.58
1480,47,GSL,2,6,13075.22,0,-79.2
1480,48,GSL,3,6,11559.91,0,-59.05
1480,49,GSL,4,6,10113.78,0,-47.48
1480,50,GSL,5,6,5435.95,0,-18.73
1480,51,GSL,0,7,12300.97,0,-66.74
1480,52,GSL,1,7,10372.64,0,-49.35
1480,53,GSL,2,7,2562.07,0,1.31
1480,54,GSL,3,7,5668.15,0,-20.1
1480,55,GSL,4,7,9752.72,0,-44.96
1480,56,GSL,5,7,11756.97,0,-60.91
1490,0,ISL,0,1,11987.52,1,
1490,1,ISL,1,2,11987.52,1,
1490,2,ISL,2,0,11987.52,1,
1490,3,ISL,3,4,11987.52,1,
1490,4,ISL,4,5,11987.52,1,
1490,5,ISL,5,3,11987.52,1,
1490,6,ISL,0,3,9459.98,1,
1490,7,ISL,1,4,8728.59,1,
1490,8,ISL,2,5,13182.1,1,
1490,45,GSL,0,6,4431.69,0,-12.61
1490,46,GSL,1,6,8671.84,0,-37.91
1490,47,GSL,2,6,13062.5,0,-78.88
1490,48,GSL,3,6,11580.32,0,-59.24
1490,49,GSL,4,6,10082.31,0,-47.25
1490,50,GSL,5,6,5450.94,0,-18.82
1490,51,GSL,0,7,12325.79,0,-67.04
1490,52,GSL,1,7,10330.58,0,-49.04
1490,53,GSL,2,7,2612.22,0,0.84
1490,54,GSL,3,7,5642.35,0,-19.95
1490,55,GSL,4,7,9785.82,0,-45.18
1490,56,GSL,5,7,11741.86,0,-60.77
1500,0,ISL,0,1,11987.52,1,
1500,1,ISL,1,2,11987.52,1,
1500,2,ISL,2,0,11987.52,1,
1500,3,ISL,3,4,11987.52,1,
1500,4,ISL,4,5,11987.52,1,
1500,5,ISL,5,3,11987.52,1,
1500,6,ISL,0,3,9525.35,1,
1500,7,ISL,1,4,8667.76,1,
1500,8,ISL,2,5,13175.16,1,
1500,45,GSL,0,6,4366.2,0,-12.2
1500,46,GSL,1,6,8724.6,0,-38.24
1500,47,GSL,2,6,13049.41,0,-78.57
1500,48,GSL,3,6,11600.5,0,-59.42
1500,49,GSL,4,6,10050.63,0,-47.03
1500,50,GSL,5,6,5466.53,0,-18.91
1500,51,GSL,0,7,12350.29,0,-67.34
1500,52,GSL,1,7,10288.24,0,-48.73
1500,53,GSL,2,7,2663.1,0,0.37
1500,54,GSL,3,7,5616.96,0,-19.8
1500,55,GSL,4,7,9818.81,0,-45.41
1500,56,GSL,5,7,11726.48,0,-60.62
1510,0,ISL,0,1,11987.52,1,
1510,1,ISL,1,2,11987.52,1,
1510,2,ISL,2,0,11987.52,1,
1510,3,ISL,3,4,11987.52,1,
1510,4,ISL,4,5,11987.52,1,
1510,5,ISL,5,3,11987.52,1,
1510,6,ISL,0,3,9590.84,1,
1510,7,ISL,1,4,8607.57,1,
1510,8,ISL,2,5,13167.11,1,
1510,45,GSL,0,6,4300.61,0,-11.78
1510,46,GSL,1,6,8777.12,0,-38.57
1510,47,GSL,2,6,13035.97,0,-78.25
1510,48,GSL,3,6,11620.44,0,-59.61
1510,49,GSL,4,6,10018.74,0,-46.8
1510,50,GSL,5,6,5482.7,0,-19.0
1510,51,GSL,0,7,12374.46,0,-67.64
1510,52,GSL,1,7,10245.63,0,-48.42
1510,53,GSL,2,7,2714.67,0,-0.1
1510,54,GSL,3,7,5592.0,0,-19.65
1510,55,GSL,4,7,9851.68,0,-45.64
1510,56,GSL,5,7,11710.84,0,-60.47
1520,0,ISL,0,1,11987.52,1,
1520,1,ISL,1,2,11987.52,1,
1520,2,ISL,2,0,11987.52,1,
1520,3,ISL,3,4,11987.52,1,
1520,4,ISL,4,5,11987.52,1,
1520,5,ISL,5,3,11987.52,1,
1520,6,ISL,0,3,9656.41,1,
1520,7,ISL,1,4,8548.06,1,
1520,8,ISL,2,5,13157.95,1,
1520,45,GSL,0,6,4234.91,0,-11.35
1520,46,GSL,1,6,8829.41,0,-38.9
1520,47,GSL,2,6,13022.16,0,-77.94
1520,48,GSL,3,6,11640.13,0,-59.8
1520,49,GSL,4,6,9986.64,0,-46.58
1520,50,GSL,5,6,5499.46,0,-19.1
1520,51,GSL,0,7,12398.3,0,-67.93
1520,52,GSL,1,7,10202.75,0,-48.11
1520,53,GSL,2,7,2766.89,0,-0.56
1520,54,GSL,3,7,5567.46,0,-19.5
1520,55,GSL,4,7,9884.43,0,-45.86
1520,56,GSL,5,7,11694.91,0,-60.32
1530,0,ISL,0,1,11987.52,1,
1530,1,ISL,1,2,11987.52,1,
1530,2,ISL,2,0,11987.52,1,
1530,3,ISL,3,4,11987.52,1,
1530,4,ISL,4,5,11987.52,1,
1530,5,ISL,5,3,11987.52,1,
1530,6,ISL,0,3,9722.03,1,
1530,7,ISL,1,4,8489.26,1,
1530,8,ISL,2,5,13147.69,1,
1530,45,GSL,0,6,4169.12,0,-10.93
1530,46,GSL,1,6,8881.45,0,-39.23
1530,47,GSL,2,6,13008.0,0,-77.63
1530,48,GSL,3,6,11659.58,0,-59.98
1530,49,GSL,4,6,9954.34,0,-46.35
1530,50,GSL,5,6,5516.79,0,-19.21
1530,51,GSL,0,7,12421.82,0,-68.23
1530,52,GSL,1,7,10159.58,0,-47.8
1530,53,GSL,2,7,2819.72,0,-1.02
1530,54,GSL,3,7,5543.36,0,-19.36
1530,55,GSL,4,7,9917.07,0,-46.09
1530,56,GSL,5,7,11678.72,0,-60.16
1540,0,ISL,0,1,11987.52,1,
1540,1,ISL,1,2,11987.52,1,
1540,2,ISL,2,0,11987.52,1,
1540,3,ISL,3,4,11987.52,1,
1540,4,ISL,4,5,11987.52,1,
1540,5,ISL,5,3,11987.52,1,
1540,6,ISL,0,3,9787.67,1,
1540,7,ISL,1,4,8431.22,1,
1540,8,ISL,2,5,13136.33,1,
1540,45,GSL,0,6,4103.23,0,-10.5
1540,46,GSL,1,6,8933.25,0,-39.56
1540,47,GSL,2,6,12993.47,0,-77.31
1540,48,GSL,3,6,11678.79,0,-60.16
1540,49,GSL,4,6,9921.83,0,-46.12
1540,50,GSL,5,6,5534.69,0,-19.31
1540,51,GSL,0,7,12445.01,0,-68.53
1540,52,GSL,1,7,10116.15,0,-47.49
1540,53,GSL,2,7,2873.11,0,-1.48
1540,54,GSL,3,7,5519.71,0,-19.22
1540,55,GSL,4,7,9949.58,0,-46.32
1540,56,GSL,5,7,11662.26,0,-60.0
1550,0,ISL,0,1,11987.52,1,
1550,1,ISL,1,2,11987.52,1,
1550,2,ISL,2,0,11987.52,1,
1550,3,ISL,3,4,11987.52,1,
1550,4,ISL,4,5,11987.52,1,
1550,5,ISL,5,3,11987.52,1,
1550,6,ISL,0,3,9853.29,1,
1550,7,ISL,1,4,8373.99,1,
1550,8,ISL,2,5,13123.87,1,
1550,45,GSL,0,6,4037.24,0,-10.06
1550,46,GSL,1,6,8984.8,0,-39.89
1550,47,GSL,2,6,12978.58,0,-77.0
1550,48,GSL,3,6,11697.75,0,-60.34
1550,49,GSL,4,6,9889.12,0,-45.9
1550,50,GSL,5,6,5553.16,0,-19.42
1550,51,GSL,0,7,12467.88,0,-68.82
1550,52,GSL,1,7,10072.44,0,-47.18
1550,53,GSL,2,7,2927.03,0,-1.93
1550,54,GSL,3,7,5496.51,0,-19.09
1550,55,GSL,4,7,9981.97,0,-46.54
1550,56,GSL,5,7,11645.53,0,-59.85
1560,0,ISL,0,1,11987.52,1,
1560,1,ISL,1,2,11987.52,1,
1560,2,ISL,2,0,11987.52,1,
1560,3,ISL,3,4,11987.52,1,
1560,4,ISL,4,5,11987.52,1,
1560,5,ISL,5,3,11987.52,1,
1560,6,ISL,0,3,9918.87,1,
1560,7,ISL,1,4,8317.61,1,
1560,8,ISL,2,5,13110.32,1,
1560,45,GSL,0,6,3971.17,0,-9.62
1560,46,GSL,1,6,9036.11,0,-40.22
1560,47,GSL,2,6,12963.34,0,-76.68
1560,48,GSL,3,6,11716.46,0,-60.52
1560,49,GSL,4,6,9856.21,0,-45.67
1560,50,GSL,5,6,5572.19,0,-19.53
1560,51,GSL,0,7,12490.41,0,-69.12
1560,52,GSL,1,7,10028.47,0,-46.87
1560,53,GSL,2,7,2981.45,0,-2.38
1560,54,GSL,3,7,5473.78,0,-18.95
1560,55,GSL,4,7,10014.22,0,-46.77
1560,56,GSL,5,7,11628.53,0,-59.69
1570,0,ISL,0,1,11987.52,1,
1570,1,ISL,1,2,11987.52,1,
1570,2,ISL,2,0,11987.52,1,
1570,3,ISL,3,4,11987.52,1,
1570,4,ISL,4,5,11987.52,1,
1570,5,ISL,5,3,11987.52,1,
1570,6,ISL,0,3,9984.38,1,
1570,7,ISL,1,4,8262.13,1,
1570,8,ISL,2,5,13095.67,1,
1570,45,GSL,0,6,3905.01,0,-9.18
1570,46,GSL,1,6,9087.18,0,-40.54
1570,47,GSL,2,6,12947.73,0,-76.37
1570,48,GSL,3,6,11734.92,0,-60.7
1570,49,GSL,4,6,9823.11,0,-45.44
1570,50,GSL,5,6,5591.76,0,-19.65
1570,51,GSL,0,7,12512.62,0,-69.41
1570,52,GSL,1,7,9984.22,0,-46.56
1570,53,GSL,2,7,3036.34,0,-2.83
1570,54,GSL,3,7,5451.53,0,-18.82
1570,55,GSL,4,7,10046.35,0,-47.0
1570,56,GSL,5,7,11611.25,0,-59.52
1580,0,ISL,0,1,11987.52,1,
1580,1,ISL,1,2,11987.52,1,
1580,2,ISL,2,0,11987.52,1,
1580,3,ISL,3,4,11987.52,1,
1580,4,ISL,4,5,11987.52,1,
1580,5,ISL,5,3,11987.52,1,
1580,6,ISL,0,3,10049.77,1,
1580,7,ISL,1,4,8207.58,1,
1580,8,ISL,2,5,13079.94,1,
1580,45,GSL,0,6,3838.76,0,-8.73
1580,46,GSL,1,6,9137.99,0,-40.87
1580,47,GSL,2,6,12931.77,0,-76.05
1580,48,GSL,3,6,11753.14,0,-60.88
1580,49,GSL,4,6,9789.8,0,-45.21
1580,50,GSL,5,6,5611.87,0,-19.77
1580,51,GSL,0,7,12534.49,0,-69.71
1580,52,GSL,1,7,9939.71,0,-46.25
1580,53,GSL,2,7,3091.66,0,-3.27
1580,54,GSL,3,7,5429.76,0,-18.69
1580,55,GSL,4,7,10078.35,0,-47.23
1580,56,GSL,5,7,11593.71,0,-59.36
1590,0,ISL,0,1,11987.52,1,
1590,1,ISL,1,2,11987.52,1,
1590,2,ISL,2,0,11987.52,1,
1590,3,ISL,3,4,11987.52,1,
1590,4,ISL,4,5,11987.52,1,
1590,5,ISL,5,3,11987.52,1,
1590,6,ISL,0,3,10115.04,1,
1590,7,ISL,1,4,8154.02,1,
1590,8,ISL,2,5,13063.12,1,
1590,45,GSL,0,6,3772.44,0,-8.28
1590,46,GSL,1,6,9188.56,0,-41.2
1590,47,GSL,2,6,12915.45,0,-75.74
1590,48,GSL,3,6,11771.1,0,-61.05
1590,49,GSL,4,6,9756.3,0,-44.98
1590,50,GSL,5,6,5632.52,0,-19.89
1590,51,GSL,0,7,12556.04,0,-70.0
1590,52,GSL,1,7,9894.92,0,-45.94
1590,53,GSL,2,7,3147.38,0,-3.71
1590,54,GSL,3,7,5408.48,0,-18.56
1590,55,GSL,4,7,10110.21,0,-47.45
1590,56,GSL,5,7,11575.91,0,-59.2
1600,0,ISL,0,1,11987.52,1,
1600,1,ISL,1,2,11987.52,1,
1600,2,ISL,2,0,11987.52,1,
1600,3,ISL,3,4,11987.52,1,
1600,4,ISL,4,5,11987.52,1,
1600,5,ISL,5,3,11987.52,1,
1600,6,ISL,0,3,10180.14,1,
1600,7,ISL,1,4,8101.5,1,
1600,8,ISL,2,5,13045.21,1,
1600,45,GSL,0,6,3706.03,0,-7.82
1600,46,GSL,1,6,9238.87,0,-41.53
1600,47,GSL,2,6,12898.77,0,-75.43
1600,48,GSL,3,6,11788.81,0,-61.23
1600,49,GSL,4,6,9722.61,0,-44.75
1600,50,GSL,5,6,5653.7,0,-20.01
1600,51,GSL,0,7,12577.25,0,-70.3
1600,52,GSL,1,7,9849.88,0,-45.62
1600,53,GSL,2,7,3203.48,0,-4.15
1600,54,GSL,3,7,5387.71,0,-18.44
1600,55,GSL,4,7,10141.94,0,-47.68
1600,56,GSL,5,7,11557.83,0,-59.03
1610,0,ISL,0,1,11987.52,1,
1610,1,ISL,1,2,11987.52,1,
1610,2,ISL,2,0,11987.52,1,
1610,3,ISL,3,4,11987.52,1,
1610,4,ISL,4,5,11987.52,1,
1610,5,ISL,5,3,11987.52,1,
1610,6,ISL,0,3,10245.06,1,
1610,7,ISL,1,4,8050.04,1,
1610,8,ISL,2,5,13026.23,1,
1610,45,GSL,0,6,3639.55,0,-7.35
1610,46,GSL,1,6,9288.93,0,-41.85
1610,47,GSL,2,6,12881.73,0,-75.11
1610,48,GSL,3,6,11806.27,0,-61.4
1610,49,GSL,4,6,9688.73,0,-44.52
1610,50,GSL,5,6,5675.39,0,-20.14
1610,51,GSL,0,7,12598.13,0,-70.59
1610,52,GSL,1,7,9804.57,0,-45.31
1610,53,GSL,2,7,3259.94,0,-4.58
1610,54,GSL,3,7,5367.44,0,-18.32
1610,55,GSL,4,7,10173.52,0,-47.9
1610,56,GSL,5,7,11539.48,0,-58.86
1620,0,ISL,0,1,11987.52,1,
1620,1,ISL,1,2,11987.52,1,
1620,2,ISL,2,0,11987.52,1,
1620,3,ISL,3,4,11987.52,1,
1620,4,ISL,4,5,11987.52,1,
1620,5,ISL,5,3,11987.52,1,
1620,6,ISL,0,3,10309.75,1,
1620,7,ISL,1,4,7999.71,1,
1620,8,ISL,2,5,13006.18,1,
1620,45,GSL,0,6,3573.0,0,-6.88
1620,46,GSL,1,6,9338.74,0,-42.18
1620,47,GSL,2,6,12864.34,0,-74.8
1620,48,GSL,3,6,11823.48,0,-61.57
1620,49,GSL,4,6,9654.66,0,-44.29
1620,50,GSL,5,6,5697.6,0,-20.27
1620,51,GSL,0,7,12618.68,0,-70.88
1620,52,GSL,1,7,9758.99,0,-45.0
1620,53,GSL,2,7,3316.73,0,-5.01
1620,54,GSL,3,7,5347.7,0,-18.2
1620,55,GSL,4,7,10204.96,0,-48.13
1620,56,GSL,5,7,11520.87,0,-58.69
1630,0,ISL,0,1,11987.52,1,
1630,1,ISL,1,2,11987.52,1,
1630,2,ISL,2,0,11987.52,1,
1630,3,ISL,3,4,11987.52,1,
1630,4,ISL,4,5,11987.52,1,
1630,5,ISL,5,3,11987.52,1,
1630,6,ISL,0,3,10374.2,1,
1630,7,ISL,1,4,7950.55,1,
1630,8,ISL,2,5,12985.06,1,
1630,45,GSL,0,6,3506.39,0,-6.41
1630,46,GSL,1,6,9388.29,0,-42.51
1630,47,GSL,2,6,12846.59,0,-74.48
1630,48,GSL,3,6,11840.43,0,-61.74
1630,49,GSL,4,6,9620.4,0,-44.06
1630,50,GSL,5,6,5720.31,0,-20.4
1630,51,GSL,0,7,12638.89,0,-71.18
1630,52,GSL,1,7,9713.15,0,-44.69
1630,53,GSL,2,7,3373.83,0,-5.44
1630,54,GSL,3,7,5328.48,0,-18.09
1630,55,GSL,4,7,10236.26,0,-48.36
1630,56,GSL,5,7,11501.99,0,-58.52
1640,0,ISL,0,1,11987.52,1,
1640,1,ISL,1,2,11987.52,1,
1640,2,ISL,2,0,11987.52,1,
1640,3,ISL,3,4,11987.52,1,
1640,4,ISL,4,5,11987.52,1,
1640,5,ISL,5,3,11987.52,1,
1640,6,ISL,0,3,10438.38,1,
1640,7,ISL,1,4,7902.6,1,
1640,8,ISL,2,5,12962.88,1,
1640,45,GSL,0,6,3439.71,0,-5.92
1640,46,GSL,1,6,9437.58,0,-42.83
1640,47,GSL,2,6,12828.49,0,-74.17
1640,48,GSL,3,6,11857.12,0,-61.9
1640,49,GSL,4,6,9585.95,0,-43.83
1640,50,GSL,5,6,5743.51,0,-20.54
1640,51,GSL,0,7,12658.77,0,-71.47
1640,52,GSL,1,7,9667.06,0,-44.37
1640,53,GSL,2,7,3431.21,0,-5.86
1640,54,GSL,3,7,5309.8,0,-17.98
1640,55,GSL,4,7,10267.42,0,-48.58
1640,56,GSL,5,7,11482.85,0,-58.34
1650,0,ISL,0,1,11987.52,1,
1650,1,ISL,1,2,11987.52,1,
1650,2,ISL,2,0,11987.52,1,
1650,3,ISL,3,4,11987.52,1,
1650,4,ISL,4,5,11987.52,1,
1650,5,ISL,5,3,11987.52,1,
1650,6,ISL,0,3,10502.27,1,
1650,7,ISL,1,4,7855.91,1,
1650,8,ISL,2,5,12939.64,1,
1650,45,GSL,0,6,3372.97,0,-5.43
1650,46,GSL,1,6,9486.62,0,-43.16
1650,47,GSL,2,6,12810.03,0,-73.85
1650,48,GSL,3,6,11873.55,0,-62.07
1650,49,GSL,4,6,9551.32,0,-43.59
1650,50,GSL,5,6,5767.21,0,-20.68
1650,51,GSL,0,7,12678.31,0,-71.76
1650,52,GSL,1,7,9620.7,0,-44.06
1650,53,GSL,2,7,3488.86,0,-6.28
1650,54,GSL,3,7,5291.67,0,-17.87
1650,55,GSL,4,7,10298.42,0,-48.81
1650,56,GSL,5,7,11463.44,0,-58.17
1660,0,ISL,0,1,11987.52,1,
1660,1,ISL,1,2,11987.52,1,
1660,2,ISL,2,0,11987.52,1,
1660,3,ISL,3,4,11987.52,1,
1660,4,ISL,4,5,11987.52,1,
1660,5,ISL,5,3,11987.52,1,
1660,6,ISL,0,3,10565.83,1,
1660,7,ISL,1,4,7810.53,1,
1660,8,ISL,2,5,12915.34,1,
1660,45,GSL,0,6,3306.17,0,-4.93
1660,46,GSL,1,6,9535.4,0,-43.49
1660,47,GSL,2,6,12791.21,0,-73.54
1660,48,GSL,3,6,11889.73,0,-62.23
1660,49,GSL,4,6,9516.51,0,-43.36
1660,50,GSL,5,6,5791.38,0,-20.82
1660,51,GSL,0,7,12697.52,0,-72.05
1660,52,GSL,1,7,9574.09,0,-43.75
1660,53,GSL,2,7,3546.75,0,-6.7
1660,54,GSL,3,7,5274.09,0,-17.77
1660,55,GSL,4,7,10329.27,0,-49.03
1660,56,GSL,5,7,11443.76,0,-57.99
1670,0,ISL,0,1,11987.52,1,
1670,1,ISL,1,2,11987.52,1,
1670,2,ISL,2,0,11987.52,1,
1670,3,ISL,3,4,11987.52,1,
1670,4,ISL,4,5,11987.52,1,
1670,5,ISL,5,3,11987.52,1,
1670,6,ISL,0,3,10629.04,1,
1670,7,ISL,1,4,7766.5,1,
1670,8,ISL,2,5,12890.0,1,
1670,45,GSL,0,6,3239.32,0,-4.42
1670,46,GSL,1,6,9583.91,0,-43.81
1670,47,GSL,2,6,12772.04,0,-73.22
1670,48,GSL,3,6,11905.64,0,-62.4
1670,49,GSL,4,6,9481.52,0,-43.13
1670,50,GSL,5,6,5816.02,0,-20.96
1670,51,GSL,0,7,12716.39,0,-72.34
1670,52,GSL,1,7,9527.22,0,-43.43
1670,53,GSL,2,7,3604.88,0,-7.11
1670,54,GSL,3,7,5257.07,0,-17.66
1670,55,GSL,4,7,10359.98,0,-49.26
1670,56,GSL,5,7,11423.82,0,-57.81
1680,0,ISL,0,1,11987.52,1,
1680,1,ISL,1,2,11987.52,1,
1680,2,ISL,2,0,11987.52,1,
1680,3,ISL,3,4,11987.52,1,
1680,4,ISL,4,5,11987.52,1,
1680,5,ISL,5,3,11987.52,1,
1680,6,ISL,0,3,10691.89,1,
1680,7,ISL,1,4,7723.85,1,
1680,8,ISL,2,5,12863.62,1,
1680,45,GSL,0,6,3172.43,0,-3.91
1680,46,GSL,1,6,9632.16,0,-44.14
1680,47,GSL,2,6,12752.52,0,-72.91
1680,48,GSL,3,6,11921.3,0,-62.56
1680,49,GSL,4,6,9446.35,0,-42.89
1680,50,GSL,5,6,5841.13,0,-21.11
1680,51,GSL,0,7,12734.93,0,-72.63
1680,52,GSL,1,7,9480.09,0,-43.12
1680,53,GSL,2,7,3663.22,0,-7.52
1680,54,GSL,3,7,5240.62,0,-17.57
1680,55,GSL,4,7,10390.52,0,-49.49
1680,56,GSL,5,7,11403.62,0,-57.63
1690,0,ISL,0,1,11987.52,1,
1690,1,ISL,1,2,11987.52,1,
1690,2,ISL,2,0,11987.52,1,
1690,3,ISL,3,4,11987.52,1,
1690,4,ISL,4,5,11987.52,1,
1690,5,ISL,5,3,11987.52,1,
1690,6,ISL,0,3,10754.34,1,
1690,7,ISL,1,4,7682.65,1,
1690,8,ISL,2,5,12836.2,1,
1690,45,GSL,0,6,3105.5,0,-3.38
1690,46,GSL,1,6,9680.15,0,-44.46
1690,47,GSL,2,6,12732.64,0,-72.59
1690,48,GSL,3,6,11936.69,0,-62.71
1690,49,GSL,4,6,9411.01,0,-42.66
1690,50,GSL,5,6,5866.69,0,-21.26
1690,51,GSL,0,7,12753.12,0,-72.92
1690,52,GSL,1,7,9432.71,0,-42.8
1690,53,GSL,2,7,3721.76,0,-7.93
1690,54,GSL,3,7,5224.76,0,-17.47
1690,55,GSL,4,7,10420.91,0,-49.71
1690,56,GSL,5,7,11383.15,0,-57.45
1700,0,ISL,0,1,11987.52,1,
1700,1,ISL,1,2,11987.52,1,
1700,2,ISL,2,0,11987.52,1,
1700,3,ISL,3,4,11987.52,1,
1700,4,ISL,4,5,11987.52,1,
1700,5,ISL,5,3,11987.52,1,
1700,6,ISL,0,3,10816.38,1,
1700,7,ISL,1,4,7642.93,1,
1700,8,ISL,2,5,12807.76,1,
1700,45,GSL,0,6,3038.53,0,-2.85
1700,46,GSL,1,6,9727.87,0,-44.79
1700,47,GSL,2,6,12712.42,0,-72.28
1700,48,GSL,3,6,11951.82,0,-62.87
1700,49,GSL,4,6,9375.49,0,-42.42
1700,50,GSL,5,6,5892.69,0,-21.41
1700,51,GSL,0,7,12770.98,0,-73.21
1700,52,GSL,1,7,9385.08,0,-42.49
1700,53,GSL,2,7,3780.48,0,-8.33
1700,54,GSL,3,7,5209.48,0,-17.38
1700,55,GSL,4,7,10451.14,0,-49.93
1700,56,GSL,5,7,11362.43,0,-57.27
1710,0,ISL,0,1,11987.52,1,
1710,1,ISL,1,2,11987.52,1,
1710,2,ISL,2,0,11987.52,1,
1710,3,ISL,3,4,11987.52,1,
1710,4,ISL,4,5,11987.52,1,
1710,5,ISL,5,3,11987.52,1,
1710,6,ISL,0,3,10877.98,1,
1710,7,ISL,1,4,7604.73,1,
1710,8,ISL,2,5,12778.29,1,
1710,45,GSL,0,6,2971.52,0,-2.3
1710,46,GSL,1,6,9775.33,0,-45.11
1710,47,GSL,2,6,12691.83,0,-71.96
1710,48,GSL,3,6,11966.68,0,-63.03
1710,49,GSL,4,6,9339.8,0,-42.19
1710,50,GSL,5,6,5919.14,0,-21.57
1710,51,GSL,0,7,12788.5,0,-73.49
1710,52,GSL,1,7,9337.2,0,-42.17
1710,53,GSL,2,7,3839.37,0,-8.74
1710,54,GSL,3,7,5194.79,0,-17.29
1710,55,GSL,4,7,10481.21,0,-50.16
1710,56,GSL,5,7,11341.43,0,-57.09
1720,0,ISL,0,1,11987.52,1,
1720,1,ISL,1,2,11987.52,1,
1720,2,ISL,2,0,11987.52,1,
1720,3,ISL,3,4,11987.52,1,
1720,4,ISL,4,5,11987.52,1,
1720,5,ISL,5,3,11987.52,1,
1720,6,ISL,0,3,10939.12,1,
1720,7,ISL,1,4,7568.1,1,
1720,8,ISL,2,5,12747.82,1,
1720,45,GSL,0,6,2904.5,0,-1.74
1720,46,GSL,1,6,9822.52,0,-45.44
1720,47,GSL,2,6,12670.9,0,-71.65
1720,48,GSL,3,6,11981.28,0,-63.18
1720,49,GSL,4,6,9303.95,0,-41.95
1720,50,GSL,5,6,5946.01,0,-21.73
1720,51,GSL,0,7,12805.68,0,-73.78
1720,52,GSL,1,7,9289.06,0,-41.85
1720,53,GSL,2,7,3898.41,0,-9.14
1720,54,GSL,3,7,5180.7,0,-17.21
1720,55,GSL,4,7,10511.11,0,-50.38
1720,56,GSL,5,7,11320.18,0,-56.9
1730,0,ISL,0,1,11987.52,1,
1730,1,ISL,1,2,11987.52,1,
1730,2,ISL,2,0,11987.52,1,
1730,3,ISL,3,4,11987.52,1,
1730,4,ISL,4,5,11987.52,1,
1730,5,ISL,5,3,11987.52,1,
1730,6,ISL,0,3,10999.77,1,
1730,7,ISL,1,4,7533.07,1,
1730,8,ISL,2,5,12716.33,1,
1730,45,GSL,0,6,2837.45,0,-1.17
1730,46,GSL,1,6,9869.43,0,-45.76
1730,47,GSL,2,6,12649.62,0,-71.33
1730,48,GSL,3,6,11995.62,0,-63.33
1730,49,GSL,4,6,9267.92,0,-41.72
1730,50,GSL,5,6,5973.31,0,-21.88
1730,51,GSL,0,7,12822.51,0,-74.07
1730,52,GSL,1,7,9240.68,0,-41.54
1730,53,GSL,2,7,3957.6,0,-9.53
1730,54,GSL,3,7,5167.23,0,-17.13
1730,55,GSL,4,7,10540.85,0,-50.61
1730,56,GSL,5,7,11298.67,0,-56.71
1740,0,ISL,0,1,11987.52,1,
1740,1,ISL,1,2,11987.52,1,
1740,2,ISL,2,0,11987.52,1,
1740,3,ISL,3,4,11987.52,1,
1740,4,ISL,4,5,11987.52,1,
1740,5,ISL,5,3,11987.52,1,
1740,6,ISL,0,3,11059.92,1,
1740,7,ISL,1,4,7499.68,1,
1740,8,ISL,2,5,12683.85,1,
1740,45,GSL,0,6,2770.39,0,-0.59
1740,46,GSL,1,6,9916.08,0,-46.08
1740,47,GSL,2,6,12627.98,0,-71.02
1740,48,GSL,3,6,12009.68,0,-63.48
1740,49,GSL,4,6,9231.74,0,-41.48
1740,50,GSL,5,6,6001.02,0,-22.05
1740,51,GSL,0,7,12839.01,0,-74.35
1740,52,GSL,1,7,9192.06,0,-41.22
1740,53,GSL,2,7,4016.91,0,-9.93
1740,54,GSL,3,7,5154.37,0,-17.05
1740,55,GSL,4,7,10570.42,0,-50.83
1740,56,GSL,5,7,11276.9,0,-56.53
1750,0,ISL,0,1,11987.52,1,
1750,1,ISL,1,2,11987.52,1,
1750,2,ISL,2,0,11987.52,1,
1750,3,ISL,3,4,11987.52,1,
1750,4,ISL,4,5,11987.52,1,
1750,5,ISL,5,3,11987.52,1,
1750,6,ISL,0,3,11119.55,1,
1750,7,ISL,1,4,7467.98,1,
1750,8,ISL,2,5,12650.37,1,
1750,45,GSL,0,6,2703.32,0,0.0
1750,46,GSL,1,6,9962.45,0,-46.41
1750,47,GSL,2,6,12606.0,0,-70.7
1750,48,GSL,3,6,12023.48,0,-63.62
1750,49,GSL,4,6,9195.38,0,-41.24
1750,50,GSL,5,6,6029.13,0,-22.21
1750,51,GSL,0,7,12855.17,0,-74.63
1750,52,GSL,1,7,9143.18,0,-40.91
1750,53,GSL,2,7,4076.34,0,-10.32
1750,54,GSL,3,7,5142.13,0,-16.98
1750,55,GSL,4,7,10599.82,0,-51.06
1750,56,GSL,5,7,11254.86,0,-56.34
1760,0,ISL,0,1,11987.52,1,
1760,1,ISL,1,2,11987.52,1,
1760,2,ISL,2,0,11987.52,1,
1760,3,ISL,3,4,11987.52,1,
1760,4,ISL,4,5,11987.52,1,
1760,5,ISL,5,3,11987.52,1,
1760,6,ISL,0,3,11178.64,1,
1760,7,ISL,1,4,7438.0,1,
1760,8,ISL,2,5,12615.92,1,
1760,45,GSL,0,6,2636.25,0,0.62
1760,46,GSL,1,6,10008.55,0,-46.73
1760,47,GSL,2,6,12583.67,0,-70.39
1760,48,GSL,3,6,12037.01,0,-63.77
1760,49,GSL,4,6,9158.87,0,-41.01
1760,50,GSL,5,6,6057.64,0,-22.38
1760,51,GSL,0,7,12870.98,0,-74.92
1760,52,GSL,1,7,9094.07,0,-40.59
1760,53,GSL,2,7,4135.87,0,-10.71
1760,54,GSL,3,7,5130.52,0,-16.91
1760,55,GSL,4,7,10629.05,0,-51.28
1760,56,GSL,5,7,11232.57,0,-56.15
1770,0,ISL,0,1,11987.52,1,
1770,1,ISL,1,2,11987.52,1,
1770,2,ISL,2,0,11987.52,1,
1770,3,ISL,3,4,11987.52,1,
1770,4,ISL,4,5,11987.52,1,
1770,5,ISL,5,3,11987.52,1,
1770,6,ISL,0,3,11237.16,1,
1770,7,ISL,1,4,7409.78,1,
1770,8,ISL,2,5,12580.49,1,
1770,45,GSL,0,6,2569.19,0,1.24
1770,46,GSL,1,6,10054.38,0,-47.06
1770,47,GSL,2,6,12560.99,0,-70.07
1770,48,GSL,3,6,12050.27,0,-63.91
1770,49,GSL,4,6,9122.21,0,-40.77
1770,50,GSL,5,6,6086.54,0,-22.55
1770,51,GSL,0,7,12886.45,0,-75.2
1770,52,GSL,1,7,9044.71,0,-40.27
1770,53,GSL,2,7,4195.51,0,-11.1
1770,54,GSL,3,7,5119.55,0,-16.84
1770,55,GSL,4,7,10658.11,0,-51.5
1770,56,GSL,5,7,11210.02,0,-55.95
1780,0,ISL,0,1,11987.52,1,
1780,1,ISL,1,2,11987.52,1,
1780,2,ISL,2,0,11987.52,1,
1780,3,ISL,3,4,11987.52,1,
1780,4,ISL,4,5,11987.52,1,
1780,5,ISL,5,3,11987.52,1,
1780,6,ISL,0,3,11295.09,1,
1780,7,ISL,1,4,7383.34,1,
1780,8,ISL,2,5,12544.09,1,
1780,45,GSL,0,6,2502.15,0,1.89
1780,46,GSL,1,6,10099.93,0,-47.38
1780,47,GSL,2,6,12537.96,0,-69.76
1780,48,GSL,3,6,12063.26,0,-64.05
1780,49,GSL,4,6,9085.38,0,-40.53
1780,50,GSL,5,6,6115.82,0,-22.72
1780,51,GSL,0,7,12901.58,0,-75.48
1780,52,GSL,1,7,8995.1,0,-39.95
1780,53,GSL,2,7,4255.22,0,-11.49
1780,54,GSL,3,7,5109.22,0,-16.78
1780,55,GSL,4,7,10686.99,0,-51.72
1780,56,GSL,5,7,11187.22,0,-55.76
1790,0,ISL,0,1,11987.52,1,
1790,1,ISL,1,2,11987.52,1,
1790,2,ISL,2,0,11987.52,1,
1790,3,ISL,3,4,11987.52,1,
1790,4,ISL,4,5,11987.52,1,
1790,5,ISL,5,3,11987.52,1,
1790,6,ISL,0,3,11352.43,1,
1790,7,ISL,1,4,7358.73,1,
1790,8,ISL,2,5,12506.74,1,
1790,45,GSL,0,6,2435.13,0,2.55
1790,46,GSL,1,6,10145.2,0,-47.7
1790,47,GSL,2,6,12514.58,0,-69.44
1790,48,GSL,3,6,12075.97,0,-64.19
1790,49,GSL,4,6,9048.41,0,-40.29
1790,50,GSL,5,6,6145.47,0,-22.89
1790,51,GSL,0,7,12916.37,0,-75.76
1790,52,GSL,1,7,8945.26,0,-39.63
1790,53,GSL,2,7,4315.01,0,-11.87
1790,54,GSL,3,7,5099.54,0,-16.72
1790,55,GSL,4,7,10715.69,0,-51.95
1790,56,GSL,5,7,11164.16,0,-55.57
1800,0,ISL,0,1,11987.52,1,
1800,1,ISL,1,2,11987.52,1,
1800,2,ISL,2,0,11987.52,1,
1800,3,ISL,3,4,11987.52,1,
1800,4,ISL,4,5,11987.52,1,
1800,5,ISL,5,3,11987.52,1,
1800,6,ISL,0,3,11409.15,1,
1800,7,ISL,1,4,7335.97,1,
1800,8,ISL,2,5,12468.44,1,
1800,45,GSL,0,6,2368.16,0,3.23
1800,46,GSL,1,6,10190.19,0,-48.02
1800,47,GSL,2,6,12490.86,0,-69.12
1800,48,GSL,3,6,12088.42,0,-64.32
1800,49,GSL,4,6,9011.28,0,-40.06
1800,50,GSL,5,6,6175.49,0,-23.06
1800,51,GSL,0,7,12930.81,0,-76.04
1800,52,GSL,1,7,8895.19,0,-39.32
1800,53,GSL,2,7,4374.87,0,-12.25
1800,54,GSL,3,7,5090.51,0,-16.67
1800,55,GSL,4,7,10744.21,0,-52.17
1800,56,GSL,5,7,11140.84,0,-55.37
1810,0,ISL,0,1,11987.52,1,
1810,1,ISL,1,2,11987.52,1,
1810,2,ISL,2,0,11987.52,1,
1810,3,ISL,3,4,11987.52,1,
1810,4,ISL,4,5,11987.52,1,
1810,5,ISL,5,3,11987.52,1,
1810,6,ISL,0,3,11465.23,1,
1810,7,ISL,1,4,7315.08,1,
1810,8,ISL,2,5,12429.21,1,
1810,45,GSL,0,6,2301.22,0,3.94
1810,46,GSL,1,6,10234.9,0,-48.35
1810,47,GSL,2,6,12466.79,0,-68.81
1810,48,GSL,3,6,12100.59,0,-64.46
1810,49,GSL,4,6,8974.0,0,-39.82
1810,50,GSL,5,6,6205.86,0,-23.24
1810,51,GSL,0,7,12944.9,0,-76.31
1810,52,GSL,1,7,8844.87,0,-39.0
1810,53,GSL,2,7,4434.79,0,-12.63
1810,54,GSL,3,7,5082.15,0,-16.62
1810,55,GSL,4,7,10772.55,0,-52.39
1810,56,GSL,5,7,11117.26,0,-55.17
1820,0,ISL,0,1,11987.52,1,
1820,1,ISL,1,2,11987.52,1,
1820,2,ISL,2,0,11987.52,1,
1820,3,ISL,3,4,11987.52,1,
1820,4,ISL,4,5,11987.52,1,
1820,5,ISL,5,3,11987.52,1,
1820,6,ISL,0,3,11520.65,1,
1820,7,ISL,1,4,7296.11,1,
1820,8,ISL,2,5,12389.05,1,
1820,45,GSL,0,6,2234.35,0,4.67
1820,46,GSL,1,6,10279.34,0,-48.67
1820,47,GSL,2,6,12442.37,0,-68.49
1820,48,GSL,3,6,12112.48,0,-64.59
1820,49,GSL,4,6,8936.58,0,-39.58
1820,50,GSL,5,6,6236.57,0,-23.42
1820,51,GSL,0,7,12958.66,0,-76.59
1820,52,GSL,1,7,8794.32,0,-38.68
1820,53,GSL,2,7,4494.75,0,-13.01
1820,54,GSL,3,7,5074.44,0,-16.57
1820,55,GSL,4,7,10800.71,0,-52.61
1820,56,GSL,5,7,11093.44,0,-54.97
1830,0,ISL,0,1,11987.52,1,
1830,1,ISL,1,2,11987.52,1,
1830,2,ISL,2,0,11987.52,1,
1830,3,ISL,3,4,11987.52,1,
1830,4,ISL,4,5,11987.52,1,
1830,5,ISL,5,3,11987.52,1,
1830,6,ISL,0,3,11575.41,1,
1830,7,ISL,1,4,7279.06,1,
1830,8,ISL,2,5,12347.97,1,
1830,45,GSL,0,6,2167.55,0,5.43
1830,46,GSL,1,6,10323.48,0,-48.99
1830,47,GSL,2,6,12417.61,0,-68.18
1830,48,GSL,3,6,12124.1,0,-64.71
1830,49,GSL,4,6,8899.02,0,-39.34
1830,50,GSL,5,6,6267.63,0,-23.6
1830,51,GSL,0,7,12972.06,0,-76.86
1830,52,GSL,1,7,8743.54,0,-38.36
1830,53,GSL,2,7,4554.76,0,-13.39
1830,54,GSL,3,7,5067.41,0,-16.53
1830,55,GSL,4,7,10828.68,0,-52.83
1830,56,GSL,5,7,11069.36,0,-54.78
1840,0,ISL,0,1,11987.52,1,
1840,1,ISL,1,2,11987.52,1,
1840,2,ISL,2,0,11987.52,1,
1840,3,ISL,3,4,11987.52,1,
1840,4,ISL,4,5,11987.52,1,
1840,5,ISL,5,3,11987.52,1,
1840,6,ISL,0,3,11629.47,1,
1840,7,ISL,1,4,7263.96,1,
1840,8,ISL,2,5,12305.99,1,
1840,45,GSL,0,6,2100.84,0,6.21
1840,46,GSL,1,6,10367.35,0,-49.31
1840,47,GSL,2,6,12392.51,0,-67.86
1840,48,GSL,3,6,12135.45,0,-64.84
1840,49,GSL,4,6,8861.32,0,-39.1
1840,50,GSL,5,6,6299.02,0,-23.78
1840,51,GSL,0,7,12985.12,0,-77.13
1840,52,GSL,1,7,8692.52,0,-38.04
1840,53,GSL,2,7,4614.8,0,-13.76
1840,54,GSL,3,7,5061.04,0,-16.49
1840,55,GSL,4,7,10856.47,0,-53.05
1840,56,GSL,5,7,11045.02,0,-54.57
1850,0,ISL,0,1,11987.52,1,
1850,1,ISL,1,2,11987.52,1,
1850,2,ISL,2,0,11987.52,1,
1850,3,ISL,3,4,11987.52,1,
1850,4,ISL,4,5,11987.52,1,
1850,5,ISL,5,3,11987.52,1,
1850,6,ISL,0,3,11682.83,1,
1850,7,ISL,1,4,7250.84,1,
1850,8,ISL,2,5,12263.11,1,
1850,45,GSL,0,6,2034.24,0,7.03
1850,46,GSL,1,6,10410.93,0,-49.64
1850,47,GSL,2,6,12367.06,0,-67.55
1850,48,GSL,3,6,12146.51,0,-64.96
1850,49,GSL,4,6,8823.48,0,-38.86
1850,50,GSL,5,6,6330.73,0,-23.97
1850,51,GSL,0,7,12997.83,0,-77.41
1850,52,GSL,1,7,8641.27,0,-37.72
1850,53,GSL,2,7,4674.86,0,-14.13
1850,54,GSL,3,7,5055.36,0,-16.45
1850,55,GSL,4,7,10884.07,0,-53.27
1850,56,GSL,5,7,11020.44,0,-54.37
1860,0,ISL,0,1,11987.52,1,
1860,1,ISL,1,2,11987.52,1,
1860,2,ISL,2,0,11987.52,1,
1860,3,ISL,3,4,11987.52,1,
1860,4,ISL,4,5,11987.52,1,
1860,5,ISL,5,3,11987.52,1,
1860,6,ISL,0,3,11735.47,1,
1860,7,ISL,1,4,7239.7,1,
1860,8,ISL,2,5,12219.36,1,
1860,45,GSL,0,6,1967.75,0,7.88
1860,46,GSL,1,6,10454.22,0,-49.96
1860,47,GSL,2,6,12341.27,0,-67.23
1860,48,GSL,3,6,12157.3,0,-65.08
1860,49,GSL,4,6,8785.5,0,-38.62
1860,50,GSL,5,6,6362.75,0,-24.15
1860,51,GSL,0,7,13010.2,0,-77.67
1860,52,GSL,1,7,8589.8,0,-37.4
1860,53,GSL,2,7,4734.95,0,-14.5
1860,54,GSL,3,7,5050.36,0,-16.42
1860,55,GSL,4,7,10911.47,0,-53.49
1860,56,GSL,5,7,10995.6,0,-54.17
1870,0,ISL,0,1,11987.52,1,
1870,1,ISL,1,2,11987.52,1,
1870,2,ISL,2,0,11987.52,1,
1870,3,ISL,3,4,11987.52,1,
1870,4,ISL,4,5,11987.52,1,
1870,5,ISL,5,3,11987.52,1,
1870,6,ISL,0,3,11787.37,1,
1870,7,ISL,1,4,7230.57,1,
1870,8,ISL,2,5,12174.72,1,
1870,45,GSL,0,6,1901.42,0,8.77
1870,46,GSL,1,6,10497.22,0,-50.28
1870,47,GSL,2,6,12315.14,0,-66.91
1870,48,GSL,3,6,12167.81,0,-65.2
1870,49,GSL,4,6,8747.39,0,-38.38
1870,50,GSL,5,6,6395.08,0,-24.34
1870,51,GSL,0,7,13022.22,0,-77.94
1870,52,GSL,1,7,8538.1,0,-37.08
1870,53,GSL,2,7,4795.04,0,-14.87
1870,54,GSL,3,7,5046.04,0,-16.4
1870,55,GSL,4,7,10938.69,0,-53.71
1870,56,GSL,5,7,10970.52,0,-53.97
1880,0,ISL,0,1,11987.52,1,
1880,1,ISL,1,2,11987.52,1,
1880,2,ISL,2,0,11987.52,1,
1880,3,ISL,3,4,11987.52,1,
1880,4,ISL,4,5,11987.52,1,
1880,5,ISL,5,3,11987.52,1,
1880,6,ISL,0,3,11838.52,1,
1880,7,ISL,1,4,7223.45,1,
1880,8,ISL,2,5,12129.23,1,
1880,45,GSL,0,6,1835.24,0,9.71
1880,46,GSL,1,6,10539.94,0,-50.6
1880,47,GSL,2,6,12288.66,0,-66.6
1880,48,GSL,3,6,12178.04,0,-65.32
1880,49,GSL,4,6,8709.16,0,-38.14
1880,50,GSL,5,6,6427.71,0,-24.53
1880,51,GSL,0,7,13033.89,0,-78.21
1880,52,GSL,1,7,8486.17,0,-36.75
1880,53,GSL,2,7,4855.14,0,-15.24
1880,54,GSL,3,7,5042.4,0,-16.38
1880,55,GSL,4,7,10965.71,0,-53.93
1880,56,GSL,5,7,10945.18,0,-53.76
1890,0,ISL,0,1,11987.52,1,
1890,1,ISL,1,2,11987.52,1,
1890,2,ISL,2,0,11987.52,1,
1890,3,ISL,3,4,11987.52,1,
1890,4,ISL,4,5,11987.52,1,
1890,5,ISL,5,3,11987.52,1,
1890,6,ISL,0,3,11888.91,1,
1890,7,ISL,1,4,7218.36,1,
1890,8,ISL,2,5,12082.9,1,
1890,45,GSL,0,6,1769.27,1,10.69
1890,46,GSL,1,6,10582.36,0,-50.92
1890,47,GSL,2,6,12261.85,0,-66.28
1890,48,GSL,3,6,12187.99,0,-65.43
1890,49,GSL,4,6,8670.79,0,-37.9
1890,50,GSL,5,6,6460.64,0,-24.72
1890,51,GSL,0,7,13045.21,0,-78.47
1890,52,GSL,1,7,8434.01,0,-36.43
1890,53,GSL,2,7,4915.24,0,-15.61
1890,54,GSL,3,7,5039.46,0,-16.36
1890,55,GSL,4,7,10992.53,0,-54.15
1890,56,GSL,5,7,10919.6,0,-53.56
1900,0,ISL,0,1,11987.52,1,
1900,1,ISL,1,2,11987.52,1,
1900,2,ISL,2,0,11987.52,1,
1900,3,ISL,3,4,11987.52,1,
1900,4,ISL,4,5,11987.52,1,
1900,5,ISL,5,3,11987.52,1,
1900,6,ISL,0,3,11938.51,1,
1900,7,ISL,1,4,7215.3,1,
1900,8,ISL,2,5,12035.72,1,
1900,45,GSL,0,6,1703.52,1,11.72
1900,46,GSL,1,6,10624.49,0,-51.24
1900,47,GSL,2,6,12234.7,0,-65.96
1900,48,GSL,3,6,12197.66,0,-65.54
1900,49,GSL,4,6,8632.31,0,-37.66
1900,50,GSL,5,6,6493.84,0,-24.92
1900,51,GSL,0,7,13056.18,0,-78.73
1900,52,GSL,1,7,8381.64,0,-36.11
1900,53,GSL,2,7,4975.33,0,-15.97
1900,54,GSL,3,7,5037.22,0,-16.35
1900,55,GSL,4,7,11019.16,0,-54.36
1900,56,GSL,5,7,10893.77,0,-53.35
1910,0,ISL,0,1,11987.52,1,
1910,1,ISL,1,2,11987.52,1,
1910,2,ISL,2,0,11987.52,1,
1910,3,ISL,3,4,11987.52,1,
1910,4,ISL,4,5,11987.52,1,
1910,5,ISL,5,3,11987.52,1,
1910,6,ISL,0,3,11987.32,1,
1910,7,ISL,1,4,7214.27,1,
1910,8,ISL,2,5,11987.73,1,
1910,45,GSL,0,6,1638.02,1,12.81
1910,46,GSL,1,6,10666.33,0,-51.56
1910,47,GSL,2,6,12207.21,0,-65.65
1910,48,GSL,3,6,12207.05,0,-65.65
1910,49,GSL,4,6,8593.7,0,-37.42
1910,50,GSL,5,6,6527.32,0,-25.11
1910,51,GSL,0,7,13066.81,0,-78.99
1910,52,GSL,1,7,8329.04,0,-35.79
1910,53,GSL,2,7,5035.4,0,-16.33
1910,54,GSL,3,7,5035.66,0,-16.34
1910,55,GSL,4,7,11045.59,0,-54.58
1910,56,GSL,5,7,10867.69,0,-53.14
1920,0,ISL,0,1,11987.52,1,
1920,1,ISL,1,2,11987.52,1,
1920,2,ISL,2,0,11987.52,1,
1920,3,ISL,3,4,11987.52,1,
1920,4,ISL,4,5,11987.52,1,
1920,5,ISL,5,3,11987.52,1,
1920,6,ISL,0,3,12035.32,1,
1920,7,ISL,1,4,7215.28,1,
1920,8,ISL,2,5,11938.93,1,
1920,45,GSL,0,6,1572.83,1,13.97
1920,46,GSL,1,6,10707.88,0,-51.89
1920,47,GSL,2,6,12179.38,0,-65.33
1920,48,GSL,3,6,12216.15,0,-65.75
1920,49,GSL,4,6,8554.97,0,-37.18
1920,50,GSL,5,6,6561.07,0,-25.31
1920,51,GSL,0,7,13077.08,0,-79.24
1920,52,GSL,1,7,8276.22,0,-35.46
1920,53,GSL,2,7,5095.46,0,-16.7
1920,54,GSL,3,7,5034.8,0,-16.33
1920,55,GSL,4,7,11071.81,0,-54.8
1920,56,GSL,5,7,10841.37,0,-52.93
1930,0,ISL,0,1,11987.52,1,
1930,1,ISL,1,2,11987.52,1,
1930,2,ISL,2,0,11987.52,1,
1930,3,ISL,3,4,11987.52,1,
1930,4,ISL,4,5,11987.52,1,
1930,5,ISL,5,3,11987.52,1,
1930,6,ISL,0,3,12082.5,1,
1930,7,ISL,1,4,7218.33,1,
1930,8,ISL,2,5,11889.33,1,
1930,45,GSL,0,6,1507.98,1,15.2
1930,46,GSL,1,6,10749.13,0,-52.21
1930,47,GSL,2,6,12151.21,0,-65.01
1930,48,GSL,3,6,12224.98,0,-65.85
1930,49,GSL,4,6,8516.13,0,-36.94
1930,50,GSL,5,6,6595.08,0,-25.51
1930,51,GSL,0,7,13087.01,0,-79.49
1930,52,GSL,1,7,8223.19,0,-35.14
1930,53,GSL,2,7,5155.49,0,-17.06
1930,54,GSL,3,7,5034.64,0,-16.33
1930,55,GSL,4,7,11097.83,0,-55.01
1930,56,GSL,5,7,10814.81,0,-52.72
1940,0,ISL,0,1,11987.52,1,
1940,1,ISL,1,2,11987.52,1,
1940,2,ISL,2,0,11987.52,1,
1940,3,ISL,3,4,11987.52,1,
1940,4,ISL,4,5,11987.52,1,
1940,5,ISL,5,3,11987.52,1,
1940,6,ISL,0,3,12128.84,1,
1940,7,ISL,1,4,7223.4,1,
1940,8,ISL,2,5,11838.95,1,
1940,45,GSL,0,6,1443.54,1,16.51
1940,46,GSL,1,6,10790.08,0,-52.53
1940,47,GSL,2,6,12122.7,0,-64.7
1940,48,GSL,3,6,12233.51,0,-65.95
1940,49,GSL,4,6,8477.18,0,-36.7
1940,50,GSL,5,6,6629.35,0,-25.7
1940,51,GSL,0,7,13096.58,0,-79.74
1940,52,GSL,1,7,8169.94,0,-34.82
1940,53,GSL,2,7,5215.49,0,-17.42
1940,54,GSL,3,7,5035.18,0,-16.33
1940,55,GSL,4,7,11123.65,0,-55.23
1940,56,GSL,5,7,10788.0,0,-52.51
1950,0,ISL,0,1,11987.52,1,
1950,1,ISL,1,2,11987.52,1,
1950,2,ISL,2,0,11987.52,1,
1950,3,ISL,3,4,11987.52,1,
1950,4,ISL,4,5,11987.52,1,
1950,5,ISL,5,3,11987.52,1,
1950,6,ISL,0,3,12174.34,1,
1950,7,ISL,1,4,7230.5,1,
1950,8,ISL,2,5,11787.81,1,
1950,45,GSL,0,6,1379.56,1,17.92
1950,46,GSL,1,6,10830.74,0,-52.85
1950,47,GSL,2,6,12093.86,0,-64.38
1950,48,GSL,3,6,12241.77,0,-66.05
1950,49,GSL,4,6,8438.12,0,-36.46
1950,50,GSL,5,6,6663.85,0,-25.91
1950,51,GSL,0,7,13105.8,0,-79.99
1950,52,GSL,1,7,8116.48,0,-34.49
1950,53,GSL,2,7,5275.45,0,-17.77
1950,54,GSL,3,7,5036.42,0,-16.34
1950,55,GSL,4,7,11149.27,0,-55.44
1950,56,GSL,5,7,10760.95,0,-52.3
1960,0,ISL,0,1,11987.52,1,
1960,1,ISL,1,2,11987.52,1,
1960,2,ISL,2,0,11987.52,1,
1960,3,ISL,3,4,11987.52,1,
1960,4,ISL,4,5,11987.52,1,
1960,5,ISL,5,3,11987.52,1,
1960,6,ISL,0,3,12218.98,1,
1960,7,ISL,1,4,7239.62,1,
1960,8,ISL,2,5,11735.91,1,
1960,45,GSL,0,6,1316.12,1,19.43
1960,46,GSL,1,6,10871.1,0,-53.17
1960,47,GSL,2,6,12064.69,0,-64.06
1960,48,GSL,3,6,12249.73,0,-66.14
1960,49,GSL,4,6,8398.95,0,-36.22
1960,50,GSL,5,6,6698.6,0,-26.11
1960,51,GSL,0,7,13114.68,0,-80.23
1960,52,GSL,1,7,8062.8,0,-34.17
1960,53,GSL,2,7,5335.37,0,-18.13
1960,54,GSL,3,7,5038.36,0,-16.35
1960,55,GSL,4,7,11174.67,0,-55.65
1960,56,GSL,5,7,10733.65,0,-52.09
1970,0,ISL,0,1,11987.52,1,
1970,1,ISL,1,2,11987.52,1,
1970,2,ISL,2,0,11987.52,1,
1970,3,ISL,3,4,11987.52,1,
1970,4,ISL,4,5,11987.52,1,
1970,5,ISL,5,3,11987.52,1,
1970,6,ISL,0,3,12262.75,1,
1970,7,ISL,1,4,7250.74,1,
1970,8,ISL,2,5,11683.28,1,
1970,45,GSL,0,6,1253.31,1,21.06
1970,46,GSL,1,6,10911.16,0,-53.49
1970,47,GSL,2,6,12035.18,0,-63.75
1970,48,GSL,3,6,12257.42,0,-66.23
1970,49,GSL,4,6,8359.68,0,-35.98
1970,50,GSL,5,6,6733.58,0,-26.31
1970,51,GSL,0,7,13123.2,0,-80.47
1970,52,GSL,1,7,8008.91,0,-33.84
1970,53,GSL,2,7,5395.25,0,-18.49
1970,54,GSL,3,7,5040.99,0,-16.37
1970,55,GSL,4,7,11199.87,0,-55.87
1970,56,GSL,5,7,10706.12,0,-51.87
1980,0,ISL,0,1,11987.52,1,
1980,1,ISL,1,2,11987.52,1,
1980,2,ISL,2,0,11987.52,1,
1980,3,ISL,3,4,11987.52,1,
1980,4,ISL,4,5,11987.52,1,
1980,5,ISL,5,3,11987.52,1,
1980,6,ISL,0,3,12305.63,1,
1980,7,ISL,1,4,7263.84,1,
1980,8,ISL,2,5,11629.93,1,
1980,45,GSL,0,6,1191.24,1,22.84
1980,46,GSL,1,6,10950.92,0,-53.81
1980,47,GSL,2,6,12005.33,0,-63.43
1980,48,GSL,3,6,12264.81,0,-66.32
1980,49,GSL,4,6,8320.32,0,-35.73
1980,50,GSL,5,6,6768.78,0,-26.52
1980,51,GSL,0,7,13131.37,0,-80.7
1980,52,GSL,1,7,7954.81,0,-33.52
1980,53,GSL,2,7,5455.07,0,-18.84
1980,54,GSL,3,7,5044.33,0,-16.39
1980,55,GSL,4,7,11224.85,0,-56.08
1980,56,GSL,5,7,10678.35,0,-51.66
1990,0,ISL,0,1,11987.52,1,
1990,1,ISL,1,2,11987.52,1,
1990,2,ISL,2,0,11987.52,1,
1990,3,ISL,3,4,11987.52,1,
1990,4,ISL,4,5,11987.52,1,
1990,5,ISL,5,3,11987.52,1,
1990,6,ISL,0,3,12347.62,1,
1990,7,ISL,1,4,7278.92,1,
1990,8,ISL,2,5,11575.87,1,
1990,45,GSL,0,6,1130.04,1,24.77
1990,46,GSL,1,6,10990.37,0,-54.13
1990,47,GSL,2,6,11975.16,0,-63.11
1990,48,GSL,3,6,12271.92,0,-66.4
1990,49,GSL,4,6,8280.85,0,-35.49
1990,50,GSL,5,6,6804.2,0,-26.72
1990,51,GSL,0,7,13139.18,0,-80.93
1990,52,GSL,1,7,7900.5,0,-33.19
1990,53,GSL,2,7,5514.84,0,-19.19
1990,54,GSL,3,7,5048.36,0,-16.41
1990,55,GSL,4,7,11249.62,0,-56.29
1990,56,GSL,5,7,10650.34,0,-51.44
2000,0,ISL,0,1,11987.52,1,
2000,1,ISL,1,2,11987.52,1,
2000,2,ISL,2,0,11987.52,1,
2000,3,ISL,3,4,11987.52,1,
2000,4,ISL,4,5,11987.52,1,
2000,5,ISL,5,3,11987.52,1,
2000,6,ISL,0,3,12388.71,1,
2000,7,ISL,1,4,7295.95,1,
2000,8,ISL,2,5,11521.12,1,
2000,45,GSL,0,6,1069.86,1,26.89
2000,46,GSL,1,6,11029.52,0,-54.45
2000,47,GSL,2,6,11944.65,0,-62.8
2000,48,GSL,3,6,12278.74,0,-66.48
2000,49,GSL,4,6,8241.29,0,-35.25
2000,50,GSL,5,6,6839.83,0,-26.93
2000,51,GSL,0,7,13146.65,0,-81.16
2000,52,GSL,1,7,7845.99,0,-32.86
2000,53,GSL,2,7,5574.55,0,-19.55
2000,54,GSL,3,7,5053.09,0,-16.44
2000,55,GSL,4,7,11274.18,0,-56.5
2000,56,GSL,5,7,10622.09,0,-51.23
2010,0,ISL,0,1,11987.52,1,
2010,1,ISL,1,2,11987.52,1,
2010,2,ISL,2,0,11987.52,1,
2010,3,ISL,3,4,11987.52,1,
2010,4,ISL,4,5,11987.52,1,
2010,5,ISL,5,3,11987.52,1,
2010,6,ISL,0,3,12428.87,1,
2010,7,ISL,1,4,7314.91,1,
2010,8,ISL,2,5,11465.7,1,
2010,45,GSL,0,6,1010.9,1,29.22
2010,46,GSL,1,6,11068.37,0,-54.77
2010,47,GSL,2,6,11913.81,0,-62.48
2010,48,GSL,3,6,12285.27,0,-66.56
2010,49,GSL,4,6,8201.65,0,-35.01
2010,50,GSL,5,6,6875.66,0,-27.14
2010,51,GSL,0,7,13153.76,0,-81.38
2010,52,GSL,1,7,7791.28,0,-32.54
2010,53,GSL,2,7,5634.2,0,-19.9
2010,54,GSL,3,7,5058.52,0,-16.47
2010,55,GSL,4,7,11298.52,0,-56.71
2010,56,GSL,5,7,10593.61,0,-51.01
2020,0,ISL,0,1,11987.52,1,
2020,1,ISL,1,2,11987.52,1,
2020,2,ISL,2,0,11987.52,1,
2020,3,ISL,3,4,11987.52,1,
2020,4,ISL,4,5,11987.52,1,
2020,5,ISL,5,3,11987.52,1,
2020,6,ISL,0,3,12468.12,1,
2020,7,ISL,1,4,7335.78,1,
2020,8,ISL,2,5,11409.63,1,
2020,45,GSL,0,6,953.38,1,31.8
2020,46,GSL,1,6,11106.91,0,-55.09
2020,47,GSL,2,6,11882.64,0,-62.16
2020,48,GSL,3,6,12291.51,0,-66.63
2020,49,GSL,4,6,8161.92,0,-34.77
2020,50,GSL,5,6,6911.69,0,-27.35
2020,51,GSL,0,7,13160.52,0,-81.59
2020,52,GSL,1,7,7736.36,0,-32.21
2020,53,GSL,2,7,5693.78,0,-20.25
2020,54,GSL,3,7,5064.63,0,-16.51
2020,55,GSL,4,7,11322.64,0,-56.92
2020,56,GSL,5,7,10564.89,0,-50.79
2030,0,ISL,0,1,11987.52,1,
2030,1,ISL,1,2,11987.52,1,
2030,2,ISL,2,0,11987.52,1,
2030,3,ISL,3,4,11987.52,1,
2030,4,ISL,4,5,11987.52,1,
2030,5,ISL,5,3,11987.52,1,
2030,6,ISL,0,3,12506.42,1,
2030,7,ISL,1,4,7358.53,1,
2030,8,ISL,2,5,11352.91,1,
2030,45,GSL,0,6,897.6,1,34.66
2030,46,GSL,1,6,11145.15,0,-55.41
2030,47,GSL,2,6,11851.15,0,-61.84
2030,48,GSL,3,6,12297.46,0,-66.7
2030,49,GSL,4,6,8122.1,0,-34.53
2030,50,GSL,5,6,6947.91,0,-27.56
2030,51,GSL,0,7,13166.93,0,-81.8
2030,52,GSL,1,7,7681.24,0,-31.88
2030,53,GSL,2,7,5753.28,0,-20.6
2030,54,GSL,3,7,5071.44,0,-16.55
2030,55,GSL,4,7,11346.55,0,-57.13
2030,56,GSL,5,7,10535.94,0,-50.57
2040,0,ISL,0,1,11987.52,1,
2040,1,ISL,1,2,11987.52,1,
2040,2,ISL,2,0,11987.52,1,
2040,3,ISL,3,4,11987.52,1,
2040,4,ISL,4,5,11987.52,1,
2040,5,ISL,5,3,11987.52,1,
2040,6,ISL,0,3,12543.78,1,
2040,7,ISL,1,4,7383.13,1,
2040,8,ISL,2,5,11295.58,1,
2040,45,GSL,0,6,843.9,1,37.85
2040,46,GSL,1,6,11183.07,0,-55.73
2040,47,GSL,2,6,11819.32,0,-61.53
2040,48,GSL,3,6,12303.13,0,-66.77
2040,49,GSL,4,6,8082.21,0,-34.28
2040,50,GSL,5,6,6984.31,0,-27.77
2040,51,GSL,0,7,13172.98,0,-82.0
2040,52,GSL,1,7,7625.92,0,-31.55
2040,53,GSL,2,7,5812.71,0,-20.95
2040,54,GSL,3,7,5078.93,0,-16.6
2040,55,GSL,4,7,11370.23,0,-57.34
2040,56,GSL,5,7,10506.75,0,-50.35
2050,0,ISL,0,1,11987.52,1,
2050,1,ISL,1,2,11987.52,1,
2050,2,ISL,2,0,11987.52,1,
2050,3,ISL,3,4,11987.52,1,
2050,4,ISL,4,5,11987.52,1,
2050,5,ISL,5,3,11987.52,1,
2050,6,ISL,0,3,12580.18,1,
2050,7,ISL,1,4,7409.55,1,
2050,8,ISL,2,5,11237.65,1,
2050,45,GSL,0,6,792.72,1,41.42
2050,46,GSL,1,6,11220.69,0,-56.04
2050,47,GSL,2,6,11787.17,0,-61.21
2050,48,GSL,3,6,12308.5,0,-66.83
2050,49,GSL,4,6,8042.25,0,-34.04
2050,50,GSL,5,6,7020.88,0,-27.99
2050,51,GSL,0,7,13178.68,0,-82.19
2050,52,GSL,1,7,7570.4,0,-31.22
2050,53,GSL,2,7,5872.06,0,-21.29
2050,54,GSL,3,7,5087.11,0,-16.65
2050,55,GSL,4,7,11393.7,0,-57.55
2050,56,GSL,5,7,10477.34,0,-50.13
2060,0,ISL,0,1,11987.52,1,
2060,1,ISL,1,2,11987.52,1,
2060,2,ISL,2,0,11987.52,1,
2060,3,ISL,3,4,11987.52,1,
2060,4,ISL,4,5,11987.52,1,
2060,5,ISL,5,3,11987.52,1,
2060,6,ISL,0,3,12615.62,1,
2060,7,ISL,1,4,7437.76,1,
2060,8,ISL,2,5,11179.13,1,
2060,45,GSL,0,6,744.57,1,45.41
2060,46,GSL,1,6,11258.0,0,-56.36
2060,47,GSL,2,6,11754.69,0,-60.89
2060,48,GSL,3,6,12313.58,0,-66.89
2060,49,GSL,4,6,8002.21,0,-33.8
2060,50,GSL,5,6,7057.63,0,-28.2
2060,51,GSL,0,7,13184.02,0,-82.38
2060,52,GSL,1,7,7514.69,0,-30.89
2060,53,GSL,2,7,5931.32,0,-21.64
2060,54,GSL,3,7,5095.97,0,-16.7
2060,55,GSL,4,7,11416.94,0,-57.75
2060,56,GSL,5,7,10447.69,0,-49.91
2070,0,ISL,0,1,11987.52,1,
2070,1,ISL,1,2,11987.52,1,
2070,2,ISL,2,0,11987.52,1,
2070,3,ISL,3,4,11987.52,1,
2070,4,ISL,4,5,11987.52,1,
2070,5,ISL,5,3,11987.52,1,
2070,6,ISL,0,3,12650.09,1,
2070,7,ISL,1,4,7467.72,1,
2070,8,ISL,2,5,11120.05,1,
2070,45,GSL,0,6,700.1,1,49.87
2070,46,GSL,1,6,11295.0,0,-56.68
2070,47,GSL,2,6,11721.88,0,-60.57
2070,48,GSL,3,6,12318.37,0,-66.95
2070,49,GSL,4,6,7962.1,0,-33.56
2070,50,GSL,5,6,7094.53,0,-28.42
2070,51,GSL,0,7,13189.01,0,-82.56
2070,52,GSL,1,7,7458.79,0,-30.56
2070,53,GSL,2,7,5990.5,0,-21.98
2070,54,GSL,3,7,5105.51,0,-16.76
2070,55,GSL,4,7,11439.95,0,-57.96
2070,56,GSL,5,7,10417.82,0,-49.69
2080,0,ISL,0,1,11987.52,1,
2080,1,ISL,1,2,11987.52,1,
2080,2,ISL,2,0,11987.52,1,
2080,3,ISL,3,4,11987.52,1,
2080,4,ISL,4,5,11987.52,1,
2080,5,ISL,5,3,11987.52,1,
2080,6,ISL,0,3,12683.57,1,
2080,7,ISL,1,4,7499.41,1,
2080,8,ISL,2,5,11060.43,1,
2080,45,GSL,0,6,660.05,1,54.83
2080,46,GSL,1,6,11331.68,0,-57.0
2080,47,GSL,2,6,11688.75,0,-60.26
2080,48,GSL,3,6,12322.86,0,-67.01
2080,49,GSL,4,6,7921.94,0,-33.32
2080,50,GSL,5,6,7131.6,0,-28.64
2080,51,GSL,0,7,13193.65,0,-82.73
2080,52,GSL,1,7,7402.69,0,-30.23
2080,53,GSL,2,7,6049.58,0,-22.33
2080,54,GSL,3,7,5115.72,0,-16.82
2080,55,GSL,4,7,11462.74,0,-58.16
2080,56,GSL,5,7,10387.71,0,-49.46
2090,0,ISL,0,1,11987.52,1,
2090,1,ISL,1,2,11987.52,1,
2090,2,ISL,2,0,11987.52,1,
2090,3,ISL,3,4,11987.52,1,
2090,4,ISL,4,5,11987.52,1,
2090,5,ISL,5,3,11987.52,1,
2090,6,ISL,0,3,12716.06,1,
2090,7,ISL,1,4,7532.78,1,
2090,8,ISL,2,5,11000.28,1,
2090,45,GSL,0,6,625.28,1,60.28
2090,46,GSL,1,6,11368.06,0,-57.32
2090,47,GSL,2,6,11655.3,0,-59.94
2090,48,GSL,3,6,12327.06,0,-67.06
2090,49,GSL,4,6,7881.71,0,-33.08
2090,50,GSL,5,6,7168.81,0,-28.85
2090,51,GSL,0,7,13197.93,0,-82.89
2090,52,GSL,1,7,7346.41,0,-29.9
2090,53,GSL,2,7,6108.56,0,-22.67
2090,54,GSL,3,7,5126.6,0,-16.88
2090,55,GSL,4,7,11485.3,0,-58.37
2090,56,GSL,5,7,10357.39,0,-49.24
2100,0,ISL,0,1,11987.52,1,
2100,1,ISL,1,2,11987.52,1,
2100,2,ISL,2,0,11987.52,1,
2100,3,ISL,3,4,11987.52,1,
2100,4,ISL,4,5,11987.52,1,
2100,5,ISL,5,3,11987.52,1,
2100,6,ISL,0,3,12747.55,1,
2100,7,ISL,1,4,7567.79,1,
2100,8,ISL,2,5,10939.63,1,
2100,45,GSL,0,6,596.71,1,66.16
2100,46,GSL,1,6,11404.11,0,-57.64
2100,47,GSL,2,6,11621.52,0,-59.62
2100,48,GSL,3,6,12330.97,0,-67.1
2100,49,GSL,4,6,7841.42,0,-32.84
2100,50,GSL,5,6,7206.17,0,-29.07
2100,51,GSL,0,7,13201.86,0,-83.04
2100,52,GSL,1,7,7289.94,0,-29.57
2100,53,GSL,2,7,6167.45,0,-23.02
2100,54,GSL,3,7,5138.14,0,-16.95
2100,55,GSL,4,7,11507.64,0,-58.57
2100,56,GSL,5,7,10326.83,0,-49.02
2110,0,ISL,0,1,11987.52,1,
2110,1,ISL,1,2,11987.52,1,
2110,2,ISL,2,0,11987.52,1,
2110,3,ISL,3,4,11987.52,1,
2110,4,ISL,4,5,11987.52,1,
2110,5,ISL,5,3,11987.52,1,
2110,6,ISL,0,3,12778.04,1,
2110,7,ISL,1,4,7604.41,1,
2110,8,ISL,2,5,10878.5,1,
2110,45,GSL,0,6,575.28,1,72.21
2110,46,GSL,1,6,11439.86,0,-57.96
2110,47,GSL,2,6,11587.42,0,-59.3
2110,48,GSL,3,6,12334.59,0,-67.15
2110,49,GSL,4,6,7801.09,0,-32.59
2110,50,GSL,5,6,7243.66,0,-29.29
2110,51,GSL,0,7,13205.43,0,-83.18
2110,52,GSL,1,7,7233.28,0,-29.23
2110,53,GSL,2,7,6226.24,0,-23.36
2110,54,GSL,3,7,5150.35,0,-17.03
2110,55,GSL,4,7,11529.74,0,-58.77
2110,56,GSL,5,7,10296.05,0,-48.79
2120,0,ISL,0,1,11987.52,1,
2120,1,ISL,1,2,11987.52,1,
2120,2,ISL,2,0,11987.52,1,
2120,3,ISL,3,4,11987.52,1,
2120,4,ISL,4,5,11987.52,1,
2120,5,ISL,5,3,11987.52,1,
2120,6,ISL,0,3,12807.51,1,
2120,7,ISL,1,4,7642.6,1,
2120,8,ISL,2,5,10816.9,1,
2120,45,GSL,0,6,561.8,1,77.73
2120,46,GSL,1,6,11475.28,0,-58.28
2120,47,GSL,2,6,11553.0,0,-58.98
2120,48,GSL,3,6,12337.91,0,-67.19
2120,49,GSL,4,6,7760.7,0,-32.35
2120,50,GSL,5,6,7281.29,0,-29.51
2120,51,GSL,0,7,13208.64,0,-83.31
2120,52,GSL,1,7,7176.44,0,-28.9
2120,53,GSL,2,7,6284.92,0,-23.7
2120,54,GSL,3,7,5163.2,0,-17.1
2120,55,GSL,4,7,11551.61,0,-58.97
2120,56,GSL,5,7,10265.05,0,-48.57
2130,0,ISL,0,1,11987.52,1,
2130,1,ISL,1,2,11987.52,1,
2130,2,ISL,2,0,11987.52,1,
2130,3,ISL,3,4,11987.52,1,
2130,4,ISL,4,5,11987.52,1,
2130,5,ISL,5,3,11987.52,1,
2130,6,ISL,0,3,12835.97,1,
2130,7,ISL,1,4,7682.31,1,
2130,8,ISL,2,5,10754.87,1,
2130,45,GSL,0,6,556.85,1,80.62
2130,46,GSL,1,6,11510.39,0,-58.59
2130,47,GSL,2,6,11518.26,0,-58.67
2130,48,GSL,3,6,12340.93,0,-67.23
2130,49,GSL,4,6,7720.28,0,-32.11
2130,50,GSL,5,6,7319.04,0,-29.74
2130,51,GSL,0,7,13211.5,0,-83.42
2130,52,GSL,1,7,7119.41,0,-28.56
2130,53,GSL,2,7,6343.49,0,-24.04
2130,54,GSL,3,7,5176.71,0,-17.18
2130,55,GSL,4,7,11573.25,0,-59.17
2130,56,GSL,5,7,10233.83,0,-48.34
2140,0,ISL,0,1,11987.52,1,
2140,1,ISL,1,2,11987.52,1,
2140,2,ISL,2,0,11987.52,1,
2140,3,ISL,3,4,11987.52,1,
2140,4,ISL,4,5,11987.52,1,
2140,5,ISL,5,3,11987.52,1,
2140,6,ISL,0,3,12863.39,1,
2140,7,ISL,1,4,7723.5,1,
2140,8,ISL,2,5,10692.42,1,
2140,45,GSL,0,6,560.66,1,78.33
2140,46,GSL,1,6,11545.19,0,-58.91
2140,47,GSL,2,6,11483.21,0,-58.35
2140,48,GSL,3,6,12343.66,0,-67.26
2140,49,GSL,4,6,7679.81,0,-31.87
2140,50,GSL,5,6,7356.91,0,-29.96
2140,51,GSL,0,7,13214.01,0,-83.53
2140,52,GSL,1,7,7062.21,0,-28.23
2140,53,GSL,2,7,6401.95,0,-24.38
2140,54,GSL,3,7,5190.86,0,-17.27
2140,55,GSL,4,7,11594.65,0,-59.37
2140,56,GSL,5,7,10202.39,0,-48.11
2150,0,ISL,0,1,11987.52,1,
2150,1,ISL,1,2,11987.52,1,
2150,2,ISL,2,0,11987.52,1,
2150,3,ISL,3,4,11987.52,1,
2150,4,ISL,4,5,11987.52,1,
2150,5,ISL,5,3,11987.52,1,
2150,6,ISL,0,3,12889.78,1,
2150,7,ISL,1,4,7766.13,1,
2150,8,ISL,2,5,10629.58,1,
2150,45,GSL,0,6,573.06,1,72.98
2150,46,GSL,1,6,11579.66,0,-59.23
2150,47,GSL,2,6,11447.83,0,-58.03
2150,48,GSL,3,6,12346.1,0,-67.29
2150,49,GSL,4,6,7639.31,0,-31.63
2150,50,GSL,5,6,7394.89,0,-30.18
2150,51,GSL,0,7,13216.15,0,-83.62
2150,52,GSL,1,7,7004.83,0,-27.89
2150,53,GSL,2,7,6460.29,0,-24.72
2150,54,GSL,3,7,5205.65,0,-17.36
2150,55,GSL,4,7,11615.81,0,-59.57
2150,56,GSL,5,7,10170.73,0,-47.88
2160,0,ISL,0,1,11987.52,1,
2160,1,ISL,1,2,11987.52,1,
2160,2,ISL,2,0,11987.52,1,
2160,3,ISL,3,4,11987.52,1,
2160,4,ISL,4,5,11987.52,1,
2160,5,ISL,5,3,11987.52,1,
2160,6,ISL,0,3,12915.13,1,
2160,7,ISL,1,4,7810.15,1,
2160,8,ISL,2,5,10566.37,1,
2160,45,GSL,0,6,593.5,1,66.94
2160,46,GSL,1,6,11613.81,0,-59.55
2160,47,GSL,2,6,11412.14,0,-57.71
2160,48,GSL,3,6,12348.24,0,-67.31
2160,49,GSL,4,6,7598.78,0,-31.39
2160,50,GSL,5,6,7432.98,0,-30.41
2160,51,GSL,0,7,13217.95,0,-83.69
2160,52,GSL,1,7,6947.27,0,-27.56
2160,53,GSL,2,7,6518.51,0,-25.06
2160,54,GSL,3,7,5221.06,0,-17.45
2160,55,GSL,4,7,11636.74,0,-59.76
2160,56,GSL,5,7,10138.85,0,-47.66
2170,0,ISL,0,1,11987.52,1,
2170,1,ISL,1,2,11987.52,1,
2170,2,ISL,2,0,11987.52,1,
2170,3,ISL,3,4,11987.52,1,
2170,4,ISL,4,5,11987.52,1,
2170,5,ISL,5,3,11987.52,1,
2170,6,ISL,0,3,12939.43,1,
2170,7,ISL,1,4,7855.52,1,
2170,8,ISL,2,5,10502.81,1,
2170,45,GSL,0,6,621.2,1,61.03
2170,46,GSL,1,6,11647.64,0,-59.87
2170,47,GSL,2,6,11376.13,0,-57.39
2170,48,GSL,3,6,12350.08,0,-67.34
2170,49,GSL,4,6,7558.22,0,-31.15
2170,50,GSL,5,6,7471.18,0,-30.63
2170,51,GSL,0,7,13219.38,0,-83.75
2170,52,GSL,1,7,6889.54,0,-27.22
2170,53,GSL,2,7,6576.61,0,-25.4
2170,54,GSL,3,7,5237.1,0,-17.55
2170,55,GSL,4,7,11657.43,0,-59.96
2170,56,GSL,5,7,10106.76,0,-47.43
2180,0,ISL,0,1,11987.52,1,
2180,1,ISL,1,2,11987.52,1,
2180,2,ISL,2,0,11987.52,1,
2180,3,ISL,3,4,11987.52,1,
2180,4,ISL,4,5,11987.52,1,
2180,5,ISL,5,3,11987.52,1,
2180,6,ISL,0,3,12962.69,1,
2180,7,ISL,1,4,7902.2,1,
2180,8,ISL,2,5,10438.92,1,
2180,45,GSL,0,6,655.22,1,55.51
2180,46,GSL,1,6,11681.15,0,-60.18
2180,47,GSL,2,6,11339.8,0,-57.07
2180,48,GSL,3,6,12351.63,0,-67.36
2180,49,GSL,4,6,7517.64,0,-30.91
2180,50,GSL,5,6,7509.46,0,-30.86
2180,51,GSL,0,7,13220.46,0,-83.8
2180,52,GSL,1,7,6831.63,0,-26.88
2180,53,GSL,2,7,6634.59,0,-25.74
2180,54,GSL,3,7,5253.76,0,-17.64
2180,55,GSL,4,7,11677.89,0,-60.15
2180,56,GSL,5,7,10074.45,0,-47.2
2190,0,ISL,0,1,11987.52,1,
2190,1,ISL,1,2,11987.52,1,
2190,2,ISL,2,0,11987.52,1,
2190,3,ISL,3,4,11987.52,1,
2190,4,ISL,4,5,11987.52,1,
2190,5,ISL,5,3,11987.52,1,
2190,6,ISL,0,3,12984.88,1,
2190,7,ISL,1,4,7950.14,1,
2190,8,ISL,2,5,10374.75,1,
2190,45,GSL,0,6,694.65,1,50.48
2190,46,GSL,1,6,11714.33,0,-60.5
2190,47,GSL,2,6,11303.16,0,-56.75
2190,48,GSL,3,6,12352.87,0,-67.37
2190,49,GSL,4,6,7477.05,0,-30.67
2190,50,GSL,5,6,7547.84,0,-31.09
2190,51,GSL,0,7,13221.19,0,-83.83
2190,52,GSL,1,7,6773.56,0,-26.54
2190,53,GSL,2,7,6692.44,0,-26.07
2190,54,GSL,3,7,5271.03,0,-17.75
2190,55,GSL,4,7,11698.1,0,-60.35
2190,56,GSL,5,7,10041.94,0,-46.97
2200,0,ISL,0,1,11987.52,1,
2200,1,ISL,1,2,11987.52,1,
2200,2,ISL,2,0,11987.52,1,
2200,3,ISL,3,4,11987.52,1,
2200,4,ISL,4,5,11987.52,1,
2200,5,ISL,5,3,11987.52,1,
2200,6,ISL,0,3,13006.01,1,
2200,7,ISL,1,4,7999.29,1,
2200,8,ISL,2,5,10310.3,1,
2200,45,GSL,0,6,738.6,1,45.96
2200,46,GSL,1,6,11747.19,0,-60.82
2200,47,GSL,2,6,11266.21,0,-56.43
2200,48,GSL,3,6,12353.82,0,-67.38
2200,49,GSL,4,6,7436.44,0,-30.43
2200,50,GSL,5,6,7586.31,0,-31.32
2200,51,GSL,0,7,13221.55,0,-83.85
2200,52,GSL,1,7,6715.32,0,-26.21
2200,53,GSL,2,7,6750.16,0,-26.41
2200,54,GSL,3,7,5288.9,0,-17.85
2200,55,GSL,4,7,11718.06,0,-60.54
2200,56,GSL,5,7,10009.21,0,-46.74
2210,0,ISL,0,1,11987.52,1,
2210,1,ISL,1,2,11987.52,1,
2210,2,ISL,2,0,11987.52,1,
2210,3,ISL,3,4,11987.52,1,
2210,4,ISL,4,5,11987.52,1,
2210,5,ISL,5,3,11987.52,1,
2210,6,ISL,0,3,13026.07,1,
2210,7,ISL,1,4,8049.61,1,
2210,8,ISL,2,5,10245.61,1,
2210,45,GSL,0,6,786.31,1,41.91
2210,46,GSL,1,6,11779.73,0,-61.14
2210,47,GSL,2,6,11228.95,0,-56.12
2210,48,GSL,3,6,12354.48,0,-67.39
2210,49,GSL,4,6,7395.82,0,-30.19
2210,50,GSL,5,6,7624.85,0,-31.54
2210,51,GSL,0,7,13221.56,0,-83.85
2210,52,GSL,1,7,6656.91,0,-25.86
2210,53,GSL,2,7,6807.75,0,-26.74
2210,54,GSL,3,7,5307.37,0,-17.96
2210,55,GSL,4,7,11737.79,0,-60.73
2210,56,GSL,5,7,9976.27,0,-46.5
2220,0,ISL,0,1,11987.52,1,
2220,1,ISL,1,2,11987.52,1,
2220,2,ISL,2,0,11987.52,1,
2220,3,ISL,3,4,11987.52,1,
2220,4,ISL,4,5,11987.52,1,
2220,5,ISL,5,3,11987.52,1,
2220,6,ISL,0,3,13045.06,1,
2220,7,ISL,1,4,8101.05,1,
2220,8,ISL,2,5,10180.69,1,
2220,45,GSL,0,6,837.15,1,38.29
2220,46,GSL,1,6,11811.94,0,-61.45
2220,47,GSL,2,6,11191.38,0,-55.8
2220,48,GSL,3,6,12354.83,0,-67.39
2220,49,GSL,4,6,7355.2,0,-29.95
2220,50,GSL,5,6,7663.47,0,-31.77
2220,51,GSL,0,7,13221.22,0,-83.83
2220,52,GSL,1,7,6598.34,0,-25.52
2220,53,GSL,2,7,6865.2,0,-27.08
2220,54,GSL,3,7,5326.42,0,-18.08
2220,55,GSL,4,7,11757.27,0,-60.92
2220,56,GSL,5,7,9943.12,0,-46.27
2230,0,ISL,0,1,11987.52,1,
2230,1,ISL,1,2,11987.52,1,
2230,2,ISL,2,0,11987.52,1,
2230,3,ISL,3,4,11987.52,1,
2230,4,ISL,4,5,11987.52,1,
2230,5,ISL,5,3,11987.52,1,
2230,6,ISL,0,3,13062.97,1,
2230,7,ISL,1,4,8153.57,1,
2230,8,ISL,2,5,10115.59,1,
2230,45,GSL,0,6,890.56,1,35.05
2230,46,GSL,1,6,11843.82,0,-61.77
2230,47,GSL,2,6,11153.49,0,-55.48
2230,48,GSL,3,6,12354.88,0,-67.4
2230,49,GSL,4,6,7314.59,0,-29.71
2230,50,GSL,5,6,7702.16,0,-32.0
2230,51,GSL,0,7,13220.51,0,-83.8
2230,52,GSL,1,7,6539.61,0,-25.18
2230,53,GSL,2,7,6922.51,0,-27.41
2230,54,GSL,3,7,5346.06,0,-18.19
2230,55,GSL,4,7,11776.5,0,-61.11
2230,56,GSL,5,7,9909.76,0,-46.04
2240,0,ISL,0,1,11987.52,1,
2240,1,ISL,1,2,11987.52,1,
2240,2,ISL,2,0,11987.52,1,
2240,3,ISL,3,4,11987.52,1,
2240,4,ISL,4,5,11987.52,1,
2240,5,ISL,5,3,11987.52,1,
2240,6,ISL,0,3,13079.8,1,
2240,7,ISL,1,4,8207.13,1,
2240,8,ISL,2,5,10050.33,1,
2240,45,GSL,0,6,946.11,1,32.15
2240,46,GSL,1,6,11875.38,0,-62.09
2240,47,GSL,2,6,11115.3,0,-55.16
2240,48,GSL,3,6,12354.64,0,-67.39
2240,49,GSL,4,6,7273.98,0,-29.47
2240,50,GSL,5,6,7740.91,0,-32.24
2240,51,GSL,0,7,13219.45,0,-83.76
2240,52,GSL,1,7,6480.73,0,-24.84
2240,53,GSL,2,7,6979.68,0,-27.75
2240,54,GSL,3,7,5366.27,0,-18.31
2240,55,GSL,4,7,11795.48,0,-61.29
2240,56,GSL,5,7,9876.2,0,-45.81
2250,0,ISL,0,1,11987.52,1,
2250,1,ISL,1,2,11987.52,1,
2250,2,ISL,2,0,11987.52,1,
2250,3,ISL,3,4,11987.52,1,
2250,4,ISL,4,5,11987.52,1,
2250,5,ISL,5,3,11987.52,1,
2250,6,ISL,0,3,13095.54,1,
2250,7,ISL,1,4,8261.66,1,
2250,8,ISL,2,5,9984.93,1,
2250,45,GSL,0,6,1003.44,1,29.54
2250,46,GSL,1,6,11906.61,0,-62.41
2250,47,GSL,2,6,11076.8,0,-54.84
2250,48,GSL,3,6,12354.1,0,-67.39
2250,49,GSL,4,6,7233.38,0,-29.23
2250,50,GSL,5,6,7779.72,0,-32.47
2250,51,GSL,0,7,13218.04,0,-83.7
2250,52,GSL,1,7,6421.68,0,-24.5
2250,53,GSL,2,7,7036.7,0,-28.08
2250,54,GSL,3,7,5387.04,0,-18.44
2250,55,GSL,4,7,11814.22,0,-61.48
2250,56,GSL,5,7,9842.44,0,-45.57
2260,0,ISL,0,1,11987.52,1,
2260,1,ISL,1,2,11987.52,1,
2260,2,ISL,2,0,11987.52,1,
2260,3,ISL,3,4,11987.52,1,
2260,4,ISL,4,5,11987.52,1,
2260,5,ISL,5,3,11987.52,1,
2260,6,ISL,0,3,13110.2,1,
2260,7,ISL,1,4,8317.14,1,
2260,8,ISL,2,5,9919.43,1,
2260,45,GSL,0,6,1062.25,1,27.18
2260,46,GSL,1,6,11937.5,0,-62.72
2260,47,GSL,2,6,11037.99,0,-54.52
2260,48,GSL,3,6,12353.26,0,-67.38
2260,49,GSL,4,6,7192.81,0,-28.99
2260,50,GSL,5,6,7818.59,0,-32.7
2260,51,GSL,0,7,13216.26,0,-83.62
2260,52,GSL,1,7,6362.48,0,-24.15
2260,53,GSL,2,7,7093.58,0,-28.41
2260,54,GSL,3,7,5408.37,0,-18.56
2260,55,GSL,4,7,11832.71,0,-61.66
2260,56,GSL,5,7,9808.47,0,-45.34
2270,0,ISL,0,1,11987.52,1,
2270,1,ISL,1,2,11987.52,1,
2270,2,ISL,2,0,11987.52,1,
2270,3,ISL,3,4,11987.52,1,
2270,4,ISL,4,5,11987.52,1,
2270,5,ISL,5,3,11987.52,1,
2270,6,ISL,0,3,13123.76,1,
2270,7,ISL,1,4,8373.51,1,
2270,8,ISL,2,5,9853.85,1,
2270,45,GSL,0,6,1122.3,1,25.03
2270,46,GSL,1,6,11968.07,0,-63.04
2270,47,GSL,2,6,10998.88,0,-54.2
2270,48,GSL,3,6,12352.11,0,-67.36
2270,49,GSL,4,6,7152.25,0,-28.76
2270,50,GSL,5,6,7857.5,0,-32.93
2270,51,GSL,0,7,13214.13,0,-83.53
2270,52,GSL,1,7,6303.13,0,-23.81
2270,53,GSL,2,7,7150.31,0,-28.75
2270,54,GSL,3,7,5430.25,0,-18.69
2270,55,GSL,4,7,11850.95,0,-61.84
2270,56,GSL,5,7,9774.31,0,-45.1
2280,0,ISL,0,1,11987.52,1,
2280,1,ISL,1,2,11987.52,1,
2280,2,ISL,2,0,11987.52,1,
2280,3,ISL,3,4,11987.52,1,
2280,4,ISL,4,5,11987.52,1,
2280,5,ISL,5,3,11987.52,1,
2280,6,ISL,0,3,13136.23,1,
2280,7,ISL,1,4,8430.74,1,
2280,8,ISL,2,5,9788.22,1,
2280,45,GSL,0,6,1183.41,1,23.08
2280,46,GSL,1,6,11998.3,0,-63.36
2280,47,GSL,2,6,10959.47,0,-53.88
2280,48,GSL,3,6,12350.67,0,-67.34
2280,49,GSL,4,6,7111.72,0,-28.52
2280,50,GSL,5,6,7896.45,0,-33.17
2280,51,GSL,0,7,13211.64,0,-83.43
2280,52,GSL,1,7,6243.63,0,-23.46
2280,53,GSL,2,7,7206.89,0,-29.08
2280,54,GSL,3,7,5452.67,0,-18.83
2280,55,GSL,4,7,11868.93,0,-62.02
2280,56,GSL,5,7,9739.95,0,-44.87
2290,0,ISL,0,1,11987.52,1,
2290,1,ISL,1,2,11987.52,1,
2290,2,ISL,2,0,11987.52,1,
2290,3,ISL,3,4,11987.52,1,
2290,4,ISL,4,5,11987.52,1,
2290,5,ISL,5,3,11987.52,1,
2290,6,ISL,0,3,13147.6,1,
2290,7,ISL,1,4,8488.76,1,
2290,8,ISL,2,5,9722.58,1,
2290,45,GSL,0,6,1245.4,1,21.28
2290,46,GSL,1,6,12028.21,0,-63.67
2290,47,GSL,2,6,10919.75,0,-53.56
2290,48,GSL,3,6,12348.93,0,-67.32
2290,49,GSL,4,6,7071.23,0,-28.28
2290,50,GSL,5,6,7935.45,0,-33.4
2290,51,GSL,0,7,13208.8,0,-83.31
2290,52,GSL,1,7,6183.98,0,-23.11
2290,53,GSL,2,7,7263.31,0,-29.41
2290,54,GSL,3,7,5475.62,0,-18.96
2290,55,GSL,4,7,11886.66,0,-62.2
2290,56,GSL,5,7,9705.39,0,-44.63
2300,0,ISL,0,1,11987.52,1,
2300,1,ISL,1,2,11987.52,1,
2300,2,ISL,2,0,11987.52,1,
2300,3,ISL,3,4,11987.52,1,
2300,4,ISL,4,5,11987.52,1,
2300,5,ISL,5,3,11987.52,1,
2300,6,ISL,0,3,13157.87,1,
2300,7,ISL,1,4,8547.56,1,
2300,8,ISL,2,5,9656.96,1,
2300,45,GSL,0,6,1308.15,1,19.63
2300,46,GSL,1,6,12057.78,0,-63.99
2300,47,GSL,2,6,10879.72,0,-53.24
2300,48,GSL,3,6,12346.88,0,-67.3
2300,49,GSL,4,6,7030.78,0,-28.05
2300,50,GSL,5,6,7974.47,0,-33.63
2300,51,GSL,0,7,13205.6,0,-83.19
2300,52,GSL,1,7,6124.19,0,-22.76
2300,53,GSL,2,7,7319.57,0,-29.74
2300,54,GSL,3,7,5499.09,0,-19.1
2300,55,GSL,4,7,11904.14,0,-62.38
2300,56,GSL,5,7,9670.63,0,-44.4
2310,0,ISL,0,1,11987.52,1,
2310,1,ISL,1,2,11987.52,1,
2310,2,ISL,2,0,11987.52,1,
2310,3,ISL,3,4,11987.52,1,
2310,4,ISL,4,5,11987.52,1,
2310,5,ISL,5,3,11987.52,1,
2310,6,ISL,0,3,13167.03,1,
2310,7,ISL,1,4,8607.07,1,
2310,8,ISL,2,5,9591.39,1,
2310,45,GSL,0,6,1371.54,1,18.1
2310,46,GSL,1,6,12087.01,0,-64.31
2310,47,GSL,2,6,10839.4,0,-52.92
2310,48,GSL,3,6,12344.54,0,-67.27
2310,49,GSL,4,6,6990.37,0,-27.81
2310,50,GSL,5,6,8013.53,0,-33.87
2310,51,GSL,0,7,13202.04,0,-83.05
2310,52,GSL,1,7,6064.26,0,-22.42
2310,53,GSL,2,7,7375.68,0,-30.07
2310,54,GSL,3,7,5523.08,0,-19.24
2310,55,GSL,4,7,11921.36,0,-62.56
2310,56,GSL,5,7,9635.68,0,-44.16
2320,0,ISL,0,1,11987.52,1,
2320,1,ISL,1,2,11987.52,1,
2320,2,ISL,2,0,11987.52,1,
2320,3,ISL,3,4,11987.52,1,
2320,4,ISL,4,5,11987.52,1,
2320,5,ISL,5,3,11987.52,1,
2320,6,ISL,0,3,13175.09,1,
2320,7,ISL,1,4,8667.25,1,
2320,8,ISL,2,5,9525.9,1,
2320,45,GSL,0,6,1435.49,1,16.68
2320,46,GSL,1,6,12115.91,0,-64.62
2320,47,GSL,2,6,10798.78,0,-52.6
2320,48,GSL,3,6,12341.89,0,-67.24
2320,49,GSL,4,6,6950.02,0,-27.57
2320,50,GSL,5,6,8052.61,0,-34.11
2320,51,GSL,0,7,13198.12,0,-82.9
2320,52,GSL,1,7,6004.18,0,-22.06
2320,53,GSL,2,7,7431.62,0,-30.4
2320,54,GSL,3,7,5547.57,0,-19.39
2320,55,GSL,4,7,11938.33,0,-62.73
2320,56,GSL,5,7,9600.54,0,-43.92
2330,0,ISL,0,1,11987.52,1,
2330,1,ISL,1,2,11987.52,1,
2330,2,ISL,2,0,11987.52,1,
2330,3,ISL,3,4,11987.52,1,
2330,4,ISL,4,5,11987.52,1,
2330,5,ISL,5,3,11987.52,1,
2330,6,ISL,0,3,13182.05,1,
2330,7,ISL,1,4,8728.07,1,
2330,8,ISL,2,5,9460.53,1,
2330,45,GSL,0,6,1499.91,1,15.36
2330,46,GSL,1,6,12144.48,0,-64.94
2330,47,GSL,2,6,10757.86,0,-52.27
2330,48,GSL,3,6,12338.95,0,-67.2
2330,49,GSL,4,6,6909.72,0,-27.34
2330,50,GSL,5,6,8091.71,0,-34.34
2330,51,GSL,0,7,13193.85,0,-82.74
2330,52,GSL,1,7,5943.97,0,-21.71
2330,53,GSL,2,7,7487.4,0,-30.73
2330,54,GSL,3,7,5572.57,0,-19.53
2330,55,GSL,4,7,11955.03,0,-62.9
2330,56,GSL,5,7,9565.21,0,-43.69
2340,0,ISL,0,1,11987.52,1,
2340,1,ISL,1,2,11987.52,1,
2340,2,ISL,2,0,11987.52,1,
2340,3,ISL,3,4,11987.52,1,
2340,4,ISL,4,5,11987.52,1,
2340,5,ISL,5,3,11987.52,1,
2340,6,ISL,0,3,13187.89,1,
2340,7,ISL,1,4,8789.48,1,
2340,8,ISL,2,5,9395.31,1,
2340,45,GSL,0,6,1564.74,1,14.11
2340,46,GSL,1,6,12172.71,0,-65.26
2340,47,GSL,2,6,10716.64,0,-51.95
2340,48,GSL,3,6,12335.7,0,-67.16
2340,49,GSL,4,6,6869.48,0,-27.1
2340,50,GSL,5,6,8130.83,0,-34.58
2340,51,GSL,0,7,13189.22,0,-82.57
2340,52,GSL,1,7,5883.63,0,-21.36
2340,53,GSL,2,7,7543.02,0,-31.06
2340,54,GSL,3,7,5598.04,0,-19.68
2340,55,GSL,4,7,11971.48,0,-63.08
2340,56,GSL,5,7,9529.7,0,-43.45
2350,0,ISL,0,1,11987.52,1,
2350,1,ISL,1,2,11987.52,1,
2350,2,ISL,2,0,11987.52,1,
2350,3,ISL,3,4,11987.52,1,
2350,4,ISL,4,5,11987.52,1,
2350,5,ISL,5,3,11987.52,1,
2350,6,ISL,0,3,13192.62,1,
2350,7,ISL,1,4,8851.43,1,
2350,8,ISL,2,5,9330.27,1,
2350,45,GSL,0,6,1629.93,1,12.95
2350,46,GSL,1,6,12200.6,0,-65.57
2350,47,GSL,2,6,10675.13,0,-51.63
2350,48,GSL,3,6,12332.15,0,-67.12
2350,49,GSL,4,6,6829.32,0,-26.87
2350,50,GSL,5,6,8169.95,0,-34.82
2350,51,GSL,0,7,13184.23,0,-82.39
2350,52,GSL,1,7,5823.15,0,-21.01
2350,53,GSL,2,7,7598.46,0,-31.39
2350,54,GSL,3,7,5624.0,0,-19.84
2350,55,GSL,4,7,11987.67,0,-63.24
2350,56,GSL,5,7,9493.99,0,-43.21
2360,0,ISL,0,1,11987.52,1,
2360,1,ISL,1,2,11987.52,1,
2360,2,ISL,2,0,11987.52,1,
2360,3,ISL,3,4,11987.52,1,
2360,4,ISL,4,5,11987.52,1,
2360,5,ISL,5,3,11987.52,1,
2360,6,ISL,0,3,13196.24,1,
2360,7,ISL,1,4,8913.9,1,
2360,8,ISL,2,5,9265.46,1,
2360,45,GSL,0,6,1695.43,1,11.85
2360,46,GSL,1,6,12228.15,0,-65.89
2360,47,GSL,2,6,10633.32,0,-51.31
2360,48,GSL,3,6,12328.3,0,-67.07
2360,49,GSL,4,6,6789.23,0,-26.64
2360,50,GSL,5,6,8209.09,0,-35.06
2360,51,GSL,0,7,13178.89,0,-82.2
2360,52,GSL,1,7,5762.54,0,-20.65
2360,53,GSL,2,7,7653.73,0,-31.72
2360,54,GSL,3,7,5650.43,0,-19.99
2360,55,GSL,4,7,12003.6,0,-63.41
2360,56,GSL,5,7,9458.11,0,-42.97
2370,0,ISL,0,1,11987.52,1,
2370,1,ISL,1,2,11987.52,1,
2370,2,ISL,2,0,11987.52,1,
2370,3,ISL,3,4,11987.52,1,
2370,4,ISL,4,5,11987.52,1,
2370,5,ISL,5,3,11987.52,1,
2370,6,ISL,0,3,13198.75,1,
2370,7,ISL,1,4,8976.83,1,
2370,8,ISL,2,5,9200.9,1,
2370,45,GSL,0,6,1761.19,1,10.81
2370,46,GSL,1,6,12255.37,0,-66.2
2370,47,GSL,2,6,10591.21,0,-50.99
2370,48,GSL,3,6,12324.15,0,-67.02
2370,49,GSL,4,6,6749.22,0,-26.4
2370,50,GSL,5,6,8248.22,0,-35.29
2370,51,GSL,0,7,13173.19,0,-82.01
2370,52,GSL,1,7,5701.81,0,-20.3
2370,53,GSL,2,7,7708.83,0,-32.04
2370,54,GSL,3,7,5677.33,0,-20.15
2370,55,GSL,4,7,12019.27,0,-63.58
2370,56,GSL,5,7,9422.04,0,-42.73
2380,0,ISL,0,1,11987.52,1,
2380,1,ISL,1,2,11987.52,1,
2380,2,ISL,2,0,11987.52,1,
2380,3,ISL,3,4,11987.52,1,
2380,4,ISL,4,5,11987.52,1,
2380,5,ISL,5,3,11987.52,1,
2380,6,ISL,0,3,13200.15,1,
2380,7,ISL,1,4,9040.19,1,
2380,8,ISL,2,5,9136.63,1,
2380,45,GSL,0,6,1827.18,0,9.82
2380,46,GSL,1,6,12282.24,0,-66.52
2380,47,GSL,2,6,10548.82,0,-50.67
2380,48,GSL,3,6,12319.69,0,-66.97
2380,49,GSL,4,6,6709.3,0,-26.17
2380,50,GSL,5,6,8287.35,0,-35.53
2380,51,GSL,0,7,13167.13,0,-81.81
2380,52,GSL,1,7,5640.96,0,-19.94
2380,53,GSL,2,7,7763.76,0,-32.37
2380,54,GSL,3,7,5704.67,0,-20.31
2380,55,GSL,4,7,12034.67,0,-63.74
2380,56,GSL,5,7,9385.79,0,-42.49
2390,0,ISL,0,1,11987.52,1,
2390,1,ISL,1,2,11987.52,1,
2390,2,ISL,2,0,11987.52,1,
2390,3,ISL,3,4,11987.52,1,
2390,4,ISL,4,5,11987.52,1,
2390,5,ISL,5,3,11987.52,1,
2390,6,ISL,0,3,13200.44,1,
2390,7,ISL,1,4,9103.94,1,
2390,8,ISL,2,5,9072.7,1,
2390,45,GSL,0,6,1893.38,0,8.88
2390,46,GSL,1,6,12308.78,0,-66.84
2390,47,GSL,2,6,10506.13,0,-50.35
2390,48,GSL,3,6,12314.94,0,-66.91
2390,49,GSL,4,6,6669.47,0,-25.94
2390,50,GSL,5,6,8326.47,0,-35.77
2390,51,GSL,0,7,13160.72,0,-81.6
2390,52,GSL,1,7,5579.98,0,-19.58
2390,53,GSL,2,7,7818.51,0,-32.7
2390,54,GSL,3,7,5732.46,0,-20.48
2390,55,GSL,4,7,12049.81,0,-63.9
2390,56,GSL,5,7,9349.36,0,-42.25
2400,0,ISL,0,1,11987.52,1,
2400,1,ISL,1,2,11987.52,1,
2400,2,ISL,2,0,11987.52,1,
2400,3,ISL,3,4,11987.52,1,
2400,4,ISL,4,5,11987.52,1,
2400,5,ISL,5,3,11987.52,1,
2400,6,ISL,0,3,13199.61,1,
2400,7,ISL,1,4,9168.05,1,
2400,8,ISL,2,5,9009.13,1,
2400,45,GSL,0,6,1959.74,0,7.99
2400,46,GSL,1,6,12334.97,0,-67.15
2400,47,GSL,2,6,10463.15,0,-50.02
2400,48,GSL,3,6,12309.88,0,-66.85
2400,49,GSL,4,6,6629.75,0,-25.71
2400,50,GSL,5,6,8365.59,0,-36.01
2400,51,GSL,0,7,13153.94,0,-81.38
2400,52,GSL,1,7,5518.89,0,-19.22
2400,53,GSL,2,7,7873.07,0,-33.03
2400,54,GSL,3,7,5760.68,0,-20.64
2400,55,GSL,4,7,12064.69,0,-64.06
2400,56,GSL,5,7,9312.75,0,-42.01
2410,0,ISL,0,1,11987.52,1,
2410,1,ISL,1,2,11987.52,1,
2410,2,ISL,2,0,11987.52,1,
2410,3,ISL,3,4,11987.52,1,
2410,4,ISL,4,5,11987.52,1,
2410,5,ISL,5,3,11987.52,1,
2410,6,ISL,0,3,13197.67,1,
2410,7,ISL,1,4,9232.46,1,
2410,8,ISL,2,5,8945.98,1,
2410,45,GSL,0,6,2026.25,0,7.13
2410,46,GSL,1,6,12360.82,0,-67.47
2410,47,GSL,2,6,10419.88,0,-49.7
2410,48,GSL,3,6,12304.52,0,-66.79
2410,49,GSL,4,6,6590.13,0,-25.48
2410,50,GSL,5,6,8404.68,0,-36.25
2410,51,GSL,0,7,13146.82,0,-81.16
2410,52,GSL,1,7,5457.68,0,-18.86
2410,53,GSL,2,7,7927.46,0,-33.35
2410,54,GSL,3,7,5789.34,0,-20.81
2410,55,GSL,4,7,12079.3,0,-64.22
2410,56,GSL,5,7,9275.98,0,-41.77
2420,0,ISL,0,1,11987.52,1,
2420,1,ISL,1,2,11987.52,1,
2420,2,ISL,2,0,11987.52,1,
2420,3,ISL,3,4,11987.52,1,
2420,4,ISL,4,5,11987.52,1,
2420,5,ISL,5,3,11987.52,1,
2420,6,ISL,0,3,13194.61,1,
2420,7,ISL,1,4,9297.15,1,
2420,8,ISL,2,5,8883.27,1,
2420,45,GSL,0,6,2092.9,0,6.31
2420,46,GSL,1,6,12386.33,0,-67.78
2420,47,GSL,2,6,10376.33,0,-49.38
2420,48,GSL,3,6,12298.85,0,-66.72
2420,49,GSL,4,6,6550.63,0,-25.25
2420,50,GSL,5,6,8443.76,0,-36.49
2420,51,GSL,0,7,13139.33,0,-80.94
2420,52,GSL,1,7,5396.36,0,-18.49
2420,53,GSL,2,7,7981.66,0,-33.68
2420,54,GSL,3,7,5818.4,0,-20.98
2420,55,GSL,4,7,12093.64,0,-64.38
2420,56,GSL,5,7,9239.03,0,-41.53
2430,0,ISL,0,1,11987.52,1,
2430,1,ISL,1,2,11987.52,1,
2430,2,ISL,2,0,11987.52,1,
2430,3,ISL,3,4,11987.52,1,
2430,4,ISL,4,5,11987.52,1,
2430,5,ISL,5,3,11987.52,1,
2430,6,ISL,0,3,13190.45,1,
2430,7,ISL,1,4,9362.08,1,
2430,8,ISL,2,5,8821.05,1,
2430,45,GSL,0,6,2159.65,0,5.52
2430,46,GSL,1,6,12411.5,0,-68.1
2430,47,GSL,2,6,10332.49,0,-49.06
2430,48,GSL,3,6,12292.89,0,-66.65
2430,49,GSL,4,6,6511.26,0,-25.02
2430,50,GSL,5,6,8482.81,0,-36.73
2430,51,GSL,0,7,13131.49,0,-80.71
2430,52,GSL,1,7,5334.93,0,-18.13
2430,53,GSL,2,7,8035.67,0,-34.0
2430,54,GSL,3,7,5847.88,0,-21.15
2430,55,GSL,4,7,12107.72,0,-64.53
2430,56,GSL,5,7,9201.91,0,-41.29
2440,0,ISL,0,1,11987.52,1,
2440,1,ISL,1,2,11987.52,1,
2440,2,ISL,2,0,11987.52,1,
2440,3,ISL,3,4,11987.52,1,
2440,4,ISL,4,5,11987.52,1,
2440,5,ISL,5,3,11987.52,1,
2440,6,ISL,0,3,13185.17,1,
2440,7,ISL,1,4,9427.21,1,
2440,8,ISL,2,5,8759.35,1,
2440,45,GSL,0,6,2226.49,0,4.76
2440,46,GSL,1,6,12436.32,0,-68.42
2440,47,GSL,2,6,10288.36,0,-48.74
2440,48,GSL,3,6,12286.62,0,-66.57
2440,49,GSL,4,6,6472.01,0,-24.79
2440,50,GSL,5,6,8521.84,0,-36.98
2440,51,GSL,0,7,13123.3,0,-80.47
2440,52,GSL,1,7,5273.4,0,-17.76
2440,53,GSL,2,7,8089.5,0,-34.33
2440,54,GSL,3,7,5877.76,0,-21.33
2440,55,GSL,4,7,12121.53,0,-64.69
2440,56,GSL,5,7,9164.62,0,-41.04
2450,0,ISL,0,1,11987.52,1,
2450,1,ISL,1,2,11987.52,1,
2450,2,ISL,2,0,11987.52,1,
2450,3,ISL,3,4,11987.52,1,
2450,4,ISL,4,5,11987.52,1,
2450,5,ISL,5,3,11987.52,1,
2450,6,ISL,0,3,13178.78,1,
2450,7,ISL,1,4,9492.51,1,
2450,8,ISL,2,5,8698.23,1,
2450,45,GSL,0,6,2293.4,0,4.02
2450,46,GSL,1,6,12460.8,0,-68.73
2450,47,GSL,2,6,10243.95,0,-48.41
2450,48,GSL,3,6,12280.05,0,-66.49
2450,49,GSL,4,6,6432.9,0,-24.56
2450,50,GSL,5,6,8560.83,0,-37.22
2450,51,GSL,0,7,13114.75,0,-80.23
2450,52,GSL,1,7,5211.76,0,-17.39
2450,53,GSL,2,7,8143.13,0,-34.65
2450,54,GSL,3,7,5908.02,0,-21.5
2450,55,GSL,4,7,12135.06,0,-64.84
2450,56,GSL,5,7,9127.16,0,-40.8
2460,0,ISL,0,1,11987.52,1,
2460,1,ISL,1,2,11987.52,1,
2460,2,ISL,2,0,11987.52,1,
2460,3,ISL,3,4,11987.52,1,
2460,4,ISL,4,5,11987.52,1,
2460,5,ISL,5,3,11987.52,1,
2460,6,ISL,0,3,13171.29,1,
2460,7,ISL,1,4,9557.94,1,
2460,8,ISL,2,5,8637.71,1,
2460,45,GSL,0,6,2360.39,0,3.32
2460,46,GSL,1,6,12484.93,0,-69.05
2460,47,GSL,2,6,10199.26,0,-48.09
2460,48,GSL,3,6,12273.17,0,-66.41
2460,49,GSL,4,6,6393.94,0,-24.33
2460,50,GSL,5,6,8599.79,0,-37.46
2460,51,GSL,0,7,13105.84,0,-79.99
2460,52,GSL,1,7,5150.03,0,-17.02
2460,53,GSL,2,7,8196.57,0,-34.98
2460,54,GSL,3,7,5938.67,0,-21.68
2460,55,GSL,4,7,12148.33,0,-64.98
2460,56,GSL,5,7,9089.55,0,-40.56
2470,0,ISL,0,1,11987.52,1,
2470,1,ISL,1,2,11987.52,1,
2470,2,ISL,2,0,11987.52,1,
2470,3,ISL,3,4,11987.52,1,
2470,4,ISL,4,5,11987.52,1,
2470,5,ISL,5,3,11987.52,1,
2470,6,ISL,0,3,13162.69,1,
2470,7,ISL,1,4,9623.47,1,
2470,8,ISL,2,5,8577.85,1,
2470,45,GSL,0,6,2427.42,0,2.63
2470,46,GSL,1,6,12508.71,0,-69.36
2470,47,GSL,2,6,10154.28,0,-47.77
2470,48,GSL,3,6,12266.0,0,-66.33
2470,49,GSL,4,6,6355.12,0,-24.11
2470,50,GSL,5,6,8638.71,0,-37.7
2470,51,GSL,0,7,13096.58,0,-79.74
2470,52,GSL,1,7,5088.2,0,-16.65
2470,53,GSL,2,7,8249.82,0,-35.3
2470,54,GSL,3,7,5969.7,0,-21.86
2470,55,GSL,4,7,12161.33,0,-65.13
2470,56,GSL,5,7,9051.77,0,-40.32
2480,0,ISL,0,1,11987.52,1,
2480,1,ISL,1,2,11987.52,1,
2480,2,ISL,2,0,11987.52,1,
2480,3,ISL,3,4,11987.52,1,
2480,4,ISL,4,5,11987.52,1,
2480,5,ISL,5,3,11987.52,1,
2480,6,ISL,0,3,13152.98,1,
2480,7,ISL,1,4,9689.07,1,
2480,8,ISL,2,5,8518.69,1,
2480,45,GSL,0,6,2494.49,0,1.96
2480,46,GSL,1,6,12532.15,0,-69.68
2480,47,GSL,2,6,10109.03,0,-47.44
2480,48,GSL,3,6,12258.52,0,-66.24
2480,49,GSL,4,6,6316.47,0,-23.88
2480,50,GSL,5,6,8677.58,0,-37.94
2480,51,GSL,0,7,13086.96,0,-79.49
2480,52,GSL,1,7,5026.28,0,-16.28
2480,53,GSL,2,7,8302.87,0,-35.63
2480,54,GSL,3,7,6001.08,0,-22.05
2480,55,GSL,4,7,12174.05,0,-65.27
2480,56,GSL,5,7,9013.83,0,-40.07
2490,0,ISL,0,1,11987.52,1,
2490,1,ISL,1,2,11987.52,1,
2490,2,ISL,2,0,11987.52,1,
2490,3,ISL,3,4,11987.52,1,
2490,4,ISL,4,5,11987.52,1,
2490,5,ISL,5,3,11987.52,1,
2490,6,ISL,0,3,13142.17,1,
2490,7,ISL,1,4,9754.71,1,
2490,8,ISL,2,5,8460.27,1,
2490,45,GSL,0,6,2561.59,0,1.31
2490,46,GSL,1,6,12555.24,0,-69.99
2490,47,GSL,2,6,10063.49,0,-47.12
2490,48,GSL,3,6,12250.74,0,-66.15
2490,49,GSL,4,6,6277.99,0,-23.66
2490,50,GSL,5,6,8716.41,0,-38.19
2490,51,GSL,0,7,13076.99,0,-79.24
2490,52,GSL,1,7,4964.27,0,-15.9
2490,53,GSL,2,7,8355.72,0,-35.95
2490,54,GSL,3,7,6032.83,0,-22.23
2490,55,GSL,4,7,12186.5,0,-65.41
2490,56,GSL,5,7,8975.74,0,-39.83
2500,0,ISL,0,1,11987.52,1,
2500,1,ISL,1,2,11987.52,1,
2500,2,ISL,2,0,11987.52,1,
2500,3,ISL,3,4,11987.52,1,
2500,4,ISL,4,5,11987.52,1,
2500,5,ISL,5,3,11987.52,1,
2500,6,ISL,0,3,13130.27,1,
2500,7,ISL,1,4,9820.34,1,
2500,8,ISL,2,5,8402.63,1,
2500,45,GSL,0,6,2628.71,0,0.69
2500,46,GSL,1,6,12577.98,0,-70.31
2500,47,GSL,2,6,10017.68,0,-46.8
2500,48,GSL,3,6,12242.66,0,-66.06
2500,49,GSL,4,6,6239.68,0,-23.44
2500,50,GSL,5,6,8755.19,0,-38.43
2500,51,GSL,0,7,13066.66,0,-78.98
2500,52,GSL,1,7,4902.18,0,-15.53
2500,53,GSL,2,7,8408.37,0,-36.27
2500,54,GSL,3,7,6064.92,0,-22.42
2500,55,GSL,4,7,12198.68,0,-65.55
2500,56,GSL,5,7,8937.49,0,-39.59
2510,0,ISL,0,1,11987.52,1,
2510,1,ISL,1,2,11987.52,1,
2510,2,ISL,2,0,11987.52,1,
2510,3,ISL,3,4,11987.52,1,
2510,4,ISL,4,5,11987.52,1,
2510,5,ISL,5,3,11987.52,1,
2510,6,ISL,0,3,13117.26,1,
2510,7,ISL,1,4,9885.95,1,
2510,8,ISL,2,5,8345.81,1,
2510,45,GSL,0,6,2695.84,0,0.07
2510,46,GSL,1,6,12600.38,0,-70.62
2510,47,GSL,2,6,9971.59,0,-46.47
2510,48,GSL,3,6,12234.27,0,-65.96
2510,49,GSL,4,6,6201.56,0,-23.22
2510,50,GSL,5,6,8793.91,0,-38.68
2510,51,GSL,0,7,13055.97,0,-78.72
2510,52,GSL,1,7,4840.01,0,-15.15
2510,53,GSL,2,7,8460.82,0,-36.6
2510,54,GSL,3,7,6097.35,0,-22.61
2510,55,GSL,4,7,12210.58,0,-65.69
2510,56,GSL,5,7,8899.09,0,-39.34
2520,0,ISL,0,1,11987.52,1,
2520,1,ISL,1,2,11987.52,1,
2520,2,ISL,2,0,11987.52,1,
2520,3,ISL,3,4,11987.52,1,
2520,4,ISL,4,5,11987.52,1,
2520,5,ISL,5,3,11987.52,1,
2520,6,ISL,0,3,13103.16,1,
2520,7,ISL,1,4,9951.5,1,
2520,8,ISL,2,5,8289.87,1,
2520,45,GSL,0,6,2762.98,0,-0.53
2520,46,GSL,1,6,12622.42,0,-70.94
2520,47,GSL,2,6,9925.23,0,-46.15
2520,48,GSL,3,6,12225.59,0,-65.86
2520,49,GSL,4,6,6163.63,0,-22.99
2520,50,GSL,5,6,8832.58,0,-38.92
2520,51,GSL,0,7,13044.94,0,-78.46
2520,52,GSL,1,7,4777.76,0,-14.77
2520,53,GSL,2,7,8513.07,0,-36.92
2520,54,GSL,3,7,6130.11,0,-22.8
2520,55,GSL,4,7,12222.21,0,-65.82
2520,56,GSL,5,7,8860.53,0,-39.1
2530,0,ISL,0,1,11987.52,1,
2530,1,ISL,1,2,11987.52,1,
2530,2,ISL,2,0,11987.52,1,
2530,3,ISL,3,4,11987.52,1,
2530,4,ISL,4,5,11987.52,1,
2530,5,ISL,5,3,11987.52,1,
2530,6,ISL,0,3,13087.97,1,
2530,7,ISL,1,4,10016.95,1,
2530,8,ISL,2,5,8234.85,1,
2530,45,GSL,0,6,2830.11,0,-1.11
2530,46,GSL,1,6,12644.11,0,-71.25
2530,47,GSL,2,6,9878.59,0,-45.82
2530,48,GSL,3,6,12216.6,0,-65.76
2530,49,GSL,4,6,6125.9,0,-22.77
2530,50,GSL,5,6,8871.18,0,-39.16
2530,51,GSL,0,7,13033.54,0,-78.2
2530,52,GSL,1,7,4715.44,0,-14.38
2530,53,GSL,2,7,8565.1,0,-37.24
2530,54,GSL,3,7,6163.19,0,-22.99
2530,55,GSL,4,7,12233.56,0,-65.95
2530,56,GSL,5,7,8821.84,0,-38.85
2540,0,ISL,0,1,11987.52,1,
2540,1,ISL,1,2,11987.52,1,
2540,2,ISL,2,0,11987.52,1,
2540,3,ISL,3,4,11987.52,1,
2540,4,ISL,4,5,11987.52,1,
2540,5,ISL,5,3,11987.52,1,
2540,6,ISL,0,3,13071.7,1,
2540,7,ISL,1,4,10082.29,1,
2540,8,ISL,2,5,8180.79,1,
2540,45,GSL,0,6,2897.23,0,-1.68
2540,46,GSL,1,6,12665.46,0,-71.57
2540,47,GSL,2,6,9831.68,0,-45.5
2540,48,GSL,3,6,12207.3,0,-65.65
2540,49,GSL,4,6,6088.38,0,-22.56
2540,50,GSL,5,6,8909.72,0,-39.41
2540,51,GSL,0,7,13021.8,0,-77.93
2540,52,GSL,1,7,4653.05,0,-14.0
2540,53,GSL,2,7,8616.93,0,-37.57
2540,54,GSL,3,7,6196.59,0,-23.19
2540,55,GSL,4,7,12244.63,0,-66.08
2540,56,GSL,5,7,8782.99,0,-38.61
2550,0,ISL,0,1,11987.52,1,
2550,1,ISL,1,2,11987.52,1,
2550,2,ISL,2,0,11987.52,1,
2550,3,ISL,3,4,11987.52,1,
2550,4,ISL,4,5,11987.52,1,
2550,5,ISL,5,3,11987.52,1,
2550,6,ISL,0,3,13054.34,1,
2550,7,ISL,1,4,10147.48,1,
2550,8,ISL,2,5,8127.74,1,
2550,45,GSL,0,6,2964.33,0,-2.24
2550,46,GSL,1,6,12686.45,0,-71.88
2550,47,GSL,2,6,9784.5,0,-45.17
2550,48,GSL,3,6,12197.71,0,-65.54
2550,49,GSL,4,6,6051.07,0,-22.34
2550,50,GSL,5,6,8948.19,0,-39.65
2550,51,GSL,0,7,13009.7,0,-77.66
2550,52,GSL,1,7,4590.6,0,-13.61
2550,53,GSL,2,7,8668.55,0,-37.89
2550,54,GSL,3,7,6230.29,0,-23.38
2550,55,GSL,4,7,12255.42,0,-66.21
2550,56,GSL,5,7,8744.01,0,-38.36
2560,0,ISL,0,1,11987.52,1,
2560,1,ISL,1,2,11987.52,1,
2560,2,ISL,2,0,11987.52,1,
2560,3,ISL,3,4,11987.52,1,
2560,4,ISL,4,5,11987.52,1,
2560,5,ISL,5,3,11987.52,1,
2560,6,ISL,0,3,13035.9,1,
2560,7,ISL,1,4,10212.49,1,
2560,8,ISL,2,5,8075.74,1,
2560,45,GSL,0,6,3031.41,0,-2.79
2560,46,GSL,1,6,12707.09,0,-72.2
2560,47,GSL,2,6,9737.05,0,-44.85
2560,48,GSL,3,6,12187.81,0,-65.43
2560,49,GSL,4,6,6014.0,0,-22.12
2560,50,GSL,5,6,8986.58,0,-39.9
2560,51,GSL,0,7,12997.24,0,-77.39
2560,52,GSL,1,7,4528.09,0,-13.22
2560,53,GSL,2,7,8719.96,0,-38.21
2560,54,GSL,3,7,6264.3,0,-23.58
2560,55,GSL,4,7,12265.94,0,-66.33
2560,56,GSL,5,7,8704.89,0,-38.12
2570,0,ISL,0,1,11987.52,1,
2570,1,ISL,1,2,11987.52,1,
2570,2,ISL,2,0,11987.52,1,
2570,3,ISL,3,4,11987.52,1,
2570,4,ISL,4,5,11987.52,1,
2570,5,ISL,5,3,11987.52,1,
2570,6,ISL,0,3,13016.38,1,
2570,7,ISL,1,4,10277.3,1,
2570,8,ISL,2,5,8024.84,1,
2570,45,GSL,0,6,3098.46,0,-3.32
2570,46,GSL,1,6,12727.37,0,-72.51
2570,47,GSL,2,6,9689.33,0,-44.52
2570,48,GSL,3,6,12177.62,0,-65.31
2570,49,GSL,4,6,5977.16,0,-21.91
2570,50,GSL,5,6,9024.9,0,-40.14
2570,51,GSL,0,7,12984.44,0,-77.12
2570,52,GSL,1,7,4465.52,0,-12.83
2570,53,GSL,2,7,8771.15,0,-38.53
2570,54,GSL,3,7,6298.59,0,-23.78
2570,55,GSL,4,7,12276.17,0,-66.45
2570,56,GSL,5,7,8665.62,0,-37.87
2580,0,ISL,0,1,11987.52,1,
2580,1,ISL,1,2,11987.52,1,
2580,2,ISL,2,0,11987.52,1,
2580,3,ISL,3,4,11987.52,1,
2580,4,ISL,4,5,11987.52,1,
2580,5,ISL,5,3,11987.52,1,
2580,6,ISL,0,3,12995.8,1,
2580,7,ISL,1,4,10341.87,1,
2580,8,ISL,2,5,7975.09,1,
2580,45,GSL,0,6,3165.47,0,-3.85
2580,46,GSL,1,6,12747.31,0,-72.83
2580,47,GSL,2,6,9641.35,0,-44.2
2580,48,GSL,3,6,12167.12,0,-65.19
2580,49,GSL,4,6,5940.57,0,-21.69
2580,50,GSL,5,6,9063.14,0,-40.39
2580,51,GSL,0,7,12971.28,0,-76.85
2580,52,GSL,1,7,4402.91,0,-12.43
2580,53,GSL,2,7,8822.13,0,-38.85
2580,54,GSL,3,7,6333.16,0,-23.98
2580,55,GSL,4,7,12286.13,0,-66.57
2580,56,GSL,5,7,8626.23,0,-37.62
2590,0,ISL,0,1,11987.52,1,
2590,1,ISL,1,2,11987.52,1,
2590,2,ISL,2,0,11987.52,1,
2590,3,ISL,3,4,11987.52,1,
2590,4,ISL,4,5,11987.52,1,
2590,5,ISL,5,3,11987.52,1,
2590,6,ISL,0,3,12974.15,1,
2590,7,ISL,1,4,10406.19,1,
2590,8,ISL,2,5,7926.52,1,
2590,45,GSL,0,6,3232.45,0,-4.37
2590,46,GSL,1,6,12766.89,0,-73.14
2590,47,GSL,2,6,9593.1,0,-43.87
2590,48,GSL,3,6,12156.32,0,-65.07
2590,49,GSL,4,6,5904.23,0,-21.48
2590,50,GSL,5,6,9101.3,0,-40.63
2590,51,GSL,0,7,12957.77,0,-76.57
2590,52,GSL,1,7,4340.25,0,-12.03
2590,53,GSL,2,7,8872.89,0,-39.17
2590,54,GSL,3,7,6368.0,0,-24.18
2590,55,GSL,4,7,12295.8,0,-66.68
2590,56,GSL,5,7,8586.7,0,-37.38
2600,0,ISL,0,1,11987.52,1,
2600,1,ISL,1,2,11987.52,1,
2600,2,ISL,2,0,11987.52,1,
2600,3,ISL,3,4,11987.52,1,
2600,4,ISL,4,5,11987.52,1,
2600,5,ISL,5,3,11987.52,1,
2600,6,ISL,0,3,12951.44,1,
2600,7,ISL,1,4,10470.23,1,
2600,8,ISL,2,5,7879.2,1,
2600,45,GSL,0,6,3299.38,0,-4.88
2600,46,GSL,1,6,12786.11,0,-73.45
2600,47,GSL,2,6,9544.58,0,-43.55
2600,48,GSL,3,6,12145.21,0,-64.95
2600,49,GSL,4,6,5868.16,0,-21.27
2600,50,GSL,5,6,9139.37,0,-40.88
2600,51,GSL,0,7,12943.9,0,-76.29
2600,52,GSL,1,7,4277.55,0,-11.63
2600,53,GSL,2,7,8923.43,0,-39.5
2600,54,GSL,3,7,6403.11,0,-24.39
2600,55,GSL,4,7,12305.2,0,-66.79
2600,56,GSL,5,7,8547.04,0,-37.13
2610,0,ISL,0,1,11987.52,1,
2610,1,ISL,1,2,11987.52,1,
2610,2,ISL,2,0,11987.52,1,
2610,3,ISL,3,4,11987.52,1,
2610,4,ISL,4,5,11987.52,1,
2610,5,ISL,5,3,11987.52,1,
2610,6,ISL,0,3,12927.67,1,
2610,7,ISL,1,4,10533.95,1,
2610,8,ISL,2,5,7833.15,1,
2610,45,GSL,0,6,3366.26,0,-5.38
2610,46,GSL,1,6,12804.98,0,-73.77
2610,47,GSL,2,6,9495.81,0,-43.22
2610,48,GSL,3,6,12133.81,0,-64.82
2610,49,GSL,4,6,5832.36,0,-21.06
2610,50,GSL,5,6,9177.36,0,-41.13
2610,51,GSL,0,7,12929.68,0,-76.01
2610,52,GSL,1,7,4214.82,0,-11.22
2610,53,GSL,2,7,8973.75,0,-39.82
2610,54,GSL,3,7,6438.48,0,-24.59
2610,55,GSL,4,7,12314.31,0,-66.9
2610,56,GSL,5,7,8507.26,0,-36.89
2620,0,ISL,0,1,11987.52,1,
2620,1,ISL,1,2,11987.52,1,
2620,2,ISL,2,0,11987.52,1,
2620,3,ISL,3,4,11987.52,1,
2620,4,ISL,4,5,11987.52,1,
2620,5,ISL,5,3,11987.52,1,
2620,6,ISL,0,3,12902.86,1,
2620,7,ISL,1,4,10597.35,1,
2620,8,ISL,2,5,7788.44,1,
2620,45,GSL,0,6,3433.09,0,-5.87
2620,46,GSL,1,6,12823.5,0,-74.08
2620,47,GSL,2,6,9446.77,0,-42.89
2620,48,GSL,3,6,12122.11,0,-64.69
2620,49,GSL,4,6,5796.84,0,-20.85
2620,50,GSL,5,6,9215.25,0,-41.37
2620,51,GSL,0,7,12915.11,0,-75.73
2620,52,GSL,1,7,4152.07,0,-10.82
2620,53,GSL,2,7,9023.85,0,-40.14
2620,54,GSL,3,7,6474.1,0,-24.8
2620,55,GSL,4,7,12323.13,0,-67.01
2620,56,GSL,5,7,8467.36,0,-36.64
2630,0,ISL,0,1,11987.52,1,
2630,1,ISL,1,2,11987.52,1,
2630,2,ISL,2,0,11987.52,1,
2630,3,ISL,3,4,11987.52,1,
2630,4,ISL,4,5,11987.52,1,
2630,5,ISL,5,3,11987.52,1,
2630,6,ISL,0,3,12877.0,1,
2630,7,ISL,1,4,10660.38,1,
2630,8,ISL,2,5,7745.09,1,
2630,45,GSL,0,6,3499.86,0,-6.36
2630,46,GSL,1,6,12841.66,0,-74.4
2630,47,GSL,2,6,9397.47,0,-42.57
2630,48,GSL,3,6,12110.1,0,-64.56
2630,49,GSL,4,6,5761.62,0,-20.65
2630,50,GSL,5,6,9253.05,0,-41.62
2630,51,GSL,0,7,12900.19,0,-75.45
2630,52,GSL,1,7,4089.29,0,-10.41
2630,53,GSL,2,7,9073.72,0,-40.46
2630,54,GSL,3,7,6509.96,0,-25.01
2630,55,GSL,4,7,12331.68,0,-67.11
2630,56,GSL,5,7,8427.33,0,-36.39
2640,0,ISL,0,1,11987.52,1,
2640,1,ISL,1,2,11987.52,1,
2640,2,ISL,2,0,11987.52,1,
2640,3,ISL,3,4,11987.52,1,
2640,4,ISL,4,5,11987.52,1,
2640,5,ISL,5,3,11987.52,1,
2640,6,ISL,0,3,12850.1,1,
2640,7,ISL,1,4,10723.04,1,
2640,8,ISL,2,5,7703.16,1,
2640,45,GSL,0,6,3566.56,0,-6.84
2640,46,GSL,1,6,12859.46,0,-74.71
2640,47,GSL,2,6,9347.92,0,-42.24
2640,48,GSL,3,6,12097.8,0,-64.42
2640,49,GSL,4,6,5726.7,0,-20.44
2640,50,GSL,5,6,9290.74,0,-41.87
2640,51,GSL,0,7,12884.92,0,-75.17
2640,52,GSL,1,7,4026.49,0,-9.99
2640,53,GSL,2,7,9123.37,0,-40.78
2640,54,GSL,3,7,6546.05,0,-25.22
2640,55,GSL,4,7,12339.93,0,-67.21
2640,56,GSL,5,7,8387.19,0,-36.14
2650,0,ISL,0,1,11987.52,1,
2650,1,ISL,1,2,11987.52,1,
2650,2,ISL,2,0,11987.52,1,
2650,3,ISL,3,4,11987.52,1,
2650,4,ISL,4,5,11987.52,1,
2650,5,ISL,5,3,11987.52,1,
2650,6,ISL,0,3,12822.17,1,
2650,7,ISL,1,4,10785.28,1,
2650,8,ISL,2,5,7662.69,1,
2650,45,GSL,0,6,3633.21,0,-7.31
2650,46,GSL,1,6,12876.91,0,-75.02
2650,47,GSL,2,6,9298.1,0,-41.91
2650,48,GSL,3,6,12085.19,0,-64.29
2650,49,GSL,4,6,5692.09,0,-20.24
2650,50,GSL,5,6,9328.34,0,-42.11
2650,51,GSL,0,7,12869.3,0,-74.89
2650,52,GSL,1,7,3963.69,0,-9.57
2650,53,GSL,2,7,9172.78,0,-41.1
2650,54,GSL,3,7,6582.38,0,-25.43
2650,55,GSL,4,7,12347.91,0,-67.31
2650,56,GSL,5,7,8346.93,0,-35.9
2660,0,ISL,0,1,11987.52,1,
2660,1,ISL,1,2,11987.52,1,
2660,2,ISL,2,0,11987.52,1,
2660,3,ISL,3,4,11987.52,1,
2660,4,ISL,4,5,11987.52,1,
2660,5,ISL,5,3,11987.52,1,
2660,6,ISL,0,3,12793.22,1,
2660,7,ISL,1,4,10847.11,1,
2660,8,ISL,2,5,7623.72,1,
2660,45,GSL,0,6,3699.78,0,-7.78
2660,46,GSL,1,6,12893.99,0,-75.34
2660,47,GSL,2,6,9248.04,0,-41.59
2660,48,GSL,3,6,12072.28,0,-64.15
2660,49,GSL,4,6,5657.81,0,-20.04
2660,50,GSL,5,6,9365.83,0,-42.36
2660,51,GSL,0,7,12853.33,0,-74.6
2660,52,GSL,1,7,3900.88,0,-9.15
2660,53,GSL,2,7,9221.97,0,-41.42
2660,54,GSL,3,7,6618.92,0,-25.64
2660,55,GSL,4,7,12355.59,0,-67.4
2660,56,GSL,5,7,8306.56,0,-35.65
2670,0,ISL,0,1,11987.52,1,
2670,1,ISL,1,2,11987.52,1,
2670,2,ISL,2,0,11987.52,1,
2670,3,ISL,3,4,11987.52,1,
2670,4,ISL,4,5,11987.52,1,
2670,5,ISL,5,3,11987.52,1,
2670,6,ISL,0,3,12763.25,1,
2670,7,ISL,1,4,10908.48,1,
2670,8,ISL,2,5,7586.29,1,
2670,45,GSL,0,6,3766.28,0,-8.24
2670,46,GSL,1,6,12910.72,0,-75.65
2670,47,GSL,2,6,9197.71,0,-41.26
2670,48,GSL,3,6,12059.08,0,-64.0
2670,49,GSL,4,6,5623.87,0,-19.84
2670,50,GSL,5,6,9403.21,0,-42.61
2670,51,GSL,0,7,12837.0,0,-74.31
2670,52,GSL,1,7,3838.08,0,-8.73
2670,53,GSL,2,7,9270.93,0,-41.74
2670,54,GSL,3,7,6655.67,0,-25.86
2670,55,GSL,4,7,12362.99,0,-67.5
2670,56,GSL,5,7,8266.08,0,-35.4
2680,0,ISL,0,1,11987.52,1,
2680,1,ISL,1,2,11987.52,1,
2680,2,ISL,2,0,11987.52,1,
2680,3,ISL,3,4,11987.52,1,
2680,4,ISL,4,5,11987.52,1,
2680,5,ISL,5,3,11987.52,1,
2680,6,ISL,0,3,12732.27,1,
2680,7,ISL,1,4,10969.38,1,
2680,8,ISL,2,5,7550.45,1,
2680,45,GSL,0,6,3832.71,0,-8.69
2680,46,GSL,1,6,12927.1,0,-75.96
2680,47,GSL,2,6,9147.14,0,-40.93
2680,48,GSL,3,6,12045.57,0,-63.86
2680,49,GSL,4,6,5590.27,0,-19.64
2680,50,GSL,5,6,9440.48,0,-42.85
2680,51,GSL,0,7,12820.33,0,-74.03
2680,52,GSL,1,7,3775.3,0,-8.3
2680,53,GSL,2,7,9319.65,0,-42.06
2680,54,GSL,3,7,6692.64,0,-26.07
2680,55,GSL,4,7,12370.11,0,-67.58
2680,56,GSL,5,7,8225.49,0,-35.15
2690,0,ISL,0,1,11987.52,1,
2690,1,ISL,1,2,11987.52,1,
2690,2,ISL,2,0,11987.52,1,
2690,3,ISL,3,4,11987.52,1,
2690,4,ISL,4,5,11987.52,1,
2690,5,ISL,5,3,11987.52,1,
2690,6,ISL,0,3,12700.28,1,
2690,7,ISL,1,4,11029.78,1,
2690,8,ISL,2,5,7516.24,1,
2690,45,GSL,0,6,3899.06,0,-9.14
2690,46,GSL,1,6,12943.11,0,-76.28
2690,47,GSL,2,6,9096.31,0,-40.6
2690,48,GSL,3,6,12031.77,0,-63.71
2690,49,GSL,4,6,5557.02,0,-19.44
2690,50,GSL,5,6,9477.64,0,-43.1
2690,51,GSL,0,7,12803.31,0,-73.74
2690,52,GSL,1,7,3712.53,0,-7.86
2690,53,GSL,2,7,9368.14,0,-42.37
2690,54,GSL,3,7,6729.8,0,-26.29
2690,55,GSL,4,7,12376.93,0,-67.67
2690,56,GSL,5,7,8184.81,0,-34.91
2700,0,ISL,0,1,11987.52,1,
2700,1,ISL,1,2,11987.52,1,
2700,2,ISL,2,0,11987.52,1,
2700,3,ISL,3,4,11987.52,1,
2700,4,ISL,4,5,11987.52,1,
2700,5,ISL,5,3,11987.52,1,
2700,6,ISL,0,3,12667.31,1,
2700,7,ISL,1,4,11089.68,1,
2700,8,ISL,2,5,7483.69,1,
2700,45,GSL,0,6,3965.32,0,-9.59
2700,46,GSL,1,6,12958.76,0,-76.59
2700,47,GSL,2,6,9045.24,0,-40.27
2700,48,GSL,3,6,12017.66,0,-63.56
2700,49,GSL,4,6,5524.14,0,-19.25
2700,50,GSL,5,6,9514.68,0,-43.35
2700,51,GSL,0,7,12785.94,0,-73.45
2700,52,GSL,1,7,3649.8,0,-7.43
2700,53,GSL,2,7,9416.39,0,-42.69
2700,54,GSL,3,7,6767.15,0,-26.51
2700,55,GSL,4,7,12383.47,0,-67.75
2700,56,GSL,5,7,8144.02,0,-34.66
2710,0,ISL,0,1,11987.52,1,
2710,1,ISL,1,2,11987.52,1,
2710,2,ISL,2,0,11987.52,1,
2710,3,ISL,3,4,11987.52,1,
2710,4,ISL,4,5,11987.52,1,
2710,5,ISL,5,3,11987.52,1,
2710,6,ISL,0,3,12633.34,1,
2710,7,ISL,1,4,11149.04,1,
2710,8,ISL,2,5,7452.84,1,
2710,45,GSL,0,6,4031.5,0,-10.03
2710,46,GSL,1,6,12974.06,0,-76.9
2710,47,GSL,2,6,8993.92,0,-39.95
2710,48,GSL,3,6,12003.26,0,-63.41
2710,49,GSL,4,6,5491.64,0,-19.06
2710,50,GSL,5,6,9551.61,0,-43.59
2710,51,GSL,0,7,12768.22,0,-73.16
2710,52,GSL,1,7,3587.1,0,-6.98
2710,53,GSL,2,7,9464.4,0,-43.01
2710,54,GSL,3,7,6804.68,0,-26.73
2710,55,GSL,4,7,12389.72,0,-67.83
2710,56,GSL,5,7,8103.14,0,-34.41
2720,0,ISL,0,1,11987.52,1,
2720,1,ISL,1,2,11987.52,1,
2720,2,ISL,2,0,11987.52,1,
2720,3,ISL,3,4,11987.52,1,
2720,4,ISL,4,5,11987.52,1,
2720,5,ISL,5,3,11987.52,1,
2720,6,ISL,0,3,12598.4,1,
2720,7,ISL,1,4,11207.84,1,
2720,8,ISL,2,5,7423.73,1,
2720,45,GSL,0,6,4097.59,0,-10.46
2720,46,GSL,1,6,12988.99,0,-77.22
2720,47,GSL,2,6,8942.35,0,-39.62
2720,48,GSL,3,6,11988.56,0,-63.25
2720,49,GSL,4,6,5459.53,0,-18.87
2720,50,GSL,5,6,9588.41,0,-43.84
2720,51,GSL,0,7,12750.15,0,-72.87
2720,52,GSL,1,7,3524.45,0,-6.54
2720,53,GSL,2,7,9512.18,0,-43.33
2720,54,GSL,3,7,6842.4,0,-26.95
2720,55,GSL,4,7,12395.68,0,-67.9
2720,56,GSL,5,7,8062.16,0,-34.16
2730,0,ISL,0,1,11987.52,1,
2730,1,ISL,1,2,11987.52,1,
2730,2,ISL,2,0,11987.52,1,
2730,3,ISL,3,4,11987.52,1,
2730,4,ISL,4,5,11987.52,1,
2730,5,ISL,5,3,11987.52,1,
2730,6,ISL,0,3,12562.49,1,
2730,7,ISL,1,4,11266.08,1,
2730,8,ISL,2,5,7396.39,1,
2730,45,GSL,0,6,4163.59,0,-10.89
2730,46,GSL,1,6,13003.56,0,-77.53
2730,47,GSL,2,6,8890.53,0,-39.29
2730,48,GSL,3,6,11973.56,0,-63.1
2730,49,GSL,4,6,5427.82,0,-18.68
2730,50,GSL,5,6,9625.08,0,-44.09
2730,51,GSL,0,7,12731.74,0,-72.58
2730,52,GSL,1,7,3461.86,0,-6.08
2730,53,GSL,2,7,9559.71,0,-43.65
2730,54,GSL,3,7,6880.28,0,-27.17
2730,55,GSL,4,7,12401.34,0,-67.97
2730,56,GSL,5,7,8021.1,0,-33.92
2740,0,ISL,0,1,11987.52,1,
2740,1,ISL,1,2,11987.52,1,
2740,2,ISL,2,0,11987.52,1,
2740,3,ISL,3,4,11987.52,1,
2740,4,ISL,4,5,11987.52,1,
2740,5,ISL,5,3,11987.52,1,
2740,6,ISL,0,3,12525.61,1,
2740,7,ISL,1,4,11323.72,1,
2740,8,ISL,2,5,7370.86,1,
2740,45,GSL,0,6,4229.49,0,-11.32
2740,46,GSL,1,6,13017.78,0,-77.84
2740,47,GSL,2,6,8838.47,0,-38.96
2740,48,GSL,3,6,11958.27,0,-62.94
2740,49,GSL,4,6,5396.52,0,-18.49
2740,50,GSL,5,6,9661.63,0,-44.34
2740,51,GSL,0,7,12712.97,0,-72.29
2740,52,GSL,1,7,3399.33,0,-5.62
2740,53,GSL,2,7,9607.0,0,-43.97
2740,54,GSL,3,7,6918.33,0,-27.39
2740,55,GSL,4,7,12406.72,0,-68.04
2740,56,GSL,5,7,7979.95,0,-33.67
2750,0,ISL,0,1,11987.52,1,
2750,1,ISL,1,2,11987.52,1,
2750,2,ISL,2,0,11987.52,1,
2750,3,ISL,3,4,11987.52,1,
2750,4,ISL,4,5,11987.52,1,
2750,5,ISL,5,3,11987.52,1,
2750,6,ISL,0,3,12487.79,1,
2750,7,ISL,1,4,11380.75,1,
2750,8,ISL,2,5,7347.16,1,
2750,45,GSL,0,6,4295.29,0,-11.74
2750,46,GSL,1,6,13031.63,0,-78.15
2750,47,GSL,2,6,8786.17,0,-38.63
2750,48,GSL,3,6,11942.67,0,-62.78
2750,49,GSL,4,6,5365.65,0,-18.31
2750,50,GSL,5,6,9698.04,0,-44.58
2750,51,GSL,0,7,12693.87,0,-71.99
2750,52,GSL,1,7,3336.88,0,-5.16
2750,53,GSL,2,7,9654.05,0,-44.28
2750,54,GSL,3,7,6956.54,0,-27.61
2750,55,GSL,4,7,12411.81,0,-68.1
2750,56,GSL,5,7,7938.72,0,-33.42
2760,0,ISL,0,1,11987.52,1,
2760,1,ISL,1,2,11987.52,1,
2760,2,ISL,2,0,11987.52,1,
2760,3,ISL,3,4,11987.52,1,
2760,4,ISL,4,5,11987.52,1,
2760,5,ISL,5,3,11987.52,1,
2760,6,ISL,0,3,12449.03,1,
2760,7,ISL,1,4,11437.15,1,
2760,8,ISL,2,5,7325.33,1,
2760,45,GSL,0,6,4361.0,0,-12.16
2760,46,GSL,1,6,13045.11,0,-78.47
2760,47,GSL,2,6,8733.63,0,-38.3
2760,48,GSL,3,6,11926.78,0,-62.61
2760,49,GSL,4,6,5335.21,0,-18.13
2760,50,GSL,5,6,9734.32,0,-44.83
2760,51,GSL,0,7,12674.41,0,-71.7
2760,52,GSL,1,7,3274.53,0,-4.69
2760,53,GSL,2,7,9700.84,0,-44.6
2760,54,GSL,3,7,6994.9,0,-27.84
2760,55,GSL,4,7,12416.6,0,-68.16
2760,56,GSL,5,7,7897.41,0,-33.17
2770,0,ISL,0,1,11987.52,1,
2770,1,ISL,1,2,11987.52,1,
2770,2,ISL,2,0,11987.52,1,
2770,3,ISL,3,4,11987.52,1,
2770,4,ISL,4,5,11987.52,1,
2770,5,ISL,5,3,11987.52,1,
2770,6,ISL,0,3,12409.33,1,
2770,7,ISL,1,4,11492.91,1,
2770,8,ISL,2,5,7305.39,1,
2770,45,GSL,0,6,4426.6,0,-12.58
2770,46,GSL,1,6,13058.24,0,-78.78
2770,47,GSL,2,6,8680.85,0,-37.97
2770,48,GSL,3,6,11910.6,0,-62.45
2770,49,GSL,4,6,5305.21,0,-17.95
2770,50,GSL,5,6,9770.47,0,-45.08
2770,51,GSL,0,7,12654.61,0,-71.41
2770,52,GSL,1,7,3212.28,0,-4.21
2770,53,GSL,2,7,9747.4,0,-44.92
2770,54,GSL,3,7,7033.4,0,-28.06
2770,55,GSL,4,7,12421.1,0,-68.22
2770,56,GSL,5,7,7856.02,0,-32.92
2780,0,ISL,0,1,11987.52,1,
2780,1,ISL,1,2,11987.52,1,
2780,2,ISL,2,0,11987.52,1,
2780,3,ISL,3,4,11987.52,1,
2780,4,ISL,4,5,11987.52,1,
2780,5,ISL,5,3,11987.52,1,
2780,6,ISL,0,3,12368.71,1,
2780,7,ISL,1,4,11548.0,1,
2780,8,ISL,2,5,7287.37,1,
2780,45,GSL,0,6,4492.1,0,-12.99
2780,46,GSL,1,6,13071.0,0,-79.09
2780,47,GSL,2,6,8627.84,0,-37.63
2780,48,GSL,3,6,11894.12,0,-62.28
2780,49,GSL,4,6,5275.67,0,-17.78
2780,50,GSL,5,6,9806.47,0,-45.33
2780,51,GSL,0,7,12634.47,0,-71.11
2780,52,GSL,1,7,3150.15,0,-3.73
2780,53,GSL,2,7,9793.7,0,-45.24
2780,54,GSL,3,7,7072.05,0,-28.29
2780,55,GSL,4,7,12425.31,0,-68.27
2780,56,GSL,5,7,7814.56,0,-32.67
2790,0,ISL,0,1,11987.52,1,
2790,1,ISL,1,2,11987.52,1,
2790,2,ISL,2,0,11987.52,1,
2790,3,ISL,3,4,11987.52,1,
2790,4,ISL,4,5,11987.52,1,
2790,5,ISL,5,3,11987.52,1,
2790,6,ISL,0,3,12327.18,1,
2790,7,ISL,1,4,11602.41,1,
2790,8,ISL,2,5,7271.3,1,
2790,45,GSL,0,6,4557.49,0,-13.4
2790,46,GSL,1,6,13083.4,0,-79.4
2790,47,GSL,2,6,8574.59,0,-37.3
2790,48,GSL,3,6,11877.34,0,-62.11
2790,49,GSL,4,6,5246.6,0,-17.6
2790,50,GSL,5,6,9842.34,0,-45.57
2790,51,GSL,0,7,12613.97,0,-70.82
2790,52,GSL,1,7,3088.14,0,-3.24
2790,53,GSL,2,7,9839.75,0,-45.55
2790,54,GSL,3,7,7110.82,0,-28.51
2790,55,GSL,4,7,12429.23,0,-68.32
2790,56,GSL,5,7,7773.04,0,-32.43
2800,0,ISL,0,1,11987.52,1,
2800,1,ISL,1,2,11987.52,1,
2800,2,ISL,2,0,11987.52,1,
2800,3,ISL,3,4,11987.52,1,
2800,4,ISL,4,5,11987.52,1,
2800,5,ISL,5,3,11987.52,1,
2800,6,ISL,0,3,12284.75,1,
2800,7,ISL,1,4,11656.13,1,
2800,8,ISL,2,5,7257.18,1,
2800,45,GSL,0,6,4622.77,0,-13.81
2800,46,GSL,1,6,13095.44,0,-79.71
2800,47,GSL,2,6,8521.1,0,-36.97
2800,48,GSL,3,6,11860.26,0,-61.94
2800,49,GSL,4,6,5218.02,0,-17.43
2800,50,GSL,5,6,9878.06,0,-45.82
2800,51,GSL,0,7,12593.14,0,-70.52
2800,52,GSL,1,7,3026.29,0,-2.75
2800,53,GSL,2,7,9885.55,0,-45.87
2800,54,GSL,3,7,7149.72,0,-28.74
2800,55,GSL,4,7,12432.85,0,-68.37
2800,56,GSL,5,7,7731.45,0,-32.18
2810,0,ISL,0,1,11987.52,1,
2810,1,ISL,1,2,11987.52,1,
2810,2,ISL,2,0,11987.52,1,
2810,3,ISL,3,4,11987.52,1,
2810,4,ISL,4,5,11987.52,1,
2810,5,ISL,5,3,11987.52,1,
2810,6,ISL,0,3,12241.44,1,
2810,7,ISL,1,4,11709.13,1,
2810,8,ISL,2,5,7245.05,1,
2810,45,GSL,0,6,4687.93,0,-14.21
2810,46,GSL,1,6,13107.11,0,-80.02
2810,47,GSL,2,6,8467.38,0,-36.64
2810,48,GSL,3,6,11842.9,0,-61.76
2810,49,GSL,4,6,5189.93,0,-17.26
2810,50,GSL,5,6,9913.63,0,-46.07
2810,51,GSL,0,7,12571.96,0,-70.22
2810,52,GSL,1,7,2964.6,0,-2.24
2810,53,GSL,2,7,9931.09,0,-46.19
2810,54,GSL,3,7,7188.75,0,-28.97
2810,55,GSL,4,7,12436.18,0,-68.41
2810,56,GSL,5,7,7689.8,0,-31.93
2820,0,ISL,0,1,11987.52,1,
2820,1,ISL,1,2,11987.52,1,
2820,2,ISL,2,0,11987.52,1,
2820,3,ISL,3,4,11987.52,1,
2820,4,ISL,4,5,11987.52,1,
2820,5,ISL,5,3,11987.52,1,
2820,6,ISL,0,3,12197.24,1,
2820,7,ISL,1,4,11761.4,1,
2820,8,ISL,2,5,7234.91,1,
2820,45,GSL,0,6,4752.98,0,-14.61
2820,46,GSL,1,6,13118.42,0,-80.34
2820,47,GSL,2,6,8413.43,0,-36.31
2820,48,GSL,3,6,11825.23,0,-61.59
2820,49,GSL,4,6,5162.34,0,-17.1
2820,50,GSL,5,6,9949.06,0,-46.31
2820,51,GSL,0,7,12550.44,0,-69.93
2820,52,GSL,1,7,2903.09,0,-1.73
2820,53,GSL,2,7,9976.38,0,-46.51
2820,54,GSL,3,7,7227.88,0,-29.2
2820,55,GSL,4,7,12439.21,0,-68.45
2820,56,GSL,5,7,7648.1,0,-31.68
2830,0,ISL,0,1,11987.52,1,
2830,1,ISL,1,2,11987.52,1,
2830,2,ISL,2,0,11987.52,1,
2830,3,ISL,3,4,11987.52,1,
2830,4,ISL,4,5,11987.52,1,
2830,5,ISL,5,3,11987.52,1,
2830,6,ISL,0,3,12152.18,1,
2830,7,ISL,1,4,11812.93,1,
2830,8,ISL,2,5,7226.78,1,
2830,45,GSL,0,6,4817.91,0,-15.01
2830,46,GSL,1,6,13129.37,0,-80.65
2830,47,GSL,2,6,8359.25,0,-35.97
2830,48,GSL,3,6,11807.28,0,-61.41
2830,49,GSL,4,6,5135.27,0,-16.94
2830,50,GSL,5,6,9984.33,0,-46.56
2830,51,GSL,0,7,12528.57,0,-69.63
2830,52,GSL,1,7,2841.78,0,-1.21
2830,53,GSL,2,7,10021.41,0,-46.82
2830,54,GSL,3,7,7267.13,0,-29.43
2830,55,GSL,4,7,12441.95,0,-68.49
2830,56,GSL,5,7,7606.34,0,-31.43
2840,0,ISL,0,1,11987.52,1,
2840,1,ISL,1,2,11987.52,1,
2840,2,ISL,2,0,11987.52,1,
2840,3,ISL,3,4,11987.52,1,
2840,4,ISL,4,5,11987.52,1,
2840,5,ISL,5,3,11987.52,1,
2840,6,ISL,0,3,12106.27,1,
2840,7,ISL,1,4,11863.7,1,
2840,8,ISL,2,5,7220.66,1,
2840,45,GSL,0,6,4882.72,0,-15.41
2840,46,GSL,1,6,13139.95,0,-80.96
2840,47,GSL,2,6,8304.85,0,-35.64
2840,48,GSL,3,6,11789.03,0,-61.23
2840,49,GSL,4,6,5108.73,0,-16.78
2840,50,GSL,5,6,10019.45,0,-46.81
2840,51,GSL,0,7,12506.37,0,-69.33
2840,52,GSL,1,7,2780.69,0,-0.68
2840,53,GSL,2,7,10066.19,0,-47.14
2840,54,GSL,3,7,7306.48,0,-29.66
2840,55,GSL,4,7,12444.39,0,-68.52
2840,56,GSL,5,7,7564.54,0,-31.19
2850,0,ISL,0,1,11987.52,1,
2850,1,ISL,1,2,11987.52,1,
2850,2,ISL,2,0,11987.52,1,
2850,3,ISL,3,4,11987.52,1,
2850,4,ISL,4,5,11987.52,1,
2850,5,ISL,5,3,11987.52,1,
2850,6,ISL,0,3,12059.51,1,
2850,7,ISL,1,4,11913.7,1,
2850,8,ISL,2,5,7216.58,1,
2850,45,GSL,0,6,4947.41,0,-15.8
2850,46,GSL,1,6,13150.16,0,-81.27
2850,47,GSL,2,6,8250.21,0,-35.31
2850,48,GSL,3,6,11770.49,0,-61.05
2850,49,GSL,4,6,5082.73,0,-16.62
2850,50,GSL,5,6,10054.41,0,-47.06
2850,51,GSL,0,7,12483.82,0,-69.03
2850,52,GSL,1,7,2719.85,0,-0.14
2850,53,GSL,2,7,10110.7,0,-47.46
2850,54,GSL,3,7,7345.92,0,-29.89
2850,55,GSL,4,7,12446.54,0,-68.55
2850,56,GSL,5,7,7522.69,0,-30.94
2860,0,ISL,0,1,11987.52,1,
2860,1,ISL,1,2,11987.52,1,
2860,2,ISL,2,0,11987.52,1,
2860,3,ISL,3,4,11987.52,1,
2860,4,ISL,4,5,11987.52,1,
2860,5,ISL,5,3,11987.52,1,
2860,6,ISL,0,3,12011.93,1,
2860,7,ISL,1,4,11962.91,1,
2860,8,ISL,2,5,7214.53,1,
2860,45,GSL,0,6,5011.98,0,-16.19
2860,46,GSL,1,6,13160.01,0,-81.57
2860,47,GSL,2,6,8195.36,0,-34.97
2860,48,GSL,3,6,11751.65,0,-60.86
2860,49,GSL,4,6,5057.29,0,-16.47
2860,50,GSL,5,6,10089.21,0,-47.3
2860,51,GSL,0,7,12460.93,0,-68.73
2860,52,GSL,1,7,2659.27,0,0.4
2860,53,GSL,2,7,10154.96,0,-47.77
2860,54,GSL,3,7,7385.46,0,-30.13
2860,55,GSL,4,7,12448.39,0,-68.57
2860,56,GSL,5,7,7480.8,0,-30.69
2870,0,ISL,0,1,11987.52,1,
2870,1,ISL,1,2,11987.52,1,
2870,2,ISL,2,0,11987.52,1,
2870,3,ISL,3,4,11987.52,1,
2870,4,ISL,4,5,11987.52,1,
2870,5,ISL,5,3,11987.52,1,
2870,6,ISL,0,3,11963.53,1,
2870,7,ISL,1,4,12011.32,1,
2870,8,ISL,2,5,7214.52,1,
2870,45,GSL,0,6,5076.41,0,-16.58
2870,46,GSL,1,6,13169.49,0,-81.88
2870,47,GSL,2,6,8140.28,0,-34.64
2870,48,GSL,3,6,11732.52,0,-60.68
2870,49,GSL,4,6,5032.41,0,-16.32
2870,50,GSL,5,6,10123.85,0,-47.55
2870,51,GSL,0,7,12437.7,0,-68.43
2870,52,GSL,1,7,2598.99,0,0.96
2870,53,GSL,2,7,10198.95,0,-48.09
2870,54,GSL,3,7,7425.08,0,-30.36
2870,55,GSL,4,7,12449.94,0,-68.59
2870,56,GSL,5,7,7438.88,0,-30.44
2880,0,ISL,0,1,11987.52,1,
2880,1,ISL,1,2,11987.52,1,
2880,2,ISL,2,0,11987.52,1,
2880,3,ISL,3,4,11987.52,1,
2880,4,ISL,4,5,11987.52,1,
2880,5,ISL,5,3,11987.52,1,
2880,6,ISL,0,3,11914.33,1,
2880,7,ISL,1,4,12058.91,1,
2880,8,ISL,2,5,7216.54,1,
2880,45,GSL,0,6,5140.72,0,-16.97
2880,46,GSL,1,6,13178.61,0,-82.19
2880,47,GSL,2,6,8084.98,0,-34.3
2880,48,GSL,3,6,11713.11,0,-60.49
2880,49,GSL,4,6,5008.11,0,-16.17
2880,50,GSL,5,6,10158.33,0,-47.8
2880,51,GSL,0,7,12414.13,0,-68.13
2880,52,GSL,1,7,2539.02,0,1.53
2880,53,GSL,2,7,10242.67,0,-48.4
2880,54,GSL,3,7,7464.78,0,-30.6
2880,55,GSL,4,7,12451.2,0,-68.61
2880,56,GSL,5,7,7396.92,0,-30.2
2890,0,ISL,0,1,11987.52,1,
2890,1,ISL,1,2,11987.52,1,
2890,2,ISL,2,0,11987.52,1,
2890,3,ISL,3,4,11987.52,1,
2890,4,ISL,4,5,11987.52,1,
2890,5,ISL,5,3,11987.52,1,
2890,6,ISL,0,3,11864.34,1,
2890,7,ISL,1,4,12105.68,1,
2890,8,ISL,2,5,7220.6,1,
2890,45,GSL,0,6,5204.89,0,-17.35
2890,46,GSL,1,6,13187.36,0,-82.5
2890,47,GSL,2,6,8029.46,0,-33.97
2890,48,GSL,3,6,11693.4,0,-60.3
2890,49,GSL,4,6,4984.4,0,-16.03
2890,50,GSL,5,6,10192.64,0,-48.04
2890,51,GSL,0,7,12390.22,0,-67.83
2890,52,GSL,1,7,2479.41,0,2.11
2890,53,GSL,2,7,10286.13,0,-48.72
2890,54,GSL,3,7,7504.55,0,-30.83
2890,55,GSL,4,7,12452.15,0,-68.62
2890,56,GSL,5,7,7354.94,0,-29.95
2900,0,ISL,0,1,11987.52,1,
2900,1,ISL,1,2,11987.52,1,
2900,2,ISL,2,0,11987.52,1,
2900,3,ISL,3,4,11987.52,1,
2900,4,ISL,4,5,11987.52,1,
2900,5,ISL,5,3,11987.52,1,
2900,6,ISL,0,3,11813.58,1,
2900,7,ISL,1,4,12151.6,1,
2900,8,ISL,2,5,7226.68,1,
2900,45,GSL,0,6,5268.93,0,-17.74
2900,46,GSL,1,6,13195.75,0,-82.81
2900,47,GSL,2,6,7973.72,0,-33.63
2900,48,GSL,3,6,11673.4,0,-60.11
2900,49,GSL,4,6,4961.29,0,-15.89
2900,50,GSL,5,6,10226.78,0,-48.29
2900,51,GSL,0,7,12365.97,0,-67.53
2900,52,GSL,1,7,2420.19,0,2.7
2900,53,GSL,2,7,10329.33,0,-49.03
2900,54,GSL,3,7,7544.4,0,-31.07
2900,55,GSL,4,7,12452.81,0,-68.63
2900,56,GSL,5,7,7312.94,0,-29.7
2910,0,ISL,0,1,11987.52,1,
2910,1,ISL,1,2,11987.52,1,
2910,2,ISL,2,0,11987.52,1,
2910,3,ISL,3,4,11987.52,1,
2910,4,ISL,4,5,11987.52,1,
2910,5,ISL,5,3,11987.52,1,
2910,6,ISL,0,3,11762.06,1,
2910,7,ISL,1,4,12196.68,1,
2910,8,ISL,2,5,7234.79,1,
2910,45,GSL,0,6,5332.84,0,-18.12
2910,46,GSL,1,6,13203.77,0,-83.11
2910,47,GSL,2,6,7917.77,0,-33.29
2910,48,GSL,3,6,11653.11,0,-59.92
2910,49,GSL,4,6,4938.79,0,-15.75
2910,50,GSL,5,6,10260.75,0,-48.53
2910,51,GSL,0,7,12341.39,0,-67.23
2910,52,GSL,1,7,2361.38,0,3.3
2910,53,GSL,2,7,10372.25,0,-49.35
2910,54,GSL,3,7,7584.31,0,-31.3
2910,55,GSL,4,7,12453.18,0,-68.63
2910,56,GSL,5,7,7270.92,0,-29.45
2920,0,ISL,0,1,11987.52,1,
2920,1,ISL,1,2,11987.52,1,
2920,2,ISL,2,0,11987.52,1,
2920,3,ISL,3,4,11987.52,1,
2920,4,ISL,4,5,11987.52,1,
2920,5,ISL,5,3,11987.52,1,
2920,6,ISL,0,3,11709.8,1,
2920,7,ISL,1,4,12240.88,1,
2920,8,ISL,2,5,7244.9,1,
2920,45,GSL,0,6,5396.6,0,-18.49
2920,46,GSL,1,6,13211.42,0,-83.42
2920,47,GSL,2,6,7861.6,0,-32.96
2920,48,GSL,3,6,11632.54,0,-59.72
2920,49,GSL,4,6,4916.92,0,-15.62
2920,50,GSL,5,6,10294.54,0,-48.78
2920,51,GSL,0,7,12316.46,0,-66.93
2920,52,GSL,1,7,2303.04,0,3.92
2920,53,GSL,2,7,10414.91,0,-49.67
2920,54,GSL,3,7,7624.28,0,-31.54
2920,55,GSL,4,7,12453.24,0,-68.63
2920,56,GSL,5,7,7228.89,0,-29.21
2930,0,ISL,0,1,11987.52,1,
2930,1,ISL,1,2,11987.52,1,
2930,2,ISL,2,0,11987.52,1,
2930,3,ISL,3,4,11987.52,1,
2930,4,ISL,4,5,11987.52,1,
2930,5,ISL,5,3,11987.52,1,
2930,6,ISL,0,3,11656.8,1,
2930,7,ISL,1,4,12284.21,1,
2930,8,ISL,2,5,7257.01,1,
2930,45,GSL,0,6,5460.23,0,-18.87
2930,46,GSL,1,6,13218.7,0,-83.72
2930,47,GSL,2,6,7805.22,0,-32.62
2930,48,GSL,3,6,11611.67,0,-59.53
2930,49,GSL,4,6,4895.69,0,-15.49
2930,50,GSL,5,6,10328.16,0,-49.03
2930,51,GSL,0,7,12291.2,0,-66.63
2930,52,GSL,1,7,2245.2,0,4.55
2930,53,GSL,2,7,10457.29,0,-49.98
2930,54,GSL,3,7,7664.3,0,-31.78
2930,55,GSL,4,7,12453.0,0,-68.63
2930,56,GSL,5,7,7186.85,0,-28.96
2940,0,ISL,0,1,11987.52,1,
2940,1,ISL,1,2,11987.52,1,
2940,2,ISL,2,0,11987.52,1,
2940,3,ISL,3,4,11987.52,1,
2940,4,ISL,4,5,11987.52,1,
2940,5,ISL,5,3,11987.52,1,
2940,6,ISL,0,3,11603.1,1,
2940,7,ISL,1,4,12326.65,1,
2940,8,ISL,2,5,7271.11,1,
2940,45,GSL,0,6,5523.71,0,-19.25
2940,46,GSL,1,6,13225.62,0,-84.03
2940,47,GSL,2,6,7748.63,0,-32.28
2940,48,GSL,3,6,11590.52,0,-59.33
2940,49,GSL,4,6,4875.1,0,-15.36
2940,50,GSL,5,6,10361.61,0,-49.27
2940,51,GSL,0,7,12265.61,0,-66.32
2940,52,GSL,1,7,2187.91,0,5.19
2940,53,GSL,2,7,10499.41,0,-50.3
2940,54,GSL,3,7,7704.37,0,-32.02
2940,55,GSL,4,7,12452.47,0,-68.62
2940,56,GSL,5,7,7144.81,0,-28.71
2950,0,ISL,0,1,11987.52,1,
2950,1,ISL,1,2,11987.52,1,
2950,2,ISL,2,0,11987.52,1,
2950,3,ISL,3,4,11987.52,1,
2950,4,ISL,4,5,11987.52,1,
2950,5,ISL,5,3,11987.52,1,
2950,6,ISL,0,3,11548.7,1,
2950,7,ISL,1,4,12368.19,1,
2950,8,ISL,2,5,7287.16,1,
2950,45,GSL,0,6,5587.04,0,-19.62
2950,46,GSL,1,6,13232.17,0,-84.33
2950,47,GSL,2,6,7691.83,0,-31.94
2950,48,GSL,3,6,11569.08,0,-59.13
2950,49,GSL,4,6,4855.17,0,-15.24
2950,50,GSL,5,6,10394.87,0,-49.52
2950,51,GSL,0,7,12239.68,0,-66.02
2950,52,GSL,1,7,2131.23,0,5.85
2950,53,GSL,2,7,10541.24,0,-50.61
2950,54,GSL,3,7,7744.49,0,-32.26
2950,55,GSL,4,7,12451.63,0,-68.61
2950,56,GSL,5,7,7102.77,0,-28.47
2960,0,ISL,0,1,11987.52,1,
2960,1,ISL,1,2,11987.52,1,
2960,2,ISL,2,0,11987.52,1,
2960,3,ISL,3,4,11987.52,1,
2960,4,ISL,4,5,11987.52,1,
2960,5,ISL,5,3,11987.52,1,
2960,6,ISL,0,3,11493.61,1,
2960,7,ISL,1,4,12408.82,1,
2960,8,ISL,2,5,7305.15,1,
2960,45,GSL,0,6,5650.23,0,-19.99
2960,46,GSL,1,6,13238.35,0,-84.63
2960,47,GSL,2,6,7634.82,0,-31.6
2960,48,GSL,3,6,11547.36,0,-58.93
2960,49,GSL,4,6,4835.92,0,-15.12
2960,50,GSL,5,6,10427.95,0,-49.76
2960,51,GSL,0,7,12213.41,0,-65.72
2960,52,GSL,1,7,2075.2,0,6.52
2960,53,GSL,2,7,10582.81,0,-50.93
2960,54,GSL,3,7,7784.64,0,-32.5
2960,55,GSL,4,7,12450.5,0,-68.6
2960,56,GSL,5,7,7060.74,0,-28.22
2970,0,ISL,0,1,11987.52,1,
2970,1,ISL,1,2,11987.52,1,
2970,2,ISL,2,0,11987.52,1,
2970,3,ISL,3,4,11987.52,1,
2970,4,ISL,4,5,11987.52,1,
2970,5,ISL,5,3,11987.52,1,
2970,6,ISL,0,3,11437.86,1,
2970,7,ISL,1,4,12448.53,1,
2970,8,ISL,2,5,7325.07,1,
2970,45,GSL,0,6,5713.28,0,-20.36
2970,46,GSL,1,6,13244.17,0,-84.93
2970,47,GSL,2,6,7577.61,0,-31.26
2970,48,GSL,3,6,11525.35,0,-58.73
2970,49,GSL,4,6,4817.34,0,-15.01
2970,50,GSL,5,6,10460.84,0,-50.01
2970,51,GSL,0,7,12186.81,0,-65.42
2970,52,GSL,1,7,2019.89,0,7.21
2970,53,GSL,2,7,10624.09,0,-51.24
2970,54,GSL,3,7,7824.83,0,-32.74
2970,55,GSL,4,7,12449.07,0,-68.58
2970,56,GSL,5,7,7018.72,0,-27.98
2980,0,ISL,0,1,11987.52,1,
2980,1,ISL,1,2,11987.52,1,
2980,2,ISL,2,0,11987.52,1,
2980,3,ISL,3,4,11987.52,1,
2980,4,ISL,4,5,11987.52,1,
2980,5,ISL,5,3,11987.52,1,
2980,6,ISL,0,3,11381.47,1,
2980,7,ISL,1,4,12487.3,1,
2980,8,ISL,2,5,7346.87,1,
2980,45,GSL,0,6,5776.17,0,-20.73
2980,46,GSL,1,6,13249.61,0,-85.23
2980,47,GSL,2,6,7520.2,0,-30.92
2980,48,GSL,3,6,11503.05,0,-58.53
2980,49,GSL,4,6,4799.46,0,-14.9
2980,50,GSL,5,6,10493.55,0,-50.25
2980,51,GSL,0,7,12159.88,0,-65.11
2980,52,GSL,1,7,1965.37,0,7.91
2980,53,GSL,2,7,10665.1,0,-51.56
2980,54,GSL,3,7,7865.05,0,-32.98
2980,55,GSL,4,7,12447.33,0,-68.56
2980,56,GSL,5,7,6976.72,0,-27.73
2990,0,ISL,0,1,11987.52,1,
2990,1,ISL,1,2,11987.52,1,
2990,2,ISL,2,0,11987.52,1,
2990,3,ISL,3,4,11987.52,1,
2990,4,ISL,4,5,11987.52,1,
2990,5,ISL,5,3,11987.52,1,
2990,6,ISL,0,3,11324.45,1,
2990,7,ISL,1,4,12525.14,1,
2990,8,ISL,2,5,7370.55,1,
2990,45,GSL,0,6,5838.9,0,-21.1
2990,46,GSL,1,6,13254.69,0,-85.52
2990,47,GSL,2,6,7462.58,0,-30.58
2990,48,GSL,3,6,11480.47,0,-58.32
2990,49,GSL,4,6,4782.28,0,-14.79
2990,50,GSL,5,6,10526.07,0,-50.5
2990,51,GSL,0,7,12132.61,0,-64.81
2990,52,GSL,1,7,1911.71,0,8.63
2990,53,GSL,2,7,10705.83,0,-51.87
2990,54,GSL,3,7,7905.29,0,-33.22
2990,55,GSL,4,7,12445.3,0,-68.53
2990,56,GSL,5,7,6934.74,0,-27.48
3000,0,ISL,0,1,11987.52,1,
3000,1,ISL,1,2,11987.52,1,
3000,2,ISL,2,0,11987.52,1,
3000,3,ISL,3,4,11987.52,1,
3000,4,ISL,4,5,11987.52,1,
3000,5,ISL,5,3,11987.52,1,
3000,6,ISL,0,3,11266.81,1,
3000,7,ISL,1,4,12562.02,1,
3000,8,ISL,2,5,7396.05,1,
3000,45,GSL,0,6,5901.48,0,-21.46
3000,46,GSL,1,6,13259.4,0,-85.82
3000,47,GSL,2,6,7404.76,0,-30.24
3000,48,GSL,3,6,11457.61,0,-58.12
3000,49,GSL,4,6,4765.82,0,-14.69
3000,50,GSL,5,6,10558.4,0,-50.74
3000,51,GSL,0,7,12105.01,0,-64.5
3000,52,GSL,1,7,1859.0,0,9.37
3000,53,GSL,2,7,10746.28,0,-52.18
3000,54,GSL,3,7,7945.55,0,-33.46
3000,55,GSL,4,7,12442.96,0,-68.5
3000,56,GSL,5,7,6892.79,0,-27.24
3010,0,ISL,0,1,11987.52,1,
3010,1,ISL,1,2,11987.52,1,
3010,2,ISL,2,0,11987.52,1,
3010,3,ISL,3,4,11987.52,1,
3010,4,ISL,4,5,11987.52,1,
3010,5,ISL,5,3,11987.52,1,
3010,6,ISL,0,3,11208.59,1,
3010,7,ISL,1,4,12597.95,1,
3010,8,ISL,2,5,7423.37,1,
3010,45,GSL,0,6,5963.91,0,-21.83
3010,46,GSL,1,6,13263.74,0,-86.1
3010,47,GSL,2,6,7346.74,0,-29.9
3010,48,GSL,3,6,11434.46,0,-57.91
3010,49,GSL,4,6,4750.08,0,-14.6
3010,50,GSL,5,6,10590.54,0,-50.98
3010,51,GSL,0,7,12077.08,0,-64.2
3010,52,GSL,1,7,1807.32,1,10.11
3010,53,GSL,2,7,10786.45,0,-52.5
3010,54,GSL,3,7,7985.83,0,-33.7
3010,55,GSL,4,7,12440.32,0,-68.47
3010,56,GSL,5,7,6850.87,0,-27.0
3020,0,ISL,0,1,11987.52,1,
3020,1,ISL,1,2,11987.52,1,
3020,2,ISL,2,0,11987.52,1,
3020,3,ISL,3,4,11987.52,1,
3020,4,ISL,4,5,11987.52,1,
3020,5,ISL,5,3,11987.52,1,
3020,6,ISL,0,3,11149.79,1,
3020,7,ISL,1,4,12632.9,1,
3020,8,ISL,2,5,7452.46,1,
3020,45,GSL,0,6,6026.18,0,-22.19
3020,46,GSL,1,6,13267.71,0,-86.39
3020,47,GSL,2,6,7288.53,0,-29.56
3020,48,GSL,3,6,11411.03,0,-57.7
3020,49,GSL,4,6,4735.07,0,-14.5
3020,50,GSL,5,6,10622.48,0,-51.23
3020,51,GSL,0,7,12048.82,0,-63.89
3020,52,GSL,1,7,1756.77,1,10.88
3020,53,GSL,2,7,10826.33,0,-52.81
3020,54,GSL,3,7,8026.12,0,-33.95
3020,55,GSL,4,7,12437.39,0,-68.43
3020,56,GSL,5,7,6809.0,0,-26.75
3030,0,ISL,0,1,11987.52,1,
3030,1,ISL,1,2,11987.52,1,
3030,2,ISL,2,0,11987.52,1,
3030,3,ISL,3,4,11987.52,1,
3030,4,ISL,4,5,11987.52,1,
3030,5,ISL,5,3,11987.52,1,
3030,6,ISL,0,3,11090.44,1,
3030,7,ISL,1,4,12666.88,1,
3030,8,ISL,2,5,7483.29,1,
3030,45,GSL,0,6,6088.28,0,-22.56
3030,46,GSL,1,6,13271.32,0,-86.67
3030,47,GSL,2,6,7230.12,0,-29.21
3030,48,GSL,3,6,11387.32,0,-57.49
3030,49,GSL,4,6,4720.81,0,-14.42
3030,50,GSL,5,6,10654.22,0,-51.47
3030,51,GSL,0,7,12020.23,0,-63.59
3030,52,GSL,1,7,1707.45,1,11.66
3030,53,GSL,2,7,10865.93,0,-53.13
3030,54,GSL,3,7,8066.41,0,-34.19
3030,55,GSL,4,7,12434.15,0,-68.39
3030,56,GSL,5,7,6767.17,0,-26.51
3040,0,ISL,0,1,11987.52,1,
3040,1,ISL,1,2,11987.52,1,
3040,2,ISL,2,0,11987.52,1,
3040,3,ISL,3,4,11987.52,1,
3040,4,ISL,4,5,11987.52,1,
3040,5,ISL,5,3,11987.52,1,
3040,6,ISL,0,3,11030.55,1,
3040,7,ISL,1,4,12699.87,1,
3040,8,ISL,2,5,7515.81,1,
3040,45,GSL,0,6,6150.22,0,-22.92
3040,46,GSL,1,6,13274.55,0,-86.94
3040,47,GSL,2,6,7171.52,0,-28.87
3040,48,GSL,3,6,11363.33,0,-57.28
3040,49,GSL,4,6,4707.29,0,-14.33
3040,50,GSL,5,6,10685.77,0,-51.71
3040,51,GSL,0,7,11991.31,0,-63.28
3040,52,GSL,1,7,1659.49,1,12.44
3040,53,GSL,2,7,10905.24,0,-53.44
3040,54,GSL,3,7,8106.71,0,-34.43
3040,55,GSL,4,7,12430.61,0,-68.34
3040,56,GSL,5,7,6725.4,0,-26.26
3050,0,ISL,0,1,11987.52,1,
3050,1,ISL,1,2,11987.52,1,
3050,2,ISL,2,0,11987.52,1,
3050,3,ISL,3,4,11987.52,1,
3050,4,ISL,4,5,11987.52,1,
3050,5,ISL,5,3,11987.52,1,
3050,6,ISL,0,3,10970.15,1,
3050,7,ISL,1,4,12731.87,1,
3050,8,ISL,2,5,7550.01,1,
3050,45,GSL,0,6,6212.0,0,-23.28
3050,46,GSL,1,6,13277.42,0,-87.2
3050,47,GSL,2,6,7112.73,0,-28.53
3050,48,GSL,3,6,11339.07,0,-57.07
3050,49,GSL,4,6,4694.54,0,-14.25
3050,50,GSL,5,6,10717.11,0,-51.96
3050,51,GSL,0,7,11962.06,0,-62.98
3050,52,GSL,1,7,1613.01,1,13.24
3050,53,GSL,2,7,10944.27,0,-53.75
3050,54,GSL,3,7,8147.0,0,-34.68
3050,55,GSL,4,7,12426.76,0,-68.29
3050,56,GSL,5,7,6683.68,0,-26.02
3060,0,ISL,0,1,11987.52,1,
3060,1,ISL,1,2,11987.52,1,
3060,2,ISL,2,0,11987.52,1,
3060,3,ISL,3,4,11987.52,1,
3060,4,ISL,4,5,11987.52,1,
3060,5,ISL,5,3,11987.52,1,
3060,6,ISL,0,3,10909.25,1,
3060,7,ISL,1,4,12762.86,1,
3060,8,ISL,2,5,7585.83,1,
3060,45,GSL,0,6,6273.61,0,-23.63
3060,46,GSL,1,6,13279.91,0,-87.45
3060,47,GSL,2,6,7053.75,0,-28.18
3060,48,GSL,3,6,11314.52,0,-56.85
3060,49,GSL,4,6,4682.56,0,-14.18
3060,50,GSL,5,6,10748.25,0,-52.2
3060,51,GSL,0,7,11932.48,0,-62.67
3060,52,GSL,1,7,1568.15,1,14.05
3060,53,GSL,2,7,10983.01,0,-54.07
3060,54,GSL,3,7,8187.29,0,-34.92
3060,55,GSL,4,7,12422.62,0,-68.24
3060,56,GSL,5,7,6642.02,0,-25.78
3070,0,ISL,0,1,11987.52,1,
3070,1,ISL,1,2,11987.52,1,
3070,2,ISL,2,0,11987.52,1,
3070,3,ISL,3,4,11987.52,1,
3070,4,ISL,4,5,11987.52,1,
3070,5,ISL,5,3,11987.52,1,
3070,6,ISL,0,3,10847.89,1,
3070,7,ISL,1,4,12792.84,1,
3070,8,ISL,2,5,7623.23,1,
3070,45,GSL,0,6,6335.05,0,-23.99
3070,46,GSL,1,6,13282.04,0,-87.69
3070,47,GSL,2,6,6994.58,0,-27.83
3070,48,GSL,3,6,11289.69,0,-56.64
3070,49,GSL,4,6,4671.35,0,-14.11
3070,50,GSL,5,6,10779.19,0,-52.44
3070,51,GSL,0,7,11902.58,0,-62.36
3070,52,GSL,1,7,1525.06,1,14.86
3070,53,GSL,2,7,11021.46,0,-54.38
3070,54,GSL,3,7,8227.57,0,-35.17
3070,55,GSL,4,7,12418.17,0,-68.18
3070,56,GSL,5,7,6600.44,0,-25.54
3080,0,ISL,0,1,11987.52,1,
3080,1,ISL,1,2,11987.52,1,
3080,2,ISL,2,0,11987.52,1,
3080,3,ISL,3,4,11987.52,1,
3080,4,ISL,4,5,11987.52,1,
3080,5,ISL,5,3,11987.52,1,
3080,6,ISL,0,3,10786.07,1,
3080,7,ISL,1,4,12821.81,1,
3080,8,ISL,2,5,7662.18,1,
3080,45,GSL,0,6,6396.32,0,-24.35
3080,46,GSL,1,6,13283.8,0,-87.9
3080,47,GSL,2,6,6935.23,0,-27.49
3080,48,GSL,3,6,11264.59,0,-56.42
3080,49,GSL,4,6,4660.93,0,-14.05
3080,50,GSL,5,6,10809.92,0,-52.68
3080,51,GSL,0,7,11872.35,0,-62.06
3080,52,GSL,1,7,1483.89,1,15.68
3080,53,GSL,2,7,11059.61,0,-54.7
3080,54,GSL,3,7,8267.83,0,-35.41
3080,55,GSL,4,7,12413.42,0,-68.12
3080,56,GSL,5,7,6558.93,0,-25.29
3090,0,ISL,0,1,11987.52,1,
3090,1,ISL,1,2,11987.52,1,
3090,2,ISL,2,0,11987.52,1,
3090,3,ISL,3,4,11987.52,1,
3090,4,ISL,4,5,11987.52,1,
3090,5,ISL,5,3,11987.52,1,
3090,6,ISL,0,3,10723.83,1,
3090,7,ISL,1,4,12849.75,1,
3090,8,ISL,2,5,7702.63,1,
3090,45,GSL,0,6,6457.42,0,-24.7
3090,46,GSL,1,6,13285.19,0,-88.09
3090,47,GSL,2,6,6875.69,0,-27.14
3090,48,GSL,3,6,11239.21,0,-56.2
3090,49,GSL,4,6,4651.3,0,-13.99
3090,50,GSL,5,6,10840.44,0,-52.92
3090,51,GSL,0,7,11841.79,0,-61.75
3090,52,GSL,1,7,1444.82,1,16.48
3090,53,GSL,2,7,11097.48,0,-55.01
3090,54,GSL,3,7,8308.07,0,-35.66
3090,55,GSL,4,7,12408.37,0,-68.06
3090,56,GSL,5,7,6517.51,0,-25.05
3100,0,ISL,0,1,11987.52,1,
3100,1,ISL,1,2,11987.52,1,
3100,2,ISL,2,0,11987.52,1,
3100,3,ISL,3,4,11987.52,1,
3100,4,ISL,4,5,11987.52,1,
3100,5,ISL,5,3,11987.52,1,
3100,6,ISL,0,3,10661.18,1,
3100,7,ISL,1,4,12876.66,1,
3100,8,ISL,2,5,7744.55,1,
3100,45,GSL,0,6,6518.34,0,-25.06
3100,46,GSL,1,6,13286.21,0,-88.24
3100,47,GSL,2,6,6815.97,0,-26.79
3100,48,GSL,3,6,11213.56,0,-55.98
3100,49,GSL,4,6,4642.48,0,-13.93
3100,50,GSL,5,6,10870.75,0,-53.16
3100,51,GSL,0,7,11810.91,0,-61.44
3100,52,GSL,1,7,1408.02,1,17.28
3100,53,GSL,2,7,11135.06,0,-55.32
3100,54,GSL,3,7,8348.29,0,-35.91
3100,55,GSL,4,7,12403.02,0,-67.99
3100,56,GSL,5,7,6476.18,0,-24.81
3110,0,ISL,0,1,11987.52,1,
3110,1,ISL,1,2,11987.52,1,
3110,2,ISL,2,0,11987.52,1,
3110,3,ISL,3,4,11987.52,1,
3110,4,ISL,4,5,11987.52,1,
3110,5,ISL,5,3,11987.52,1,
3110,6,ISL,0,3,10598.15,1,
3110,7,ISL,1,4,12902.53,1,
3110,8,ISL,2,5,7787.88,1,
3110,45,GSL,0,6,6579.09,0,-25.41
3110,46,GSL,1,6,13286.86,0,-88.34
3110,47,GSL,2,6,6756.08,0,-26.44
3110,48,GSL,3,6,11187.63,0,-55.76
3110,49,GSL,4,6,4634.45,0,-13.88
3110,50,GSL,5,6,10900.85,0,-53.41
3110,51,GSL,0,7,11779.71,0,-61.14
3110,52,GSL,1,7,1373.69,1,18.05
3110,53,GSL,2,7,11172.33,0,-55.63
3110,54,GSL,3,7,8388.48,0,-36.15
3110,55,GSL,4,7,12397.36,0,-67.92
3110,56,GSL,5,7,6434.94,0,-24.57
3120,0,ISL,0,1,11987.52,1,
3120,1,ISL,1,2,11987.52,1,
3120,2,ISL,2,0,11987.52,1,
3120,3,ISL,3,4,11987.52,1,
3120,4,ISL,4,5,11987.52,1,
3120,5,ISL,5,3,11987.52,1,
3120,6,ISL,0,3,10534.76,1,
3120,7,ISL,1,4,12927.36,1,
3120,8,ISL,2,5,7832.58,1,
3120,45,GSL,0,6,6639.66,0,-25.76
3120,46,GSL,1,6,13287.14,0,-88.39
3120,47,GSL,2,6,6696.0,0,-26.09
3120,48,GSL,3,6,11161.42,0,-55.54
3120,49,GSL,4,6,4627.24,0,-13.84
3120,50,GSL,5,6,10930.73,0,-53.65
3120,51,GSL,0,7,11748.18,0,-60.83
3120,52,GSL,1,7,1342.01,1,18.8
3120,53,GSL,2,7,11209.32,0,-55.95
3120,54,GSL,3,7,8428.64,0,-36.4
3120,55,GSL,4,7,12391.4,0,-67.85
3120,56,GSL,5,7,6393.81,0,-24.33
3130,0,ISL,0,1,11987.52,1,
3130,1,ISL,1,2,11987.52,1,
3130,2,ISL,2,0,11987.52,1,
3130,3,ISL,3,4,11987.52,1,
3130,4,ISL,4,5,11987.52,1,
3130,5,ISL,5,3,11987.52,1,
3130,6,ISL,0,3,10471.04,1,
3130,7,ISL,1,4,12951.14,1,
3130,8,ISL,2,5,7878.6,1,
3130,45,GSL,0,6,6700.05,0,-26.12
3130,46,GSL,1,6,13287.05,0,-88.37
3130,47,GSL,2,6,6635.75,0,-25.74
3130,48,GSL,3,6,11134.95,0,-55.32
3130,49,GSL,4,6,4620.84,0,-13.8
3130,50,GSL,5,6,10960.4,0,-53.88
3130,51,GSL,0,7,11716.34,0,-60.52
3130,52,GSL,1,7,1313.2,1,19.5
3130,53,GSL,2,7,11246.01,0,-56.26
3130,54,GSL,3,7,8468.76,0,-36.65
3130,55,GSL,4,7,12385.14,0,-67.77
3130,56,GSL,5,7,6352.79,0,-24.1
3140,0,ISL,0,1,11987.52,1,
3140,1,ISL,1,2,11987.52,1,
3140,2,ISL,2,0,11987.52,1,
3140,3,ISL,3,4,11987.52,1,
3140,4,ISL,4,5,11987.52,1,
3140,5,ISL,5,3,11987.52,1,
3140,6,ISL,0,3,10407.01,1,
3140,7,ISL,1,4,12973.87,1,
3140,8,ISL,2,5,7925.92,1,
3140,45,GSL,0,6,6760.25,0,-26.47
3140,46,GSL,1,6,13286.6,0,-88.3
3140,47,GSL,2,6,6575.33,0,-25.39
3140,48,GSL,3,6,11108.2,0,-55.1
3140,49,GSL,4,6,4615.27,0,-13.76
3140,50,GSL,5,6,10989.85,0,-54.12
3140,51,GSL,0,7,11684.17,0,-60.21
3140,52,GSL,1,7,1287.43,1,20.16
3140,53,GSL,2,7,11282.4,0,-56.57
3140,54,GSL,3,7,8508.85,0,-36.9
3140,55,GSL,4,7,12378.58,0,-67.69
3140,56,GSL,5,7,6311.89,0,-23.86
3150,0,ISL,0,1,11987.52,1,
3150,1,ISL,1,2,11987.52,1,
3150,2,ISL,2,0,11987.52,1,
3150,3,ISL,3,4,11987.52,1,
3150,4,ISL,4,5,11987.52,1,
3150,5,ISL,5,3,11987.52,1,
3150,6,ISL,0,3,10342.69,1,
3150,7,ISL,1,4,12995.53,1,
3150,8,ISL,2,5,7974.46,1,
3150,45,GSL,0,6,6820.28,0,-26.82
3150,46,GSL,1,6,13285.77,0,-88.17
3150,47,GSL,2,6,6514.73,0,-25.04
3150,48,GSL,3,6,11081.18,0,-54.87
3150,49,GSL,4,6,4610.52,0,-13.73
3150,50,GSL,5,6,11019.08,0,-54.36
3150,51,GSL,0,7,11651.68,0,-59.9
3150,52,GSL,1,7,1264.9,1,20.75
3150,53,GSL,2,7,11318.49,0,-56.89
3150,54,GSL,3,7,8548.89,0,-37.14
3150,55,GSL,4,7,12371.71,0,-67.6
3150,56,GSL,5,7,6271.12,0,-23.62
3160,0,ISL,0,1,11987.52,1,
3160,1,ISL,1,2,11987.52,1,
3160,2,ISL,2,0,11987.52,1,
3160,3,ISL,3,4,11987.52,1,
3160,4,ISL,4,5,11987.52,1,
3160,5,ISL,5,3,11987.52,1,
3160,6,ISL,0,3,10278.12,1,
3160,7,ISL,1,4,13016.13,1,
3160,8,ISL,2,5,8024.2,1,
3160,45,GSL,0,6,6880.11,0,-27.17
3160,46,GSL,1,6,13284.58,0,-88.0
3160,47,GSL,2,6,6453.97,0,-24.68
3160,48,GSL,3,6,11053.9,0,-54.65
3160,49,GSL,4,6,4606.6,0,-13.71
3160,50,GSL,5,6,11048.09,0,-54.6
3160,51,GSL,0,7,11618.87,0,-59.6
3160,52,GSL,1,7,1245.79,1,21.27
3160,53,GSL,2,7,11354.28,0,-57.2
3160,54,GSL,3,7,8588.89,0,-37.39
3160,55,GSL,4,7,12364.54,0,-67.51
3160,56,GSL,5,7,6230.48,0,-23.38
3170,0,ISL,0,1,11987.52,1,
3170,1,ISL,1,2,11987.52,1,
3170,2,ISL,2,0,11987.52,1,
3170,3,ISL,3,4,11987.52,1,
3170,4,ISL,4,5,11987.52,1,
3170,5,ISL,5,3,11987.52,1,
3170,6,ISL,0,3,10213.31,1,
3170,7,ISL,1,4,13035.66,1,
3170,8,ISL,2,5,8075.09,1,
3170,45,GSL,0,6,6939.76,0,-27.51
3170,46,GSL,1,6,13283.01,0,-87.8
3170,47,GSL,2,6,6393.04,0,-24.33
3170,48,GSL,3,6,11026.34,0,-54.42
3170,49,GSL,4,6,4603.52,0,-13.69
3170,50,GSL,5,6,11076.87,0,-54.84
3170,51,GSL,0,7,11585.74,0,-59.29
3170,52,GSL,1,7,1230.26,1,21.7
3170,53,GSL,2,7,11389.77,0,-57.51
3170,54,GSL,3,7,8628.83,0,-37.64
3170,55,GSL,4,7,12357.07,0,-67.42
3170,56,GSL,5,7,6189.97,0,-23.15
3180,0,ISL,0,1,11987.52,1,
3180,1,ISL,1,2,11987.52,1,
3180,2,ISL,2,0,11987.52,1,
3180,3,ISL,3,4,11987.52,1,
3180,4,ISL,4,5,11987.52,1,
3180,5,ISL,5,3,11987.52,1,
3180,6,ISL,0,3,10148.3,1,
3180,7,ISL,1,4,13054.11,1,
3180,8,ISL,2,5,8127.07,1,
3180,45,GSL,0,6,6999.22,0,-27.86
3180,46,GSL,1,6,13281.08,0,-87.58
3180,47,GSL,2,6,6331.94,0,-23.97
3180,48,GSL,3,6,10998.52,0,-54.19
3180,49,GSL,4,6,4601.27,0,-13.68
3180,50,GSL,5,6,11105.43,0,-55.07
3180,51,GSL,0,7,11552.29,0,-58.98
3180,52,GSL,1,7,1218.46,1,22.04
3180,53,GSL,2,7,11424.95,0,-57.82
3180,54,GSL,3,7,8668.73,0,-37.89
3180,55,GSL,4,7,12349.29,0,-67.33
3180,56,GSL,5,7,6149.62,0,-22.91
3190,0,ISL,0,1,11987.52,1,
3190,1,ISL,1,2,11987.52,1,
3190,2,ISL,2,0,11987.52,1,
3190,3,ISL,3,4,11987.52,1,
3190,4,ISL,4,5,11987.52,1,
3190,5,ISL,5,3,11987.52,1,
3190,6,ISL,0,3,10083.12,1,
3190,7,ISL,1,4,13071.48,1,
3190,8,ISL,2,5,8180.11,1,
3190,45,GSL,0,6,7058.49,0,-28.21
3190,46,GSL,1,6,13278.77,0,-87.34
3190,47,GSL,2,6,6270.68,0,-23.62
3190,48,GSL,3,6,10970.43,0,-53.97
3190,49,GSL,4,6,4599.86,0,-13.67
3190,50,GSL,5,6,11133.76,0,-55.31
3190,51,GSL,0,7,11518.53,0,-58.67
3190,52,GSL,1,7,1210.48,1,22.27
3190,53,GSL,2,7,11459.84,0,-58.14
3190,54,GSL,3,7,8708.56,0,-38.14
3190,55,GSL,4,7,12341.21,0,-67.23
3190,56,GSL,5,7,6109.43,0,-22.68
3200,0,ISL,0,1,11987.52,1,
3200,1,ISL,1,2,11987.52,1,
3200,2,ISL,2,0,11987.52,1,
3200,3,ISL,3,4,11987.52,1,
3200,4,ISL,4,5,11987.52,1,
3200,5,ISL,5,3,11987.52,1,
3200,6,ISL,0,3,10017.78,1,
3200,7,ISL,1,4,13087.77,1,
3200,8,ISL,2,5,8234.16,1,
3200,45,GSL,0,6,7117.57,0,-28.55
3200,46,GSL,1,6,13276.1,0,-87.08
3200,47,GSL,2,6,6209.26,0,-23.26
3200,48,GSL,3,6,10942.07,0,-53.74
3200,49,GSL,4,6,4599.29,0,-13.66
3200,50,GSL,5,6,11161.87,0,-55.55
3200,51,GSL,0,7,11484.45,0,-58.36
3200,52,GSL,1,7,1206.42,1,22.39
3200,53,GSL,2,7,11494.42,0,-58.45
3200,54,GSL,3,7,8748.34,0,-38.39
3200,55,GSL,4,7,12332.83,0,-67.13
3200,56,GSL,5,7,6069.4,0,-22.45
3210,0,ISL,0,1,11987.52,1,
3210,1,ISL,1,2,11987.52,1,
3210,2,ISL,2,0,11987.52,1,
3210,3,ISL,3,4,11987.52,1,
3210,4,ISL,4,5,11987.52,1,
3210,5,ISL,5,3,11987.52,1,
3210,6,ISL,0,3,9952.33,1,
3210,7,ISL,1,4,13102.98,1,
3210,8,ISL,2,5,8289.17,1,
3210,45,GSL,0,6,7176.46,0,-28.9
3210,46,GSL,1,6,13273.06,0,-86.81
3210,47,GSL,2,6,6147.68,0,-22.9
3210,48,GSL,3,6,10913.45,0,-53.51
3210,49,GSL,4,6,4599.55,0,-13.66
3210,50,GSL,5,6,11189.74,0,-55.78
3210,51,GSL,0,7,11450.06,0,-58.05
3210,52,GSL,1,7,1206.31,1,22.39
3210,53,GSL,2,7,11528.69,0,-58.76
3210,54,GSL,3,7,8788.04,0,-38.64
3210,55,GSL,4,7,12324.15,0,-67.02
3210,56,GSL,5,7,6029.54,0,-22.21
3220,0,ISL,0,1,11987.52,1,
3220,1,ISL,1,2,11987.52,1,
3220,2,ISL,2,0,11987.52,1,
3220,3,ISL,3,4,11987.52,1,
3220,4,ISL,4,5,11987.52,1,
3220,5,ISL,5,3,11987.52,1,
3220,6,ISL,0,3,9886.78,1,
3220,7,ISL,1,4,13117.09,1,
3220,8,ISL,2,5,8345.1,1,
3220,45,GSL,0,6,7235.14,0,-29.24
3220,46,GSL,1,6,13269.65,0,-86.54
3220,47,GSL,2,6,6085.95,0,-22.54
3220,48,GSL,3,6,10884.57,0,-53.28
3220,49,GSL,4,6,4600.67,0,-13.67
3220,50,GSL,5,6,11217.39,0,-56.02
3220,51,GSL,0,7,11415.35,0,-57.74
3220,52,GSL,1,7,1210.15,1,22.28
3220,53,GSL,2,7,11562.66,0,-59.07
3220,54,GSL,3,7,8827.69,0,-38.89
3220,55,GSL,4,7,12315.16,0,-66.91
3220,56,GSL,5,7,5989.87,0,-21.98
3230,0,ISL,0,1,11987.52,1,
3230,1,ISL,1,2,11987.52,1,
3230,2,ISL,2,0,11987.52,1,
3230,3,ISL,3,4,11987.52,1,
3230,4,ISL,4,5,11987.52,1,
3230,5,ISL,5,3,11987.52,1,
3230,6,ISL,0,3,9821.18,1,
3230,7,ISL,1,4,13130.11,1,
3230,8,ISL,2,5,8401.9,1,
3230,45,GSL,0,6,7293.63,0,-29.59
3230,46,GSL,1,6,13265.87,0,-86.25
3230,47,GSL,2,6,6024.06,0,-22.18
3230,48,GSL,3,6,10855.42,0,-53.04
3230,49,GSL,4,6,4602.62,0,-13.68
3230,50,GSL,5,6,11244.8,0,-56.25
3230,51,GSL,0,7,11380.33,0,-57.43
3230,52,GSL,1,7,1217.91,1,22.06
3230,53,GSL,2,7,11596.32,0,-59.39
3230,54,GSL,3,7,8867.25,0,-39.14
3230,55,GSL,4,7,12305.87,0,-66.8
3230,56,GSL,5,7,5950.38,0,-21.75
3240,0,ISL,0,1,11987.52,1,
3240,1,ISL,1,2,11987.52,1,
3240,2,ISL,2,0,11987.52,1,
3240,3,ISL,3,4,11987.52,1,
3240,4,ISL,4,5,11987.52,1,
3240,5,ISL,5,3,11987.52,1,
3240,6,ISL,0,3,9755.54,1,
3240,7,ISL,1,4,13142.03,1,
3240,8,ISL,2,5,8459.53,1,
3240,45,GSL,0,6,7351.92,0,-29.93
3240,46,GSL,1,6,13261.72,0,-85.97
3240,47,GSL,2,6,5962.01,0,-21.82
3240,48,GSL,3,6,10826.01,0,-52.81
3240,49,GSL,4,6,4605.41,0,-13.7
3240,50,GSL,5,6,11271.97,0,-56.48
3240,51,GSL,0,7,11344.99,0,-57.12
3240,52,GSL,1,7,1229.51,1,21.72
3240,53,GSL,2,7,11629.67,0,-59.7
3240,54,GSL,3,7,8906.75,0,-39.39
3240,55,GSL,4,7,12296.28,0,-66.69
3240,56,GSL,5,7,5911.1,0,-21.52
3250,0,ISL,0,1,11987.52,1,
3250,1,ISL,1,2,11987.52,1,
3250,2,ISL,2,0,11987.52,1,
3250,3,ISL,3,4,11987.52,1,
3250,4,ISL,4,5,11987.52,1,
3250,5,ISL,5,3,11987.52,1,
3250,6,ISL,0,3,9689.91,1,
3250,7,ISL,1,4,13152.85,1,
3250,8,ISL,2,5,8517.94,1,
3250,45,GSL,0,6,7410.01,0,-30.27
3250,46,GSL,1,6,13257.21,0,-85.68
3250,47,GSL,2,6,5899.82,0,-21.46
3250,48,GSL,3,6,10796.34,0,-52.58
3250,49,GSL,4,6,4609.05,0,-13.72
3250,50,GSL,5,6,11298.91,0,-56.72
3250,51,GSL,0,7,11309.35,0,-56.81
3250,52,GSL,1,7,1244.84,1,21.3
3250,53,GSL,2,7,11662.71,0,-60.01
3250,54,GSL,3,7,8946.17,0,-39.64
3250,55,GSL,4,7,12286.38,0,-66.57
3250,56,GSL,5,7,5872.02,0,-21.29
3260,0,ISL,0,1,11987.52,1,
3260,1,ISL,1,2,11987.52,1,
3260,2,ISL,2,0,11987.52,1,
3260,3,ISL,3,4,11987.52,1,
3260,4,ISL,4,5,11987.52,1,
3260,5,ISL,5,3,11987.52,1,
3260,6,ISL,0,3,9624.31,1,
3260,7,ISL,1,4,13162.57,1,
3260,8,ISL,2,5,8577.1,1,
3260,45,GSL,0,6,7467.89,0,-30.61
3260,46,GSL,1,6,13252.32,0,-85.38
3260,47,GSL,2,6,5837.48,0,-21.09
3260,48,GSL,3,6,10766.42,0,-52.34
3260,49,GSL,4,6,4613.52,0,-13.75
3260,50,GSL,5,6,11325.61,0,-56.95
3260,51,GSL,0,7,11273.39,0,-56.5
3260,52,GSL,1,7,1263.77,1,20.78
3260,53,GSL,2,7,11695.44,0,-60.32
3260,54,GSL,3,7,8985.5,0,-39.89
3260,55,GSL,4,7,12276.18,0,-66.45
3260,56,GSL,5,7,5833.16,0,-21.07
3270,0,ISL,0,1,11987.52,1,
3270,1,ISL,1,2,11987.52,1,
3270,2,ISL,2,0,11987.52,1,
3270,3,ISL,3,4,11987.52,1,
3270,4,ISL,4,5,11987.52,1,
3270,5,ISL,5,3,11987.52,1,
3270,6,ISL,0,3,9558.77,1,
3270,7,ISL,1,4,13171.19,1,
3270,8,ISL,2,5,8636.95,1,
3270,45,GSL,0,6,7525.57,0,-30.96
3270,46,GSL,1,6,13247.07,0,-85.09
3270,47,GSL,2,6,5774.99,0,-20.72
3270,48,GSL,3,6,10736.23,0,-52.11
3270,49,GSL,4,6,4618.83,0,-13.78
3270,50,GSL,5,6,11352.07,0,-57.18
3270,51,GSL,0,7,11237.12,0,-56.19
3270,52,GSL,1,7,1286.14,1,20.19
3270,53,GSL,2,7,11727.85,0,-60.63
3270,54,GSL,3,7,9024.75,0,-40.14
3270,55,GSL,4,7,12265.68,0,-66.33
3270,56,GSL,5,7,5794.53,0,-20.84
3280,0,ISL,0,1,11987.52,1,
3280,1,ISL,1,2,11987.52,1,
3280,2,ISL,2,0,11987.52,1,
3280,3,ISL,3,4,11987.52,1,
3280,4,ISL,4,5,11987.52,1,
3280,5,ISL,5,3,11987.52,1,
3280,6,ISL,0,3,9493.34,1,
3280,7,ISL,1,4,13178.69,1,
3280,8,ISL,2,5,8697.45,1,
3280,45,GSL,0,6,7583.05,0,-31.3
3280,46,GSL,1,6,13241.45,0,-84.79
3280,47,GSL,2,6,5712.36,0,-20.36
3280,48,GSL,3,6,10705.79,0,-51.87
3280,49,GSL,4,6,4624.97,0,-13.82
3280,50,GSL,5,6,11378.29,0,-57.41
3280,51,GSL,0,7,11200.55,0,-55.87
3280,52,GSL,1,7,1311.76,1,19.54
3280,53,GSL,2,7,11759.96,0,-60.94
3280,54,GSL,3,7,9063.91,0,-40.39
3280,55,GSL,4,7,12254.88,0,-66.2
3280,56,GSL,5,7,5756.13,0,-20.61
3290,0,ISL,0,1,11987.52,1,
3290,1,ISL,1,2,11987.52,1,
3290,2,ISL,2,0,11987.52,1,
3290,3,ISL,3,4,11987.52,1,
3290,4,ISL,4,5,11987.52,1,
3290,5,ISL,5,3,11987.52,1,
3290,6,ISL,0,3,9428.04,1,
3290,7,ISL,1,4,13185.09,1,
3290,8,ISL,2,5,8758.57,1,
3290,45,GSL,0,6,7640.31,0,-31.64
3290,46,GSL,1,6,13235.46,0,-84.49
3290,47,GSL,2,6,5649.59,0,-19.99
3290,48,GSL,3,6,10675.09,0,-51.63
3290,49,GSL,4,6,4631.94,0,-13.87
3290,50,GSL,5,6,11404.26,0,-57.64
3290,51,GSL,0,7,11163.67,0,-55.56
3290,52,GSL,1,7,1340.46,1,18.83
3290,53,GSL,2,7,11791.75,0,-61.25
3290,54,GSL,3,7,9102.98,0,-40.65
3290,55,GSL,4,7,12243.78,0,-66.07
3290,56,GSL,5,7,5717.98,0,-20.39
3300,0,ISL,0,1,11987.52,1,
3300,1,ISL,1,2,11987.52,1,
3300,2,ISL,2,0,11987.52,1,
3300,3,ISL,3,4,11987.52,1,
3300,4,ISL,4,5,11987.52,1,
3300,5,ISL,5,3,11987.52,1,
3300,6,ISL,0,3,9362.9,1,
3300,7,ISL,1,4,13190.38,1,
3300,8,ISL,2,5,8820.26,1,
3300,45,GSL,0,6,7697.37,0,-31.98
3300,46,GSL,1,6,13229.1,0,-84.19
3300,47,GSL,2,6,5586.68,0,-19.62
3300,48,GSL,3,6,10644.14,0,-51.39
3300,49,GSL,4,6,4639.74,0,-13.91
3300,50,GSL,5,6,11429.99,0,-57.87
3300,51,GSL,0,7,11126.48,0,-55.25
3300,52,GSL,1,7,1372.03,1,18.09
3300,53,GSL,2,7,11823.22,0,-61.57
3300,54,GSL,3,7,9141.96,0,-40.9
3300,55,GSL,4,7,12232.37,0,-65.94
3300,56,GSL,5,7,5680.09,0,-20.17
3310,0,ISL,0,1,11987.52,1,
3310,1,ISL,1,2,11987.52,1,
3310,2,ISL,2,0,11987.52,1,
3310,3,ISL,3,4,11987.52,1,
3310,4,ISL,4,5,11987.52,1,
3310,5,ISL,5,3,11987.52,1,
3310,6,ISL,0,3,9297.97,1,
3310,7,ISL,1,4,13194.57,1,
3310,8,ISL,2,5,8882.47,1,
3310,45,GSL,0,6,7754.21,0,-32.31
3310,46,GSL,1,6,13222.38,0,-83.88
3310,47,GSL,2,6,5523.64,0,-19.25
3310,48,GSL,3,6,10612.93,0,-51.16
3310,49,GSL,4,6,4648.36,0,-13.97
3310,50,GSL,5,6,11455.48,0,-58.1
3310,51,GSL,0,7,11088.99,0,-54.94
3310,52,GSL,1,7,1406.29,1,17.31
3310,53,GSL,2,7,11854.38,0,-61.88
3310,54,GSL,3,7,9180.84,0,-41.15
3310,55,GSL,4,7,12220.66,0,-65.8
3310,56,GSL,5,7,5642.46,0,-19.95
3320,0,ISL,0,1,11987.52,1,
3320,1,ISL,1,2,11987.52,1,
3320,2,ISL,2,0,11987.52,1,
3320,3,ISL,3,4,11987.52,1,
3320,4,ISL,4,5,11987.52,1,
3320,5,ISL,5,3,11987.52,1,
3320,6,ISL,0,3,9233.28,1,
3320,7,ISL,1,4,13197.63,1,
3320,8,ISL,2,5,8945.18,1,
3320,45,GSL,0,6,7810.84,0,-32.65
3320,46,GSL,1,6,13215.29,0,-83.58
3320,47,GSL,2,6,5460.46,0,-18.87
3320,48,GSL,3,6,10581.48,0,-50.92
3320,49,GSL,4,6,4657.8,0,-14.03
3320,50,GSL,5,6,11480.72,0,-58.32
3320,51,GSL,0,7,11051.19,0,-54.63
3320,52,GSL,1,7,1443.02,1,16.52
3320,53,GSL,2,7,11885.23,0,-62.19
3320,54,GSL,3,7,9219.62,0,-41.4
3320,55,GSL,4,7,12208.65,0,-65.66
3320,56,GSL,5,7,5605.1,0,-19.73
3330,0,ISL,0,1,11987.52,1,
3330,1,ISL,1,2,11987.52,1,
3330,2,ISL,2,0,11987.52,1,
3330,3,ISL,3,4,11987.52,1,
3330,4,ISL,4,5,11987.52,1,
3330,5,ISL,5,3,11987.52,1,
3330,6,ISL,0,3,9168.86,1,
3330,7,ISL,1,4,13199.59,1,
3330,8,ISL,2,5,9008.33,1,
3330,45,GSL,0,6,7867.25,0,-32.99
3330,46,GSL,1,6,13207.83,0,-83.27
3330,47,GSL,2,6,5397.15,0,-18.5
3330,48,GSL,3,6,10549.77,0,-50.68
3330,49,GSL,4,6,4668.05,0,-14.09
3330,50,GSL,5,6,11505.71,0,-58.55
3330,51,GSL,0,7,11013.08,0,-54.31
3330,52,GSL,1,7,1482.06,1,15.71
3330,53,GSL,2,7,11915.75,0,-62.5
3330,54,GSL,3,7,9258.29,0,-41.65
3330,55,GSL,4,7,12196.34,0,-65.52
3330,56,GSL,5,7,5568.04,0,-19.51
3340,0,ISL,0,1,11987.52,1,
3340,1,ISL,1,2,11987.52,1,
3340,2,ISL,2,0,11987.52,1,
3340,3,ISL,3,4,11987.52,1,
3340,4,ISL,4,5,11987.52,1,
3340,5,ISL,5,3,11987.52,1,
3340,6,ISL,0,3,9104.76,1,
3340,7,ISL,1,4,13200.43,1,
3340,8,ISL,2,5,9071.89,1,
3340,45,GSL,0,6,7923.45,0,-33.33
3340,46,GSL,1,6,13200.0,0,-82.97
3340,47,GSL,2,6,5333.72,0,-18.12
3340,48,GSL,3,6,10517.81,0,-50.43
3340,49,GSL,4,6,4679.11,0,-14.16
3340,50,GSL,5,6,11530.45,0,-58.78
3340,51,GSL,0,7,10974.68,0,-54.0
3340,52,GSL,1,7,1523.21,1,14.9
3340,53,GSL,2,7,11945.96,0,-62.81
3340,54,GSL,3,7,9296.86,0,-41.91
3340,55,GSL,4,7,12183.73,0,-65.38
3340,56,GSL,5,7,5531.26,0,-19.29
3350,0,ISL,0,1,11987.52,1,
3350,1,ISL,1,2,11987.52,1,
3350,2,ISL,2,0,11987.52,1,
3350,3,ISL,3,4,11987.52,1,
3350,4,ISL,4,5,11987.52,1,
3350,5,ISL,5,3,11987.52,1,
3350,6,ISL,0,3,9041.0,1,
3350,7,ISL,1,4,13200.16,1,
3350,8,ISL,2,5,9135.82,1,
3350,45,GSL,0,6,7979.43,0,-33.66
3350,46,GSL,1,6,13191.81,0,-82.66
3350,47,GSL,2,6,5270.15,0,-17.74
3350,48,GSL,3,6,10485.61,0,-50.19
3350,49,GSL,4,6,4690.96,0,-14.23
3350,50,GSL,5,6,11554.94,0,-59.0
3350,51,GSL,0,7,10935.97,0,-53.69
3350,52,GSL,1,7,1566.31,1,14.09
3350,53,GSL,2,7,11975.84,0,-63.12
3350,54,GSL,3,7,9335.32,0,-42.16
3350,55,GSL,4,7,12170.81,0,-65.23
3350,56,GSL,5,7,5494.8,0,-19.08
3360,0,ISL,0,1,11987.52,1,
3360,1,ISL,1,2,11987.52,1,
3360,2,ISL,2,0,11987.52,1,
3360,3,ISL,3,4,11987.52,1,
3360,4,ISL,4,5,11987.52,1,
3360,5,ISL,5,3,11987.52,1,
3360,6,ISL,0,3,8977.64,1,
3360,7,ISL,1,4,13198.78,1,
3360,8,ISL,2,5,9200.08,1,
3360,45,GSL,0,6,8035.19,0,-34.0
3360,46,GSL,1,6,13183.25,0,-82.35
3360,47,GSL,2,6,5206.47,0,-17.36
3360,48,GSL,3,6,10453.16,0,-49.95
3360,49,GSL,4,6,4703.61,0,-14.31
3360,50,GSL,5,6,11579.17,0,-59.23
3360,51,GSL,0,7,10896.97,0,-53.37
3360,52,GSL,1,7,1611.2,1,13.28
3360,53,GSL,2,7,12005.41,0,-63.43
3360,54,GSL,3,7,9373.66,0,-42.41
3360,55,GSL,4,7,12157.6,0,-65.09
3360,56,GSL,5,7,5458.66,0,-18.86
3370,0,ISL,0,1,11987.52,1,
3370,1,ISL,1,2,11987.52,1,
3370,2,ISL,2,0,11987.52,1,
3370,3,ISL,3,4,11987.52,1,
3370,4,ISL,4,5,11987.52,1,
3370,5,ISL,5,3,11987.52,1,
3370,6,ISL,0,3,8914.7,1,
3370,7,ISL,1,4,13196.28,1,
3370,8,ISL,2,5,9264.63,1,
3370,45,GSL,0,6,8090.73,0,-34.34
3370,46,GSL,1,6,13174.32,0,-82.05
3370,47,GSL,2,6,5142.66,0,-16.98
3370,48,GSL,3,6,10420.46,0,-49.71
3370,49,GSL,4,6,4717.05,0,-14.39
3370,50,GSL,5,6,11603.15,0,-59.45
3370,51,GSL,0,7,10857.66,0,-53.06
3370,52,GSL,1,7,1657.72,1,12.47
3370,53,GSL,2,7,12034.65,0,-63.74
3370,54,GSL,3,7,9411.89,0,-42.66
3370,55,GSL,4,7,12144.08,0,-64.94
3370,56,GSL,5,7,5422.84,0,-18.65
3380,0,ISL,0,1,11987.52,1,
3380,1,ISL,1,2,11987.52,1,
3380,2,ISL,2,0,11987.52,1,
3380,3,ISL,3,4,11987.52,1,
3380,4,ISL,4,5,11987.52,1,
3380,5,ISL,5,3,11987.52,1,
3380,6,ISL,0,3,8852.22,1,
3380,7,ISL,1,4,13192.68,1,
3380,8,ISL,2,5,9329.45,1,
3380,45,GSL,0,6,8146.05,0,-34.67
3380,46,GSL,1,6,13165.03,0,-81.74
3380,47,GSL,2,6,5078.74,0,-16.6
3380,48,GSL,3,6,10387.52,0,-49.46
3380,49,GSL,4,6,4731.26,0,-14.48
3380,50,GSL,5,6,11626.88,0,-59.67
3380,51,GSL,0,7,10818.05,0,-52.75
3380,52,GSL,1,7,1705.74,1,11.68
3380,53,GSL,2,7,12063.57,0,-64.05
3380,54,GSL,3,7,9450.01,0,-42.92
3380,55,GSL,4,7,12130.26,0,-64.78
3380,56,GSL,5,7,5387.36,0,-18.44
3390,0,ISL,0,1,11987.52,1,
3390,1,ISL,1,2,11987.52,1,
3390,2,ISL,2,0,11987.52,1,
3390,3,ISL,3,4,11987.52,1,
3390,4,ISL,4,5,11987.52,1,
3390,5,ISL,5,3,11987.52,1,
3390,6,ISL,0,3,8790.26,1,
3390,7,ISL,1,4,13187.96,1,
3390,8,ISL,2,5,9394.48,1,
3390,45,GSL,0,6,8201.14,0,-35.01
3390,46,GSL,1,6,13155.37,0,-81.43
3390,47,GSL,2,6,5014.7,0,-16.21
3390,48,GSL,3,6,10354.33,0,-49.22
3390,49,GSL,4,6,4746.25,0,-14.57
3390,50,GSL,5,6,11650.34,0,-59.89
3390,51,GSL,0,7,10778.15,0,-52.43
3390,52,GSL,1,7,1755.14,1,10.9
3390,53,GSL,2,7,12092.17,0,-64.36
3390,54,GSL,3,7,9488.0,0,-43.17
3390,55,GSL,4,7,12116.15,0,-64.63
3390,56,GSL,5,7,5352.24,0,-18.23
3400,0,ISL,0,1,11987.52,1,
3400,1,ISL,1,2,11987.52,1,
3400,2,ISL,2,0,11987.52,1,
3400,3,ISL,3,4,11987.52,1,
3400,4,ISL,4,5,11987.52,1,
3400,5,ISL,5,3,11987.52,1,
3400,6,ISL,0,3,8728.84,1,
3400,7,ISL,1,4,13182.13,1,
3400,8,ISL,2,5,9459.7,1,
3400,45,GSL,0,6,8256.0,0,-35.34
3400,46,GSL,1,6,13145.35,0,-81.12
3400,47,GSL,2,6,4950.55,0,-15.82
3400,48,GSL,3,6,10320.91,0,-48.97
3400,49,GSL,4,6,4762.0,0,-14.67
3400,50,GSL,5,6,11673.55,0,-60.11
3400,51,GSL,0,7,10737.95,0,-52.12
3400,52,GSL,1,7,1805.79,1,10.14
3400,53,GSL,2,7,12120.44,0,-64.67
3400,54,GSL,3,7,9525.87,0,-43.42
3400,55,GSL,4,7,12101.73,0,-64.47
3400,56,GSL,5,7,5317.48,0,-18.02
3410,0,ISL,0,1,11987.52,1,
3410,1,ISL,1,2,11987.52,1,
3410,2,ISL,2,0,11987.52,1,
3410,3,ISL,3,4,11987.52,1,
3410,4,ISL,4,5,11987.52,1,
3410,5,ISL,5,3,11987.52,1,
3410,6,ISL,0,3,8668.02,1,
3410,7,ISL,1,4,13175.19,1,
3410,8,ISL,2,5,9525.07,1,
3410,45,GSL,0,6,8310.64,0,-35.68
3410,46,GSL,1,6,13134.96,0,-80.81
3410,47,GSL,2,6,4886.28,0,-15.43
3410,48,GSL,3,6,10287.25,0,-48.73
3410,49,GSL,4,6,4778.5,0,-14.77
3410,50,GSL,5,6,11696.5,0,-60.33
3410,51,GSL,0,7,10697.46,0,-51.8
3410,52,GSL,1,7,1857.58,0,9.39
3410,53,GSL,2,7,12148.39,0,-64.98
3410,54,GSL,3,7,9563.61,0,-43.67
3410,55,GSL,4,7,12087.02,0,-64.31
3410,56,GSL,5,7,5283.1,0,-17.82
3420,0,ISL,0,1,11987.52,1,
3420,1,ISL,1,2,11987.52,1,
3420,2,ISL,2,0,11987.52,1,
3420,3,ISL,3,4,11987.52,1,
3420,4,ISL,4,5,11987.52,1,
3420,5,ISL,5,3,11987.52,1,
3420,6,ISL,0,3,8607.83,1,
3420,7,ISL,1,4,13167.14,1,
3420,8,ISL,2,5,9590.56,1,
3420,45,GSL,0,6,8365.04,0,-36.01
3420,46,GSL,1,6,13124.21,0,-80.5
3420,47,GSL,2,6,4821.92,0,-15.04
3420,48,GSL,3,6,10253.34,0,-48.48
3420,49,GSL,4,6,4795.74,0,-14.88
3420,50,GSL,5,6,11719.19,0,-60.55
3420,51,GSL,0,7,10656.67,0,-51.49
3420,52,GSL,1,7,1910.42,0,8.65
3420,53,GSL,2,7,12176.01,0,-65.29
3420,54,GSL,3,7,9601.22,0,-43.93
3420,55,GSL,4,7,12072.0,0,-64.14
3420,56,GSL,5,7,5249.1,0,-17.62
3430,0,ISL,0,1,11987.52,1,
3430,1,ISL,1,2,11987.52,1,
3430,2,ISL,2,0,11987.52,1,
3430,3,ISL,3,4,11987.52,1,
3430,4,ISL,4,5,11987.52,1,
3430,5,ISL,5,3,11987.52,1,
3430,6,ISL,0,3,8548.31,1,
3430,7,ISL,1,4,13157.99,1,
3430,8,ISL,2,5,9656.13,1,
3430,45,GSL,0,6,8419.22,0,-36.34
3430,46,GSL,1,6,13113.09,0,-80.19
3430,47,GSL,2,6,4757.45,0,-14.64
3430,48,GSL,3,6,10219.21,0,-48.23
3430,49,GSL,4,6,4813.72,0,-14.99
3430,50,GSL,5,6,11741.62,0,-60.77
3430,51,GSL,0,7,10615.59,0,-51.18
3430,52,GSL,1,7,1964.23,0,7.93
3430,53,GSL,2,7,12203.31,0,-65.6
3430,54,GSL,3,7,9638.7,0,-44.18
3430,55,GSL,4,7,12056.69,0,-63.98
3430,56,GSL,5,7,5215.5,0,-17.42
3440,0,ISL,0,1,11987.52,1,
3440,1,ISL,1,2,11987.52,1,
3440,2,ISL,2,0,11987.52,1,
3440,3,ISL,3,4,11987.52,1,
3440,4,ISL,4,5,11987.52,1,
3440,5,ISL,5,3,11987.52,1,
3440,6,ISL,0,3,8489.51,1,
3440,7,ISL,1,4,13147.74,1,
3440,8,ISL,2,5,9721.75,1,
3440,45,GSL,0,6,8473.16,0,-36.67
3440,46,GSL,1,6,13101.61,0,-79.88
3440,47,GSL,2,6,4692.88,0,-14.24
3440,48,GSL,3,6,10184.83,0,-47.99
3440,49,GSL,4,6,4832.43,0,-15.1
3440,50,GSL,5,6,11763.78,0,-60.98
3440,51,GSL,0,7,10574.22,0,-50.86
3440,52,GSL,1,7,2018.91,0,7.22
3440,53,GSL,2,7,12230.27,0,-65.91
3440,54,GSL,3,7,9676.04,0,-44.43
3440,55,GSL,4,7,12041.07,0,-63.81
3440,56,GSL,5,7,5182.32,0,-17.22
3450,0,ISL,0,1,11987.52,1,
3450,1,ISL,1,2,11987.52,1,
3450,2,ISL,2,0,11987.52,1,
3450,3,ISL,3,4,11987.52,1,
3450,4,ISL,4,5,11987.52,1,
3450,5,ISL,5,3,11987.52,1,
3450,6,ISL,0,3,8431.47,1,
3450,7,ISL,1,4,13136.38,1,
3450,8,ISL,2,5,9787.39,1,
3450,45,GSL,0,6,8526.87,0,-37.01
3450,46,GSL,1,6,13089.76,0,-79.57
3450,47,GSL,2,6,4628.21,0,-13.84
3450,48,GSL,3,6,10150.22,0,-47.74
3450,49,GSL,4,6,4851.86,0,-15.22
3450,50,GSL,5,6,11785.67,0,-61.2
3450,51,GSL,0,7,10532.56,0,-50.55
3450,52,GSL,1,7,2074.39,0,6.53
3450,53,GSL,2,7,12256.91,0,-66.22
3450,54,GSL,3,7,9713.25,0,-44.69
3450,55,GSL,4,7,12025.16,0,-63.64
3450,56,GSL,5,7,5149.55,0,-17.02
3460,0,ISL,0,1,11987.52,1,
3460,1,ISL,1,2,11987.52,1,
3460,2,ISL,2,0,11987.52,1,
3460,3,ISL,3,4,11987.52,1,
3460,4,ISL,4,5,11987.52,1,
3460,5,ISL,5,3,11987.52,1,
3460,6,ISL,0,3,8374.23,1,
3460,7,ISL,1,4,13123.93,1,
3460,8,ISL,2,5,9853.01,1,
3460,45,GSL,0,6,8580.34,0,-37.34
3460,46,GSL,1,6,13077.55,0,-79.25
3460,47,GSL,2,6,4563.45,0,-13.44
3460,48,GSL,3,6,10115.38,0,-47.49
3460,49,GSL,4,6,4871.98,0,-15.34
3460,50,GSL,5,6,11807.31,0,-61.41
3460,51,GSL,0,7,10490.6,0,-50.23
3460,52,GSL,1,7,2130.6,0,5.86
3460,53,GSL,2,7,12283.22,0,-66.53
3460,54,GSL,3,7,9750.32,0,-44.94
3460,55,GSL,4,7,12008.95,0,-63.47
3460,56,GSL,5,7,5117.23,0,-16.83
3470,0,ISL,0,1,11987.52,1,
3470,1,ISL,1,2,11987.52,1,
3470,2,ISL,2,0,11987.52,1,
3470,3,ISL,3,4,11987.52,1,
3470,4,ISL,4,5,11987.52,1,
3470,5,ISL,5,3,11987.52,1,
3470,6,ISL,0,3,8317.85,1,
3470,7,ISL,1,4,13110.38,1,
3470,8,ISL,2,5,9918.59,1,
3470,45,GSL,0,6,8633.58,0,-37.67
3470,46,GSL,1,6,13064.98,0,-78.94
3470,47,GSL,2,6,4498.6,0,-13.03
3470,48,GSL,3,6,10080.31,0,-47.24
3470,49,GSL,4,6,4892.81,0,-15.47
3470,50,GSL,5,6,11828.67,0,-61.62
3470,51,GSL,0,7,10448.36,0,-49.91
3470,52,GSL,1,7,2187.49,0,5.2
3470,53,GSL,2,7,12309.19,0,-66.84
3470,54,GSL,3,7,9787.24,0,-45.19
3470,55,GSL,4,7,11992.44,0,-63.3
3470,56,GSL,5,7,5085.35,0,-16.64
3480,0,ISL,0,1,11987.52,1,
3480,1,ISL,1,2,11987.52,1,
3480,2,ISL,2,0,11987.52,1,
3480,3,ISL,3,4,11987.52,1,
3480,4,ISL,4,5,11987.52,1,
3480,5,ISL,5,3,11987.52,1,
3480,6,ISL,0,3,8262.36,1,
3480,7,ISL,1,4,13095.74,1,
3480,8,ISL,2,5,9984.1,1,
3480,45,GSL,0,6,8686.57,0,-38.0
3480,46,GSL,1,6,13052.04,0,-78.63
3480,47,GSL,2,6,4433.66,0,-12.62
3480,48,GSL,3,6,10045.01,0,-46.99
3480,49,GSL,4,6,4914.32,0,-15.6
3480,50,GSL,5,6,11849.76,0,-61.83
3480,51,GSL,0,7,10405.83,0,-49.6
3480,52,GSL,1,7,2244.99,0,4.55
3480,53,GSL,2,7,12334.84,0,-67.15
3480,54,GSL,3,7,9824.02,0,-45.45
3480,55,GSL,4,7,11975.64,0,-63.12
3480,56,GSL,5,7,5053.94,0,-16.45
3490,0,ISL,0,1,11987.52,1,
3490,1,ISL,1,2,11987.52,1,
3490,2,ISL,2,0,11987.52,1,
3490,3,ISL,3,4,11987.52,1,
3490,4,ISL,4,5,11987.52,1,
3490,5,ISL,5,3,11987.52,1,
3490,6,ISL,0,3,8207.81,1,
3490,7,ISL,1,4,13080.01,1,
3490,8,ISL,2,5,10049.5,1,
3490,45,GSL,0,6,8739.33,0,-38.33
3490,46,GSL,1,6,13038.74,0,-78.32
3490,47,GSL,2,6,4368.64,0,-12.21
3490,48,GSL,3,6,10009.48,0,-46.74
3490,49,GSL,4,6,4936.5,0,-15.74
3490,50,GSL,5,6,11870.59,0,-62.04
3490,51,GSL,0,7,10363.02,0,-49.28
3490,52,GSL,1,7,2303.06,0,3.92
3490,53,GSL,2,7,12360.15,0,-67.46
3490,54,GSL,3,7,9860.66,0,-45.7
3490,55,GSL,4,7,11958.54,0,-62.94
3490,56,GSL,5,7,5023.0,0,-16.26
3500,0,ISL,0,1,11987.52,1,
3500,1,ISL,1,2,11987.52,1,
3500,2,ISL,2,0,11987.52,1,
3500,3,ISL,3,4,11987.52,1,
3500,4,ISL,4,5,11987.52,1,
3500,5,ISL,5,3,11987.52,1,
3500,6,ISL,0,3,8154.25,1,
3500,7,ISL,1,4,13063.19,1,
3500,8,ISL,2,5,10114.76,1,
3500,45,GSL,0,6,8791.84,0,-38.66
3500,46,GSL,1,6,13025.08,0,-78.01
3500,47,GSL,2,6,4303.53,0,-11.8
3500,48,GSL,3,6,9973.73,0,-46.49
3500,49,GSL,4,6,4959.35,0,-15.87
3500,50,GSL,5,6,11891.14,0,-62.25
3500,51,GSL,0,7,10319.92,0,-48.97
3500,52,GSL,1,7,2361.64,0,3.3
3500,53,GSL,2,7,12385.13,0,-67.77
3500,54,GSL,3,7,9897.14,0,-45.95
3500,55,GSL,4,7,11941.14,0,-62.76
3500,56,GSL,5,7,4992.54,0,-16.08
3510,0,ISL,0,1,11987.52,1,
3510,1,ISL,1,2,11987.52,1,
3510,2,ISL,2,0,11987.52,1,
3510,3,ISL,3,4,11987.52,1,
3510,4,ISL,4,5,11987.52,1,
3510,5,ISL,5,3,11987.52,1,
3510,6,ISL,0,3,8101.72,1,
3510,7,ISL,1,4,13045.29,1,
3510,8,ISL,2,5,10179.87,1,
3510,45,GSL,0,6,8844.11,0,-38.99
3510,46,GSL,1,6,13011.06,0,-77.69
3510,47,GSL,2,6,4238.36,0,-11.38
3510,48,GSL,3,6,9937.75,0,-46.24
3510,49,GSL,4,6,4982.85,0,-16.02
3510,50,GSL,5,6,11911.42,0,-62.46
3510,51,GSL,0,7,10276.54,0,-48.65
3510,52,GSL,1,7,2420.7,0,2.7
3510,53,GSL,2,7,12409.78,0,-68.08
3510,54,GSL,3,7,9933.47,0,-46.21
3510,55,GSL,4,7,11923.44,0,-62.58
3510,56,GSL,5,7,4962.59,0,-15.89
3520,0,ISL,0,1,11987.52,1,
3520,1,ISL,1,2,11987.52,1,
3520,2,ISL,2,0,11987.52,1,
3520,3,ISL,3,4,11987.52,1,
3520,4,ISL,4,5,11987.52,1,
3520,5,ISL,5,3,11987.52,1,
3520,6,ISL,0,3,8050.26,1,
3520,7,ISL,1,4,13026.32,1,
3520,8,ISL,2,5,10244.78,1,
3520,45,GSL,0,6,8896.14,0,-39.32
3520,46,GSL,1,6,12996.68,0,-77.38
3520,47,GSL,2,6,4173.11,0,-10.95
3520,48,GSL,3,6,9901.55,0,-45.98
3520,49,GSL,4,6,5006.99,0,-16.16
3520,50,GSL,5,6,11931.43,0,-62.66
3520,51,GSL,0,7,10232.87,0,-48.33
3520,52,GSL,1,7,2480.19,0,2.1
3520,53,GSL,2,7,12434.09,0,-68.39
3520,54,GSL,3,7,9969.64,0,-46.46
3520,55,GSL,4,7,11905.45,0,-62.39
3520,56,GSL,5,7,4933.15,0,-15.72
3530,0,ISL,0,1,11987.52,1,
3530,1,ISL,1,2,11987.52,1,
3530,2,ISL,2,0,11987.52,1,
3530,3,ISL,3,4,11987.52,1,
3530,4,ISL,4,5,11987.52,1,
3530,5,ISL,5,3,11987.52,1,
3530,6,ISL,0,3,7999.92,1,
3530,7,ISL,1,4,13006.27,1,
3530,8,ISL,2,5,10309.48,1,
3530,45,GSL,0,6,8947.92,0,-39.65
3530,46,GSL,1,6,12981.93,0,-77.07
3530,47,GSL,2,6,4107.79,0,-10.53
3530,48,GSL,3,6,9865.13,0,-45.73
3530,49,GSL,4,6,5031.76,0,-16.31
3530,50,GSL,5,6,11951.16,0,-62.86
3530,51,GSL,0,7,10188.92,0,-48.02
3530,52,GSL,1,7,2540.07,0,1.52
3530,53,GSL,2,7,12458.07,0,-68.7
3530,54,GSL,3,7,10005.66,0,-46.71
3530,55,GSL,4,7,11887.17,0,-62.21
3530,56,GSL,5,7,4904.24,0,-15.54
3540,0,ISL,0,1,11987.52,1,
3540,1,ISL,1,2,11987.52,1,
3540,2,ISL,2,0,11987.52,1,
3540,3,ISL,3,4,11987.52,1,
3540,4,ISL,4,5,11987.52,1,
3540,5,ISL,5,3,11987.52,1,
3540,6,ISL,0,3,7950.76,1,
3540,7,ISL,1,4,12985.15,1,
3540,8,ISL,2,5,10373.93,1,
3540,45,GSL,0,6,8999.45,0,-39.98
3540,46,GSL,1,6,12966.83,0,-76.75
3540,47,GSL,2,6,4042.41,0,-10.1
3540,48,GSL,3,6,9828.49,0,-45.48
3540,49,GSL,4,6,5057.15,0,-16.47
3540,50,GSL,5,6,11970.62,0,-63.07
3540,51,GSL,0,7,10144.69,0,-47.7
3540,52,GSL,1,7,2600.32,0,0.95
3540,53,GSL,2,7,12481.71,0,-69.0
3540,54,GSL,3,7,10041.52,0,-46.96
3540,55,GSL,4,7,11868.59,0,-62.02
3540,56,GSL,5,7,4875.88,0,-15.37
3550,0,ISL,0,1,11987.52,1,
3550,1,ISL,1,2,11987.52,1,
3550,2,ISL,2,0,11987.52,1,
3550,3,ISL,3,4,11987.52,1,
3550,4,ISL,4,5,11987.52,1,
3550,5,ISL,5,3,11987.52,1,
3550,6,ISL,0,3,7902.8,1,
3550,7,ISL,1,4,12962.97,1,
3550,8,ISL,2,5,10438.11,1,
3550,45,GSL,0,6,9050.73,0,-40.31
3550,46,GSL,1,6,12951.36,0,-76.44
3550,47,GSL,2,6,3976.97,0,-9.66
3550,48,GSL,3,6,9791.63,0,-45.22
3550,49,GSL,4,6,5083.15,0,-16.62
3550,50,GSL,5,6,11989.8,0,-63.27
3550,51,GSL,0,7,10100.19,0,-47.38
3550,52,GSL,1,7,2660.9,0,0.39
3550,53,GSL,2,7,12505.02,0,-69.31
3550,54,GSL,3,7,10077.21,0,-47.22
3550,55,GSL,4,7,11849.71,0,-61.83
3550,56,GSL,5,7,4848.06,0,-15.2
3560,0,ISL,0,1,11987.52,1,
3560,1,ISL,1,2,11987.52,1,
3560,2,ISL,2,0,11987.52,1,
3560,3,ISL,3,4,11987.52,1,
3560,4,ISL,4,5,11987.52,1,
3560,5,ISL,5,3,11987.52,1,
3560,6,ISL,0,3,7856.11,1,
3560,7,ISL,1,4,12939.74,1,
3560,8,ISL,2,5,10502.0,1,
3560,45,GSL,0,6,9101.76,0,-40.64
3560,46,GSL,1,6,12935.54,0,-76.13
3560,47,GSL,2,6,3911.47,0,-9.22
3560,48,GSL,3,6,9754.56,0,-44.97
3560,49,GSL,4,6,5109.74,0,-16.78
3560,50,GSL,5,6,12008.7,0,-63.47
3560,51,GSL,0,7,10055.4,0,-47.06
3560,52,GSL,1,7,2721.79,0,-0.16
3560,53,GSL,2,7,12527.98,0,-69.62
3560,54,GSL,3,7,10112.75,0,-47.47
3560,55,GSL,4,7,11830.54,0,-61.64
3560,56,GSL,5,7,4820.81,0,-15.03
3570,0,ISL,0,1,11987.52,1,
3570,1,ISL,1,2,11987.52,1,
3570,2,ISL,2,0,11987.52,1,
3570,3,ISL,3,4,11987.52,1,
3570,4,ISL,4,5,11987.52,1,
3570,5,ISL,5,3,11987.52,1,
3570,6,ISL,0,3,7810.72,1,
3570,7,ISL,1,4,12915.45,1,
3570,8,ISL,2,5,10565.56,1,
3570,45,GSL,0,6,9152.53,0,-40.97
3570,46,GSL,1,6,12919.35,0,-75.81
3570,47,GSL,2,6,3845.92,0,-8.78
3570,48,GSL,3,6,9717.27,0,-44.71
3570,49,GSL,4,6,5136.91,0,-16.95
3570,50,GSL,5,6,12027.32,0,-63.66
3570,51,GSL,0,7,10010.34,0,-46.74
3570,52,GSL,1,7,2782.95,0,-0.7
3570,53,GSL,2,7,12550.61,0,-69.93
3570,54,GSL,3,7,10148.11,0,-47.72
3570,55,GSL,4,7,11811.08,0,-61.45
3570,56,GSL,5,7,4794.15,0,-14.87
3580,0,ISL,0,1,11987.52,1,
3580,1,ISL,1,2,11987.52,1,
3580,2,ISL,2,0,11987.52,1,
3580,3,ISL,3,4,11987.52,1,
3580,4,ISL,4,5,11987.52,1,
3580,5,ISL,5,3,11987.52,1,
3580,6,ISL,0,3,7766.68,1,
3580,7,ISL,1,4,12890.11,1,
3580,8,ISL,2,5,10628.78,1,
3580,45,GSL,0,6,9203.06,0,-41.29
3580,46,GSL,1,6,12902.81,0,-75.5
3580,47,GSL,2,6,3780.33,0,-8.33
3580,48,GSL,3,6,9679.77,0,-44.46
3580,49,GSL,4,6,5164.66,0,-17.11
3580,50,GSL,5,6,12045.66,0,-63.86
3580,51,GSL,0,7,9965.01,0,-46.43
3580,52,GSL,1,7,2844.37,0,-1.23
3580,53,GSL,2,7,12572.9,0,-70.24
3580,54,GSL,3,7,10183.3,0,-47.97
3580,55,GSL,4,7,11791.33,0,-61.25
3580,56,GSL,5,7,4768.08,0,-14.71
3590,0,ISL,0,1,11987.52,1,
3590,1,ISL,1,2,11987.52,1,
3590,2,ISL,2,0,11987.52,1,
3590,3,ISL,3,4,11987.52,1,
3590,4,ISL,4,5,11987.52,1,
3590,5,ISL,5,3,11987.52,1,
3590,6,ISL,0,3,7724.03,1,
3590,7,ISL,1,4,12863.73,1,
3590,8,ISL,2,5,10691.63,1,
3590,45,GSL,0,6,9253.33,0,-41.62
3590,46,GSL,1,6,12885.91,0,-75.19
3590,47,GSL,2,6,3714.7,0,-7.88
3590,48,GSL,3,6,9642.06,0,-44.2
3590,49,GSL,4,6,5192.97,0,-17.28
3590,50,GSL,5,6,12063.73,0,-64.05
3590,51,GSL,0,7,9919.4,0,-46.11
3590,52,GSL,1,7,2906.01,0,-1.76
3590,53,GSL,2,7,12594.85,0,-70.54
3590,54,GSL,3,7,10218.33,0,-48.23
3590,55,GSL,4,7,11771.28,0,-61.05
3590,56,GSL,5,7,4742.61,0,-14.55
3600,0,ISL,0,1,11987.52,1,
3600,1,ISL,1,2,11987.52,1,
3600,2,ISL,2,0,11987.52,1,
3600,3,ISL,3,4,11987.52,1,
3600,4,ISL,4,5,11987.52,1,
3600,5,ISL,5,3,11987.52,1,
3600,6,ISL,0,3,7682.82,1,
3600,7,ISL,1,4,12836.32,1,
3600,8,ISL,2,5,10754.08,1,
3600,45,GSL,0,6,9303.34,0,-41.95
3600,46,GSL,1,6,12868.65,0,-74.87
3600,47,GSL,2,6,3649.03,0,-7.42
3600,48,GSL,3,6,9604.14,0,-43.95
3600,49,GSL,4,6,5221.82,0,-17.45
3600,50,GSL,5,6,12081.5,0,-64.25
3600,51,GSL,0,7,9873.51,0,-45.79
3600,52,GSL,1,7,2967.87,0,-2.27
3600,53,GSL,2,7,12616.46,0,-70.85
3600,54,GSL,3,7,10253.18,0,-48.48
3600,55,GSL,4,7,11750.94,0,-60.86
3600,56,GSL,5,7,4717.77,0,-14.4
3610,0,ISL,0,1,11987.52,1,
3610,1,ISL,1,2,11987.52,1,
3610,2,ISL,2,0,11987.52,1,
3610,3,ISL,3,4,11987.52,1,
3610,4,ISL,4,5,11987.52,1,
3610,5,ISL,5,3,11987.52,1,
3610,6,ISL,0,3,7643.09,1,
3610,7,ISL,1,4,12807.88,1,
3610,8,ISL,2,5,10816.12,1,
3610,45,GSL,0,6,9353.09,0,-42.28
3610,46,GSL,1,6,12851.03,0,-74.56
3610,47,GSL,2,6,3583.34,0,-6.96
3610,48,GSL,3,6,9566.01,0,-43.69
3610,49,GSL,4,6,5251.21,0,-17.63
3610,50,GSL,5,6,12099.0,0,-64.44
3610,51,GSL,0,7,9827.36,0,-45.47
3610,52,GSL,1,7,3029.92,0,-2.78
3610,53,GSL,2,7,12637.73,0,-71.16
3610,54,GSL,3,7,10287.85,0,-48.73
3610,55,GSL,4,7,11730.31,0,-60.66
3610,56,GSL,5,7,4693.57,0,-14.25
3620,0,ISL,0,1,11987.52,1,
3620,1,ISL,1,2,11987.52,1,
3620,2,ISL,2,0,11987.52,1,
3620,3,ISL,3,4,11987.52,1,
3620,4,ISL,4,5,11987.52,1,
3620,5,ISL,5,3,11987.52,1,
3620,6,ISL,0,3,7604.89,1,
3620,7,ISL,1,4,12778.42,1,
3620,8,ISL,2,5,10877.72,1,
3620,45,GSL,0,6,9402.58,0,-42.6
3620,46,GSL,1,6,12833.06,0,-74.25
3620,47,GSL,2,6,3517.62,0,-6.49
3620,48,GSL,3,6,9527.68,0,-43.43
3620,49,GSL,4,6,5281.13,0,-17.81
3620,50,GSL,5,6,12116.21,0,-64.63
3620,51,GSL,0,7,9780.93,0,-45.15
3620,52,GSL,1,7,3092.15,0,-3.27
3620,53,GSL,2,7,12658.66,0,-71.47
3620,54,GSL,3,7,10322.35,0,-48.98
3620,55,GSL,4,7,11709.39,0,-60.45
3620,56,GSL,5,7,4670.01,0,-14.1
3630,0,ISL,0,1,11987.52,1,
3630,1,ISL,1,2,11987.52,1,
3630,2,ISL,2,0,11987.52,1,
3630,3,ISL,3,4,11987.52,1,
3630,4,ISL,4,5,11987.52,1,
3630,5,ISL,5,3,11987.52,1,
3630,6,ISL,0,3,7568.25,1,
3630,7,ISL,1,4,12747.95,1,
3630,8,ISL,2,5,10938.86,1,
3630,45,GSL,0,6,9451.81,0,-42.93
3630,46,GSL,1,6,12814.73,0,-73.93
3630,47,GSL,2,6,3451.88,0,-6.01
3630,48,GSL,3,6,9489.15,0,-43.18
3630,49,GSL,4,6,5311.55,0,-17.99
3630,50,GSL,5,6,12133.14,0,-64.81
3630,51,GSL,0,7,9734.24,0,-44.83
3630,52,GSL,1,7,3154.53,0,-3.77
3630,53,GSL,2,7,12679.24,0,-71.77
3630,54,GSL,3,7,10356.66,0,-49.24
3630,55,GSL,4,7,11688.18,0,-60.25
3630,56,GSL,5,7,4647.12,0,-13.96
3640,0,ISL,0,1,11987.52,1,
3640,1,ISL,1,2,11987.52,1,
3640,2,ISL,2,0,11987.52,1,
3640,3,ISL,3,4,11987.52,1,
3640,4,ISL,4,5,11987.52,1,
3640,5,ISL,5,3,11987.52,1,
3640,6,ISL,0,3,7533.21,1,
3640,7,ISL,1,4,12716.47,1,
3640,8,ISL,2,5,10999.52,1,
3640,45,GSL,0,6,9500.78,0,-43.25
3640,46,GSL,1,6,12796.05,0,-73.62
3640,47,GSL,2,6,3386.13,0,-5.53
3640,48,GSL,3,6,9450.42,0,-42.92
3640,49,GSL,4,6,5342.48,0,-18.17
3640,50,GSL,5,6,12149.78,0,-65.0
3640,51,GSL,0,7,9687.28,0,-44.51
3640,52,GSL,1,7,3217.05,0,-4.25
3640,53,GSL,2,7,12699.48,0,-72.08
3640,54,GSL,3,7,10390.8,0,-49.49
3640,55,GSL,4,7,11666.67,0,-60.05
3640,56,GSL,5,7,4624.9,0,-13.82
3650,0,ISL,0,1,11987.52,1,
3650,1,ISL,1,2,11987.52,1,
3650,2,ISL,2,0,11987.52,1,
3650,3,ISL,3,4,11987.52,1,
3650,4,ISL,4,5,11987.52,1,
3650,5,ISL,5,3,11987.52,1,
3650,6,ISL,0,3,7499.82,1,
3650,7,ISL,1,4,12683.99,1,
3650,8,ISL,2,5,11059.67,1,
3650,45,GSL,0,6,9549.49,0,-43.58
3650,46,GSL,1,6,12777.01,0,-73.3
3650,47,GSL,2,6,3320.38,0,-5.04
3650,48,GSL,3,6,9411.49,0,-42.66
3650,49,GSL,4,6,5373.9,0,-18.36
3650,50,GSL,5,6,12166.13,0,-65.18
3650,51,GSL,0,7,9640.05,0,-44.19
3650,52,GSL,1,7,3279.7,0,-4.73
3650,53,GSL,2,7,12719.38,0,-72.39
3650,54,GSL,3,7,10424.75,0,-49.74
3650,55,GSL,4,7,11644.88,0,-59.84
3650,56,GSL,5,7,4603.36,0,-13.69
3660,0,ISL,0,1,11987.52,1,
3660,1,ISL,1,2,11987.52,1,
3660,2,ISL,2,0,11987.52,1,
3660,3,ISL,3,4,11987.52,1,
3660,4,ISL,4,5,11987.52,1,
3660,5,ISL,5,3,11987.52,1,
3660,6,ISL,0,3,7468.11,1,
3660,7,ISL,1,4,12650.52,1,
3660,8,ISL,2,5,11119.3,1,
3660,45,GSL,0,6,9597.93,0,-43.91
3660,46,GSL,1,6,12757.61,0,-72.99
3660,47,GSL,2,6,3254.64,0,-4.54
3660,48,GSL,3,6,9372.36,0,-42.4
3660,49,GSL,4,6,5405.8,0,-18.55
3660,50,GSL,5,6,12182.19,0,-65.36
3660,51,GSL,0,7,9592.55,0,-43.87
3660,52,GSL,1,7,3342.47,0,-5.2
3660,53,GSL,2,7,12738.94,0,-72.69
3660,54,GSL,3,7,10458.51,0,-49.99
3660,55,GSL,4,7,11622.8,0,-59.63
3660,56,GSL,5,7,4582.53,0,-13.56
3670,0,ISL,0,1,11987.52,1,
3670,1,ISL,1,2,11987.52,1,
3670,2,ISL,2,0,11987.52,1,
3670,3,ISL,3,4,11987.52,1,
3670,4,ISL,4,5,11987.52,1,
3670,5,ISL,5,3,11987.52,1,
3670,6,ISL,0,3,7438.13,1,
3670,7,ISL,1,4,12616.07,1,
3670,8,ISL,2,5,11178.39,1,
3670,45,GSL,0,6,9646.1,0,-44.23
3670,46,GSL,1,6,12737.87,0,-72.68
3670,47,GSL,2,6,3188.9,0,-4.03
3670,48,GSL,3,6,9333.04,0,-42.14
3670,49,GSL,4,6,5438.16,0,-18.74
3670,50,GSL,5,6,12197.97,0,-65.54
3670,51,GSL,0,7,9544.8,0,-43.55
3670,52,GSL,1,7,3405.33,0,-5.67
3670,53,GSL,2,7,12758.14,0,-73.0
3670,54,GSL,3,7,10492.08,0,-50.24
3670,55,GSL,4,7,11600.44,0,-59.42
3670,56,GSL,5,7,4562.42,0,-13.43
3680,0,ISL,0,1,11987.52,1,
3680,1,ISL,1,2,11987.52,1,
3680,2,ISL,2,0,11987.52,1,
3680,3,ISL,3,4,11987.52,1,
3680,4,ISL,4,5,11987.52,1,
3680,5,ISL,5,3,11987.52,1,
3680,6,ISL,0,3,7409.89,1,
3680,7,ISL,1,4,12580.64,1,
3680,8,ISL,2,5,11236.91,1,
3680,45,GSL,0,6,9694.01,0,-44.56
3680,46,GSL,1,6,12717.77,0,-72.36
3680,47,GSL,2,6,3123.18,0,-3.52
3680,48,GSL,3,6,9293.52,0,-41.88
3680,49,GSL,4,6,5470.98,0,-18.94
3680,50,GSL,5,6,12213.45,0,-65.72
3680,51,GSL,0,7,9496.78,0,-43.23
3680,52,GSL,1,7,3468.28,0,-6.13
3680,53,GSL,2,7,12777.01,0,-73.3
3680,54,GSL,3,7,10525.47,0,-50.49
3680,55,GSL,4,7,11577.78,0,-59.21
3680,56,GSL,5,7,4543.03,0,-13.31
3690,0,ISL,0,1,11987.52,1,
3690,1,ISL,1,2,11987.52,1,
3690,2,ISL,2,0,11987.52,1,
3690,3,ISL,3,4,11987.52,1,
3690,4,ISL,4,5,11987.52,1,
3690,5,ISL,5,3,11987.52,1,
3690,6,ISL,0,3,7383.45,1,
3690,7,ISL,1,4,12544.25,1,
3690,8,ISL,2,5,11294.85,1,
3690,45,GSL,0,6,9741.64,0,-44.88
3690,46,GSL,1,6,12697.31,0,-72.05
3690,47,GSL,2,6,3057.5,0,-3.0
3690,48,GSL,3,6,9253.82,0,-41.62
3690,49,GSL,4,6,5504.25,0,-19.13
3690,50,GSL,5,6,12228.65,0,-65.89
3690,51,GSL,0,7,9448.5,0,-42.91
3690,52,GSL,1,7,3531.31,0,-6.58
3690,53,GSL,2,7,12795.52,0,-73.61
3690,54,GSL,3,7,10558.66,0,-50.74
3690,55,GSL,4,7,11554.84,0,-59.0
3690,56,GSL,5,7,4524.38,0,-13.19
3700,0,ISL,0,1,11987.52,1,
3700,1,ISL,1,2,11987.52,1,
3700,2,ISL,2,0,11987.52,1,
3700,3,ISL,3,4,11987.52,1,
3700,4,ISL,4,5,11987.52,1,
3700,5,ISL,5,3,11987.52,1,
3700,6,ISL,0,3,7358.83,1,
3700,7,ISL,1,4,12506.9,1,
3700,8,ISL,2,5,11352.19,1,
3700,45,GSL,0,6,9789.01,0,-45.21
3700,46,GSL,1,6,12676.51,0,-71.73
3700,47,GSL,2,6,2991.85,0,-2.47
3700,48,GSL,3,6,9213.92,0,-41.36
3700,49,GSL,4,6,5537.94,0,-19.33
3700,50,GSL,5,6,12243.55,0,-66.07
3700,51,GSL,0,7,9399.96,0,-42.58
3700,52,GSL,1,7,3594.41,0,-7.03
3700,53,GSL,2,7,12813.69,0,-73.91
3700,54,GSL,3,7,10591.66,0,-50.99
3700,55,GSL,4,7,11531.62,0,-58.79
3700,56,GSL,5,7,4506.48,0,-13.08
3710,0,ISL,0,1,11987.52,1,
3710,1,ISL,1,2,11987.52,1,
3710,2,ISL,2,0,11987.52,1,
3710,3,ISL,3,4,11987.52,1,
3710,4,ISL,4,5,11987.52,1,
3710,5,ISL,5,3,11987.52,1,
3710,6,ISL,0,3,7336.06,1,
3710,7,ISL,1,4,12468.61,1,
3710,8,ISL,2,5,11408.91,1,
3710,45,GSL,0,6,9836.1,0,-45.53
3710,46,GSL,1,6,12655.35,0,-71.42
3710,47,GSL,2,6,2926.24,0,-1.92
3710,48,GSL,3,6,9173.84,0,-41.1
3710,49,GSL,4,6,5572.06,0,-19.53
3710,50,GSL,5,6,12258.16,0,-66.24
3710,51,GSL,0,7,9351.16,0,-42.26
3710,52,GSL,1,7,3657.56,0,-7.48
3710,53,GSL,2,7,12831.51,0,-74.22
3710,54,GSL,3,7,10624.45,0,-51.24
3710,55,GSL,4,7,11508.1,0,-58.57
3710,56,GSL,5,7,4489.34,0,-12.97
3720,0,ISL,0,1,11987.52,1,
3720,1,ISL,1,2,11987.52,1,
3720,2,ISL,2,0,11987.52,1,
3720,3,ISL,3,4,11987.52,1,
3720,4,ISL,4,5,11987.52,1,
3720,5,ISL,5,3,11987.52,1,
3720,6,ISL,0,3,7315.17,1,
3720,7,ISL,1,4,12429.38,1,
3720,8,ISL,2,5,11464.99,1,
3720,45,GSL,0,6,9882.92,0,-45.85
3720,46,GSL,1,6,12633.84,0,-71.1
3720,47,GSL,2,6,2860.7,0,-1.37
3720,48,GSL,3,6,9133.58,0,-40.84
3720,49,GSL,4,6,5606.59,0,-19.74
3720,50,GSL,5,6,12272.47,0,-66.41
3720,51,GSL,0,7,9302.1,0,-41.94
3720,52,GSL,1,7,3720.76,0,-7.92
3720,53,GSL,2,7,12848.99,0,-74.52
3720,54,GSL,3,7,10657.06,0,-51.49
3720,55,GSL,4,7,11484.31,0,-58.36
3720,56,GSL,5,7,4472.97,0,-12.87
3730,0,ISL,0,1,11987.52,1,
3730,1,ISL,1,2,11987.52,1,
3730,2,ISL,2,0,11987.52,1,
3730,3,ISL,3,4,11987.52,1,
3730,4,ISL,4,5,11987.52,1,
3730,5,ISL,5,3,11987.52,1,
3730,6,ISL,0,3,7296.18,1,
3730,7,ISL,1,4,12389.22,1,
3730,8,ISL,2,5,11520.42,1,
3730,45,GSL,0,6,9929.47,0,-46.18
3730,46,GSL,1,6,12611.98,0,-70.79
3730,47,GSL,2,6,2795.23,0,-0.81
3730,48,GSL,3,6,9093.13,0,-40.58
3730,49,GSL,4,6,5641.51,0,-19.94
3730,50,GSL,5,6,12286.49,0,-66.57
3730,51,GSL,0,7,9252.79,0,-41.62
3730,52,GSL,1,7,3784.0,0,-8.36
3730,53,GSL,2,7,12866.11,0,-74.83
3730,54,GSL,3,7,10689.46,0,-51.74
3730,55,GSL,4,7,11460.23,0,-58.14
3730,56,GSL,5,7,4457.4,0,-12.77
3740,0,ISL,0,1,11987.52,1,
3740,1,ISL,1,2,11987.52,1,
3740,2,ISL,2,0,11987.52,1,
3740,3,ISL,3,4,11987.52,1,
3740,4,ISL,4,5,11987.52,1,
3740,5,ISL,5,3,11987.52,1,
3740,6,ISL,0,3,7279.13,1,
3740,7,ISL,1,4,12348.15,1,
3740,8,ISL,2,5,11575.18,1,
3740,45,GSL,0,6,9975.73,0,-46.5
3740,46,GSL,1,6,12589.77,0,-70.47
3740,47,GSL,2,6,2729.84,0,-0.23
3740,48,GSL,3,6,9052.51,0,-40.32
3740,49,GSL,4,6,5676.83,0,-20.15
3740,50,GSL,5,6,12300.22,0,-66.73
3740,51,GSL,0,7,9203.22,0,-41.29
3740,52,GSL,1,7,3847.27,0,-8.79
3740,53,GSL,2,7,12882.89,0,-75.13
3740,54,GSL,3,7,10721.65,0,-51.99
3740,55,GSL,4,7,11435.86,0,-57.92
3740,56,GSL,5,7,4442.61,0,-12.68
3750,0,ISL,0,1,11987.52,1,
3750,1,ISL,1,2,11987.52,1,
3750,2,ISL,2,0,11987.52,1,
3750,3,ISL,3,4,11987.52,1,
3750,4,ISL,4,5,11987.52,1,
3750,5,ISL,5,3,11987.52,1,
3750,6,ISL,0,3,7264.02,1,
3750,7,ISL,1,4,12306.17,1,
3750,8,ISL,2,5,11629.24,1,
3750,45,GSL,0,6,10021.73,0,-46.82
3750,46,GSL,1,6,12567.21,0,-70.16
3750,47,GSL,2,6,2664.55,0,0.36
3750,48,GSL,3,6,9011.71,0,-40.06
3750,49,GSL,4,6,5712.52,0,-20.36
3750,50,GSL,5,6,12313.65,0,-66.9
3750,51,GSL,0,7,9153.4,0,-40.97
3750,52,GSL,1,7,3910.56,0,-9.22
3750,53,GSL,2,7,12899.32,0,-75.44
3750,54,GSL,3,7,10753.65,0,-52.24
3750,55,GSL,4,7,11411.22,0,-57.7
3750,56,GSL,5,7,4428.64,0,-12.59
3760,0,ISL,0,1,11987.52,1,
3760,1,ISL,1,2,11987.52,1,
3760,2,ISL,2,0,11987.52,1,
3760,3,ISL,3,4,11987.52,1,
3760,4,ISL,4,5,11987.52,1,
3760,5,ISL,5,3,11987.52,1,
3760,6,ISL,0,3,7250.89,1,
3760,7,ISL,1,4,12263.3,1,
3760,8,ISL,2,5,11682.61,1,
3760,45,GSL,0,6,10067.44,0,-47.15
3760,46,GSL,1,6,12544.31,0,-69.84
3760,47,GSL,2,6,2599.37,0,0.96
3760,48,GSL,3,6,8970.73,0,-39.8
3760,49,GSL,4,6,5748.58,0,-20.57
3760,50,GSL,5,6,12326.78,0,-67.05
3760,51,GSL,0,7,9103.33,0,-40.65
3760,52,GSL,1,7,3973.86,0,-9.64
3760,53,GSL,2,7,12915.4,0,-75.74
3760,54,GSL,3,7,10785.43,0,-52.49
3760,55,GSL,4,7,11386.29,0,-57.48
3760,56,GSL,5,7,4415.48,0,-12.51
3770,0,ISL,0,1,11987.52,1,
3770,1,ISL,1,2,11987.52,1,
3770,2,ISL,2,0,11987.52,1,
3770,3,ISL,3,4,11987.52,1,
3770,4,ISL,4,5,11987.52,1,
3770,5,ISL,5,3,11987.52,1,
3770,6,ISL,0,3,7239.75,1,
3770,7,ISL,1,4,12219.54,1,
3770,8,ISL,2,5,11735.25,1,
3770,45,GSL,0,6,10112.87,0,-47.47
3770,46,GSL,1,6,12521.05,0,-69.53
3770,47,GSL,2,6,2534.32,0,1.58
3770,48,GSL,3,6,8929.59,0,-39.53
3770,49,GSL,4,6,5784.99,0,-20.78
3770,50,GSL,5,6,12339.61,0,-67.21
3770,51,GSL,0,7,9053.01,0,-40.32
3770,52,GSL,1,7,4037.17,0,-10.06
3770,53,GSL,2,7,12931.12,0,-76.04
3770,54,GSL,3,7,10817.01,0,-52.74
3770,55,GSL,4,7,11361.08,0,-57.26
3770,56,GSL,5,7,4403.15,0,-12.43
3780,0,ISL,0,1,11987.52,1,
3780,1,ISL,1,2,11987.52,1,
3780,2,ISL,2,0,11987.52,1,
3780,3,ISL,3,4,11987.52,1,
3780,4,ISL,4,5,11987.52,1,
3780,5,ISL,5,3,11987.52,1,
3780,6,ISL,0,3,7230.61,1,
3780,7,ISL,1,4,12174.91,1,
3780,8,ISL,2,5,11787.15,1,
3780,45,GSL,0,6,10158.02,0,-47.79
3780,46,GSL,1,6,12497.45,0,-69.21
3780,47,GSL,2,6,2469.42,0,2.21
3780,48,GSL,3,6,8888.27,0,-39.27
3780,49,GSL,4,6,5821.76,0,-21.0
3780,50,GSL,5,6,12352.15,0,-67.36
3780,51,GSL,0,7,9002.44,0,-40.0
3780,52,GSL,1,7,4100.48,0,-10.48
3780,53,GSL,2,7,12946.5,0,-76.34
3780,54,GSL,3,7,10848.38,0,-52.99
3780,55,GSL,4,7,11335.6,0,-57.04
3780,56,GSL,5,7,4391.65,0,-12.36
3790,0,ISL,0,1,11987.52,1,
3790,1,ISL,1,2,11987.52,1,
3790,2,ISL,2,0,11987.52,1,
3790,3,ISL,3,4,11987.52,1,
3790,4,ISL,4,5,11987.52,1,
3790,5,ISL,5,3,11987.52,1,
3790,6,ISL,0,3,7223.48,1,
3790,7,ISL,1,4,12129.43,1,
3790,8,ISL,2,5,11838.31,1,
3790,45,GSL,0,6,10202.89,0,-48.12
3790,46,GSL,1,6,12473.5,0,-68.9
3790,47,GSL,2,6,2404.68,0,2.86
3790,48,GSL,3,6,8846.78,0,-39.01
3790,49,GSL,4,6,5858.85,0,-21.22
3790,50,GSL,5,6,12364.38,0,-67.51
3790,51,GSL,0,7,8951.62,0,-39.68
3790,52,GSL,1,7,4163.78,0,-10.89
3790,53,GSL,2,7,12961.52,0,-76.65
3790,54,GSL,3,7,10879.54,0,-53.23
3790,55,GSL,4,7,11309.83,0,-56.81
3790,56,GSL,5,7,4381.0,0,-12.29
3800,0,ISL,0,1,11987.52,1,
3800,1,ISL,1,2,11987.52,1,
3800,2,ISL,2,0,11987.52,1,
3800,3,ISL,3,4,11987.52,1,
3800,4,ISL,4,5,11987.52,1,
3800,5,ISL,5,3,11987.52,1,
3800,6,ISL,0,3,7218.38,1,
3800,7,ISL,1,4,12083.09,1,
3800,8,ISL,2,5,11888.69,1,
3800,45,GSL,0,6,10247.47,0,-48.44
3800,46,GSL,1,6,12449.21,0,-68.58
3800,47,GSL,2,6,2340.12,0,3.53
3800,48,GSL,3,6,8805.13,0,-38.75
3800,49,GSL,4,6,5896.28,0,-21.43
3800,50,GSL,5,6,12376.32,0,-67.66
3800,51,GSL,0,7,8900.56,0,-39.35
3800,52,GSL,1,7,4227.07,0,-11.3
3800,53,GSL,2,7,12976.19,0,-76.95
3800,54,GSL,3,7,10910.48,0,-53.48
3800,55,GSL,4,7,11283.78,0,-56.59
3800,56,GSL,5,7,4371.2,0,-12.23
3810,0,ISL,0,1,11987.52,1,
3810,1,ISL,1,2,11987.52,1,
3810,2,ISL,2,0,11987.52,1,
3810,3,ISL,3,4,11987.52,1,
3810,4,ISL,4,5,11987.52,1,
3810,5,ISL,5,3,11987.52,1,
3810,6,ISL,0,3,7215.31,1,
3810,7,ISL,1,4,12035.92,1,
3810,8,ISL,2,5,11938.3,1,
3810,45,GSL,0,6,10291.77,0,-48.76
3810,46,GSL,1,6,12424.57,0,-68.27
3810,47,GSL,2,6,2275.78,0,4.22
3810,48,GSL,3,6,8763.32,0,-38.48
3810,49,GSL,4,6,5934.02,0,-21.66
3810,50,GSL,5,6,12387.95,0,-67.8
3810,51,GSL,0,7,8849.25,0,-39.03
3810,52,GSL,1,7,4290.34,0,-11.71
3810,53,GSL,2,7,12990.51,0,-77.25
3810,54,GSL,3,7,10941.21,0,-53.73
3810,55,GSL,4,7,11257.46,0,-56.36
3810,56,GSL,5,7,4362.26,0,-12.17
3820,0,ISL,0,1,11987.52,1,
3820,1,ISL,1,2,11987.52,1,
3820,2,ISL,2,0,11987.52,1,
3820,3,ISL,3,4,11987.52,1,
3820,4,ISL,4,5,11987.52,1,
3820,5,ISL,5,3,11987.52,1,
3820,6,ISL,0,3,7214.27,1,
3820,7,ISL,1,4,11987.93,1,
3820,8,ISL,2,5,11987.11,1,
3820,45,GSL,0,6,10335.78,0,-49.08
3820,46,GSL,1,6,12399.59,0,-67.95
3820,47,GSL,2,6,2211.67,0,4.92
3820,48,GSL,3,6,8721.35,0,-38.22
3820,49,GSL,4,6,5972.06,0,-21.88
3820,50,GSL,5,6,12399.28,0,-67.95
3820,51,GSL,0,7,8797.7,0,-38.7
3820,52,GSL,1,7,4353.59,0,-12.12
3820,53,GSL,2,7,13004.47,0,-77.55
3820,54,GSL,3,7,10971.72,0,-53.98
3820,55,GSL,4,7,11230.86,0,-56.13
3820,56,GSL,5,7,4354.19,0,-12.12
3830,0,ISL,0,1,11987.52,1,
3830,1,ISL,1,2,11987.52,1,
3830,2,ISL,2,0,11987.52,1,
3830,3,ISL,3,4,11987.52,1,
3830,4,ISL,4,5,11987.52,1,
3830,5,ISL,5,3,11987.52,1,
3830,6,ISL,0,3,7215.27,1,
3830,7,ISL,1,4,11939.13,1,
3830,8,ISL,2,5,12035.12,1,
3830,45,GSL,0,6,10379.5,0,-49.4
3830,46,GSL,1,6,12374.26,0,-67.63
3830,47,GSL,2,6,2147.83,0,5.66
3830,48,GSL,3,6,8679.22,0,-37.96
3830,49,GSL,4,6,6010.4,0,-22.1
3830,50,GSL,5,6,12410.31,0,-68.08
3830,51,GSL,0,7,8745.91,0,-38.37
3830,52,GSL,1,7,4416.8,0,-12.52
3830,53,GSL,2,7,13018.08,0,-77.85
3830,54,GSL,3,7,11002.01,0,-54.22
3830,55,GSL,4,7,11203.98,0,-55.9
3830,56,GSL,5,7,4346.99,0,-12.07
3840,0,ISL,0,1,11987.52,1,
3840,1,ISL,1,2,11987.52,1,
3840,2,ISL,2,0,11987.52,1,
3840,3,ISL,3,4,11987.52,1,
3840,4,ISL,4,5,11987.52,1,
3840,5,ISL,5,3,11987.52,1,
3840,6,ISL,0,3,7218.31,1,
3840,7,ISL,1,4,11889.54,1,
3840,8,ISL,2,5,12082.3,1,
3840,45,GSL,0,6,10422.94,0,-49.73
3840,46,GSL,1,6,12348.59,0,-67.32
3840,47,GSL,2,6,2084.28,0,6.41
3840,48,GSL,3,6,8636.94,0,-37.69
3840,49,GSL,4,6,6049.03,0,-22.33
3840,50,GSL,5,6,12421.04,0,-68.22
3840,51,GSL,0,7,8693.88,0,-38.05
3840,52,GSL,1,7,4479.98,0,-12.92
3840,53,GSL,2,7,13031.34,0,-78.15
3840,54,GSL,3,7,11032.08,0,-54.47
3840,55,GSL,4,7,11176.83,0,-55.67
3840,56,GSL,5,7,4340.67,0,-12.03
3850,0,ISL,0,1,11987.52,1,
3850,1,ISL,1,2,11987.52,1,
3850,2,ISL,2,0,11987.52,1,
3850,3,ISL,3,4,11987.52,1,
3850,4,ISL,4,5,11987.52,1,
3850,5,ISL,5,3,11987.52,1,
3850,6,ISL,0,3,7223.38,1,
3850,7,ISL,1,4,11839.17,1,
3850,8,ISL,2,5,12128.65,1,
3850,45,GSL,0,6,10466.08,0,-50.05
3850,46,GSL,1,6,12322.58,0,-67.0
3850,47,GSL,2,6,2021.06,0,7.2
3850,48,GSL,3,6,8594.5,0,-37.43
3850,49,GSL,4,6,6087.94,0,-22.55
3850,50,GSL,5,6,12431.46,0,-68.35
3850,51,GSL,0,7,8641.61,0,-37.72
3850,52,GSL,1,7,4543.12,0,-13.31
3850,53,GSL,2,7,13044.24,0,-78.45
3850,54,GSL,3,7,11061.92,0,-54.71
3850,55,GSL,4,7,11149.4,0,-55.44
3850,56,GSL,5,7,4335.24,0,-12.0
3860,0,ISL,0,1,11987.52,1,
3860,1,ISL,1,2,11987.52,1,
3860,2,ISL,2,0,11987.52,1,
3860,3,ISL,3,4,11987.52,1,
3860,4,ISL,4,5,11987.52,1,
3860,5,ISL,5,3,11987.52,1,
3860,6,ISL,0,3,7230.47,1,
3860,7,ISL,1,4,11788.03,1,
3860,8,ISL,2,5,12174.15,1,
3860,45,GSL,0,6,10508.94,0,-50.37
3860,46,GSL,1,6,12296.23,0,-66.69
3860,47,GSL,2,6,1958.21,0,8.01
3860,48,GSL,3,6,8551.92,0,-37.16
3860,49,GSL,4,6,6127.11,0,-22.78
3860,50,GSL,5,6,12441.58,0,-68.48
3860,51,GSL,0,7,8589.1,0,-37.39
3860,52,GSL,1,7,4606.21,0,-13.71
3860,53,GSL,2,7,13056.79,0,-78.74
3860,54,GSL,3,7,11091.55,0,-54.96
3860,55,GSL,4,7,11121.7,0,-55.21
3860,56,GSL,5,7,4330.7,0,-11.97
3870,0,ISL,0,1,11987.52,1,
3870,1,ISL,1,2,11987.52,1,
3870,2,ISL,2,0,11987.52,1,
3870,3,ISL,3,4,11987.52,1,
3870,4,ISL,4,5,11987.52,1,
3870,5,ISL,5,3,11987.52,1,
3870,6,ISL,0,3,7239.58,1,
3870,7,ISL,1,4,11736.13,1,
3870,8,ISL,2,5,12218.79,1,
3870,45,GSL,0,6,10551.5,0,-50.69
3870,46,GSL,1,6,12269.54,0,-66.37
3870,47,GSL,2,6,1895.78,0,8.85
3870,48,GSL,3,6,8509.19,0,-36.9
3870,49,GSL,4,6,6166.54,0,-23.01
3870,50,GSL,5,6,12451.39,0,-68.61
3870,51,GSL,0,7,8536.36,0,-37.07
3870,52,GSL,1,7,4669.25,0,-14.1
3870,53,GSL,2,7,13068.98,0,-79.04
3870,54,GSL,3,7,11120.94,0,-55.2
3870,55,GSL,4,7,11093.73,0,-54.98
3870,56,GSL,5,7,4327.05,0,-11.95
3880,0,ISL,0,1,11987.52,1,
3880,1,ISL,1,2,11987.52,1,
3880,2,ISL,2,0,11987.52,1,
3880,3,ISL,3,4,11987.52,1,
3880,4,ISL,4,5,11987.52,1,
3880,5,ISL,5,3,11987.52,1,
3880,6,ISL,0,3,7250.69,1,
3880,7,ISL,1,4,11683.5,1,
3880,8,ISL,2,5,12262.56,1,
3880,45,GSL,0,6,10593.76,0,-51.01
3880,46,GSL,1,6,12242.51,0,-66.05
3880,47,GSL,2,6,1833.81,0,9.73
3880,48,GSL,3,6,8466.32,0,-36.63
3880,49,GSL,4,6,6206.22,0,-23.24
3880,50,GSL,5,6,12460.9,0,-68.73
3880,51,GSL,0,7,8483.38,0,-36.74
3880,52,GSL,1,7,4732.23,0,-14.49
3880,53,GSL,2,7,13080.82,0,-79.34
3880,54,GSL,3,7,11150.11,0,-55.45
3880,55,GSL,4,7,11065.49,0,-54.74
3880,56,GSL,5,7,4324.3,0,-11.93
3890,0,ISL,0,1,11987.52,1,
3890,1,ISL,1,2,11987.52,1,
3890,2,ISL,2,0,11987.52,1,
3890,3,ISL,3,4,11987.52,1,
3890,4,ISL,4,5,11987.52,1,
3890,5,ISL,5,3,11987.52,1,
3890,6,ISL,0,3,7263.78,1,
3890,7,ISL,1,4,11630.15,1,
3890,8,ISL,2,5,12305.45,1,
3890,45,GSL,0,6,10635.73,0,-51.33
3890,46,GSL,1,6,12215.14,0,-65.74
3890,47,GSL,2,6,1772.36,1,10.64
3890,48,GSL,3,6,8423.3,0,-36.37
3890,49,GSL,4,6,6246.15,0,-23.47
3890,50,GSL,5,6,12470.1,0,-68.85
3890,51,GSL,0,7,8430.17,0,-36.41
3890,52,GSL,1,7,4795.16,0,-14.87
3890,53,GSL,2,7,13092.3,0,-79.63
3890,54,GSL,3,7,11179.06,0,-55.69
3890,55,GSL,4,7,11036.97,0,-54.51
3890,56,GSL,5,7,4322.45,0,-11.92
3900,0,ISL,0,1,11987.52,1,
3900,1,ISL,1,2,11987.52,1,
3900,2,ISL,2,0,11987.52,1,
3900,3,ISL,3,4,11987.52,1,
3900,4,ISL,4,5,11987.52,1,
3900,5,ISL,5,3,11987.52,1,
3900,6,ISL,0,3,7278.85,1,
3900,7,ISL,1,4,11576.1,1,
3900,8,ISL,2,5,12347.45,1,
3900,45,GSL,0,6,10677.41,0,-51.65
3900,46,GSL,1,6,12187.43,0,-65.42
3900,47,GSL,2,6,1711.5,1,11.59
3900,48,GSL,3,6,8380.15,0,-36.1
3900,49,GSL,4,6,6286.3,0,-23.71
3900,50,GSL,5,6,12478.99,0,-68.97
3900,51,GSL,0,7,8376.73,0,-36.08
3900,52,GSL,1,7,4858.02,0,-15.26
3900,53,GSL,2,7,13103.42,0,-79.92
3900,54,GSL,3,7,11207.76,0,-55.93
3900,55,GSL,4,7,11008.19,0,-54.27
3900,56,GSL,5,7,4321.5,0,-11.91
3910,0,ISL,0,1,11987.52,1,
3910,1,ISL,1,2,11987.52,1,
3910,2,ISL,2,0,11987.52,1,
3910,3,ISL,3,4,11987.52,1,
3910,4,ISL,4,5,11987.52,1,
3910,5,ISL,5,3,11987.52,1,
3910,6,ISL,0,3,7295.88,1,
3910,7,ISL,1,4,11521.35,1,
3910,8,ISL,2,5,12388.53,1,
3910,45,GSL,0,6,10718.78,0,-51.97
3910,46,GSL,1,6,12159.38,0,-65.11
3910,47,GSL,2,6,1651.29,1,12.58
3910,48,GSL,3,6,8336.86,0,-35.84
3910,49,GSL,4,6,6326.68,0,-23.94
3910,50,GSL,5,6,12487.57,0,-69.08
3910,51,GSL,0,7,8323.06,0,-35.75
3910,52,GSL,1,7,4920.81,0,-15.64
3910,53,GSL,2,7,13114.19,0,-80.22
3910,54,GSL,3,7,11236.24,0,-56.18
3910,55,GSL,4,7,10979.14,0,-54.04
3910,56,GSL,5,7,4321.46,0,-11.91
3920,0,ISL,0,1,11987.52,1,
3920,1,ISL,1,2,11987.52,1,
3920,2,ISL,2,0,11987.52,1,
3920,3,ISL,3,4,11987.52,1,
3920,4,ISL,4,5,11987.52,1,
3920,5,ISL,5,3,11987.52,1,
3920,6,ISL,0,3,7314.83,1,
3920,7,ISL,1,4,11465.94,1,
3920,8,ISL,2,5,12428.71,1,
3920,45,GSL,0,6,10759.86,0,-52.29
3920,46,GSL,1,6,12131.0,0,-64.79
3920,47,GSL,2,6,1591.82,1,13.62
3920,48,GSL,3,6,8293.45,0,-35.57
3920,49,GSL,4,6,6367.27,0,-24.18
3920,50,GSL,5,6,12495.85,0,-69.19
3920,51,GSL,0,7,8269.16,0,-35.42
3920,52,GSL,1,7,4983.52,0,-16.02
3920,53,GSL,2,7,13124.6,0,-80.51
3920,54,GSL,3,7,11264.49,0,-56.42
3920,55,GSL,4,7,10949.82,0,-53.8
3920,56,GSL,5,7,4322.32,0,-11.92
3930,0,ISL,0,1,11987.52,1,
3930,1,ISL,1,2,11987.52,1,
3930,2,ISL,2,0,11987.52,1,
3930,3,ISL,3,4,11987.52,1,
3930,4,ISL,4,5,11987.52,1,
3930,5,ISL,5,3,11987.52,1,
3930,6,ISL,0,3,7335.69,1,
3930,7,ISL,1,4,11409.87,1,
3930,8,ISL,2,5,12467.95,1,
3930,45,GSL,0,6,10800.64,0,-52.61
3930,46,GSL,1,6,12102.28,0,-64.47
3930,47,GSL,2,6,1533.17,1,14.71
3930,48,GSL,3,6,8249.9,0,-35.3
3930,49,GSL,4,6,6408.07,0,-24.42
3930,50,GSL,5,6,12503.82,0,-69.3
3930,51,GSL,0,7,8215.04,0,-35.09
3930,52,GSL,1,7,5046.16,0,-16.4
3930,53,GSL,2,7,13134.65,0,-80.8
3930,54,GSL,3,7,11292.49,0,-56.66
3930,55,GSL,4,7,10920.23,0,-53.56
3930,56,GSL,5,7,4324.09,0,-11.93
3940,0,ISL,0,1,11987.52,1,
3940,1,ISL,1,2,11987.52,1,
3940,2,ISL,2,0,11987.52,1,
3940,3,ISL,3,4,11987.52,1,
3940,4,ISL,4,5,11987.52,1,
3940,5,ISL,5,3,11987.52,1,
3940,6,ISL,0,3,7358.43,1,
3940,7,ISL,1,4,11353.16,1,
3940,8,ISL,2,5,12506.26,1,
3940,45,GSL,0,6,10841.12,0,-52.93
3940,46,GSL,1,6,12073.23,0,-64.16
3940,47,GSL,2,6,1475.46,1,15.85
3940,48,GSL,3,6,8206.23,0,-35.04
3940,49,GSL,4,6,6449.07,0,-24.66
3940,50,GSL,5,6,12511.47,0,-69.4
3940,51,GSL,0,7,8160.69,0,-34.76
3940,52,GSL,1,7,5108.73,0,-16.78
3940,53,GSL,2,7,13144.34,0,-81.09
3940,54,GSL,3,7,11320.26,0,-56.9
3940,55,GSL,4,7,10890.38,0,-53.32
3940,56,GSL,5,7,4326.76,0,-11.94
3950,0,ISL,0,1,11987.52,1,
3950,1,ISL,1,2,11987.52,1,
3950,2,ISL,2,0,11987.52,1,
3950,3,ISL,3,4,11987.52,1,
3950,4,ISL,4,5,11987.52,1,
3950,5,ISL,5,3,11987.52,1,
3950,6,ISL,0,3,7383.02,1,
3950,7,ISL,1,4,11295.83,1,
3950,8,ISL,2,5,12543.62,1,
3950,45,GSL,0,6,10881.29,0,-53.25
3950,46,GSL,1,6,12043.84,0,-63.84
3950,47,GSL,2,6,1418.81,1,17.04
3950,48,GSL,3,6,8162.44,0,-34.77
3950,49,GSL,4,6,6490.25,0,-24.9
3950,50,GSL,5,6,12518.82,0,-69.5
3950,51,GSL,0,7,8106.11,0,-34.43
3950,52,GSL,1,7,5171.2,0,-17.15
3950,53,GSL,2,7,13153.68,0,-81.37
3950,54,GSL,3,7,11347.8,0,-57.14
3950,55,GSL,4,7,10860.26,0,-53.08
3950,56,GSL,5,7,4330.34,0,-11.97
3960,0,ISL,0,1,11987.52,1,
3960,1,ISL,1,2,11987.52,1,
3960,2,ISL,2,0,11987.52,1,
3960,3,ISL,3,4,11987.52,1,
3960,4,ISL,4,5,11987.52,1,
3960,5,ISL,5,3,11987.52,1,
3960,6,ISL,0,3,7409.43,1,
3960,7,ISL,1,4,11237.9,1,
3960,8,ISL,2,5,12580.03,1,
3960,45,GSL,0,6,10921.17,0,-53.57
3960,46,GSL,1,6,12014.12,0,-63.52
3960,47,GSL,2,6,1363.35,1,18.29
3960,48,GSL,3,6,8118.52,0,-34.5
3960,49,GSL,4,6,6531.62,0,-25.14
3960,50,GSL,5,6,12525.86,0,-69.59
3960,51,GSL,0,7,8051.32,0,-34.1
3960,52,GSL,1,7,5233.59,0,-17.52
3960,53,GSL,2,7,13162.65,0,-81.66
3960,54,GSL,3,7,11375.09,0,-57.38
3960,55,GSL,4,7,10829.88,0,-52.84
3960,56,GSL,5,7,4334.82,0,-12.0
3970,0,ISL,0,1,11987.52,1,
3970,1,ISL,1,2,11987.52,1,
3970,2,ISL,2,0,11987.52,1,
3970,3,ISL,3,4,11987.52,1,
3970,4,ISL,4,5,11987.52,1,
3970,5,ISL,5,3,11987.52,1,
3970,6,ISL,0,3,7437.63,1,
3970,7,ISL,1,4,11179.38,1,
3970,8,ISL,2,5,12615.47,1,
3970,45,GSL,0,6,10960.73,0,-53.89
3970,46,GSL,1,6,11984.07,0,-63.21
3970,47,GSL,2,6,1309.24,1,19.6
3970,48,GSL,3,6,8074.5,0,-34.24
3970,49,GSL,4,6,6573.17,0,-25.38
3970,50,GSL,5,6,12532.58,0,-69.68
3970,51,GSL,0,7,7996.3,0,-33.77
3970,52,GSL,1,7,5295.89,0,-17.9
3970,53,GSL,2,7,13171.27,0,-81.94
3970,54,GSL,3,7,11402.14,0,-57.62
3970,55,GSL,4,7,10799.24,0,-52.6
3970,56,GSL,5,7,4340.2,0,-12.03
3980,0,ISL,0,1,11987.52,1,
3980,1,ISL,1,2,11987.52,1,
3980,2,ISL,2,0,11987.52,1,
3980,3,ISL,3,4,11987.52,1,
3980,4,ISL,4,5,11987.52,1,
3980,5,ISL,5,3,11987.52,1,
3980,6,ISL,0,3,7467.59,1,
3980,7,ISL,1,4,11120.31,1,
3980,8,ISL,2,5,12649.94,1,
3980,45,GSL,0,6,10999.99,0,-54.21
3980,46,GSL,1,6,11953.68,0,-62.89
3980,47,GSL,2,6,1256.67,1,20.97
3980,48,GSL,3,6,8030.36,0,-33.97
3980,49,GSL,4,6,6614.88,0,-25.62
3980,50,GSL,5,6,12539.0,0,-69.77
3980,51,GSL,0,7,7941.07,0,-33.43
3980,52,GSL,1,7,5358.09,0,-18.27
3980,53,GSL,2,7,13179.53,0,-82.22
3980,54,GSL,3,7,11428.94,0,-57.86
3980,55,GSL,4,7,10768.34,0,-52.36
3980,56,GSL,5,7,4346.48,0,-12.07
3990,0,ISL,0,1,11987.52,1,
3990,1,ISL,1,2,11987.52,1,
3990,2,ISL,2,0,11987.52,1,
3990,3,ISL,3,4,11987.52,1,
3990,4,ISL,4,5,11987.52,1,
3990,5,ISL,5,3,11987.52,1,
3990,6,ISL,0,3,7499.27,1,
3990,7,ISL,1,4,11060.68,1,
3990,8,ISL,2,5,12683.43,1,
3990,45,GSL,0,6,11038.95,0,-54.53
3990,46,GSL,1,6,11922.97,0,-62.57
3990,47,GSL,2,6,1205.83,1,22.41
3990,48,GSL,3,6,7986.11,0,-33.7
3990,49,GSL,4,6,6656.75,0,-25.86
3990,50,GSL,5,6,12545.1,0,-69.85
3990,51,GSL,0,7,7885.62,0,-33.1
3990,52,GSL,1,7,5420.19,0,-18.63
3990,53,GSL,2,7,13187.43,0,-82.5
3990,54,GSL,3,7,11455.5,0,-58.1
3990,55,GSL,4,7,10737.17,0,-52.11
3990,56,GSL,5,7,4353.64,0,-12.12
4000,0,ISL,0,1,11987.52,1,
4000,1,ISL,1,2,11987.52,1,
4000,2,ISL,2,0,11987.52,1,
4000,3,ISL,3,4,11987.52,1,
4000,4,ISL,4,5,11987.52,1,
4000,5,ISL,5,3,11987.52,1,
4000,6,ISL,0,3,7532.63,1,
4000,7,ISL,1,4,11000.54,1,
4000,8,ISL,2,5,12715.92,1,
4000,45,GSL,0,6,11077.6,0,-54.84
4000,46,GSL,1,6,11891.93,0,-62.26
4000,47,GSL,2,6,1156.97,1,23.9
4000,48,GSL,3,6,7941.75,0,-33.44
4000,49,GSL,4,6,6698.77,0,-26.11
4000,50,GSL,5,6,12550.88,0,-69.93
4000,51,GSL,0,7,7829.95,0,-32.77
4000,52,GSL,1,7,5482.19,0,-19.0
4000,53,GSL,2,7,13194.96,0,-82.78
4000,54,GSL,3,7,11481.82,0,-58.33
4000,55,GSL,4,7,10705.75,0,-51.87
4000,56,GSL,5,7,4361.7,0,-12.17
4010,0,ISL,0,1,11987.52,1,
4010,1,ISL,1,2,11987.52,1,
4010,2,ISL,2,0,11987.52,1,
4010,3,ISL,3,4,11987.52,1,
4010,4,ISL,4,5,11987.52,1,
4010,5,ISL,5,3,11987.52,1,
4010,6,ISL,0,3,7567.64,1,
4010,7,ISL,1,4,10939.89,1,
4010,8,ISL,2,5,12747.42,1,
4010,45,GSL,0,6,11115.94,0,-55.16
4010,46,GSL,1,6,11860.55,0,-61.94
4010,47,GSL,2,6,1110.35,1,25.44
4010,48,GSL,3,6,7897.3,0,-33.17
4010,49,GSL,4,6,6740.94,0,-26.35
4010,50,GSL,5,6,12556.36,0,-70.01
4010,51,GSL,0,7,7774.07,0,-32.43
4010,52,GSL,1,7,5544.09,0,-19.37
4010,53,GSL,2,7,13202.14,0,-83.05
4010,54,GSL,3,7,11507.89,0,-58.57
4010,55,GSL,4,7,10674.06,0,-51.62
4010,56,GSL,5,7,4370.64,0,-12.22
4020,0,ISL,0,1,11987.52,1,
4020,1,ISL,1,2,11987.52,1,
4020,2,ISL,2,0,11987.52,1,
4020,3,ISL,3,4,11987.52,1,
4020,4,ISL,4,5,11987.52,1,
4020,5,ISL,5,3,11987.52,1,
4020,6,ISL,0,3,7604.25,1,
4020,7,ISL,1,4,10878.76,1,
4020,8,ISL,2,5,12777.91,1,
4020,45,GSL,0,6,11153.96,0,-55.48
4020,46,GSL,1,6,11828.85,0,-61.62
4020,47,GSL,2,6,1066.27,1,27.03
4020,48,GSL,3,6,7852.74,0,-32.9
4020,49,GSL,4,6,6783.24,0,-26.6
4020,50,GSL,5,6,12561.52,0,-70.08
4020,51,GSL,0,7,7717.98,0,-32.1
4020,52,GSL,1,7,5605.88,0,-19.73
4020,53,GSL,2,7,13208.96,0,-83.32
4020,54,GSL,3,7,11533.71,0,-58.81
4020,55,GSL,4,7,10642.13,0,-51.38
4020,56,GSL,5,7,4380.46,0,-12.29
4030,0,ISL,0,1,11987.52,1,
4030,1,ISL,1,2,11987.52,1,
4030,2,ISL,2,0,11987.52,1,
4030,3,ISL,3,4,11987.52,1,
4030,4,ISL,4,5,11987.52,1,
4030,5,ISL,5,3,11987.52,1,
4030,6,ISL,0,3,7642.43,1,
4030,7,ISL,1,4,10817.17,1,
4030,8,ISL,2,5,12807.39,1,
4030,45,GSL,0,6,11191.68,0,-55.8
4030,46,GSL,1,6,11796.83,0,-61.3
4030,47,GSL,2,6,1025.07,1,28.64
4030,48,GSL,3,6,7808.09,0,-32.64
4030,49,GSL,4,6,6825.67,0,-26.85
4030,50,GSL,5,6,12566.36,0,-70.15
4030,51,GSL,0,7,7661.68,0,-31.76
4030,52,GSL,1,7,5667.55,0,-20.09
4030,53,GSL,2,7,13215.41,0,-83.59
4030,54,GSL,3,7,11559.27,0,-59.04
4030,55,GSL,4,7,10609.93,0,-51.13
4030,56,GSL,5,7,4391.15,0,-12.35
4040,0,ISL,0,1,11987.52,1,
4040,1,ISL,1,2,11987.52,1,
4040,2,ISL,2,0,11987.52,1,
4040,3,ISL,3,4,11987.52,1,
4040,4,ISL,4,5,11987.52,1,
4040,5,ISL,5,3,11987.52,1,
4040,6,ISL,0,3,7682.14,1,
4040,7,ISL,1,4,10755.14,1,
4040,8,ISL,2,5,12835.85,1,
4040,45,GSL,0,6,11229.09,0,-56.12
4040,46,GSL,1,6,11764.48,0,-60.99
4040,47,GSL,2,6,987.1,1,30.25
4040,48,GSL,3,6,7763.35,0,-32.37
4040,49,GSL,4,6,6868.23,0,-27.1
4040,50,GSL,5,6,12570.9,0,-70.21
4040,51,GSL,0,7,7605.17,0,-31.43
4040,52,GSL,1,7,5729.12,0,-20.46
4040,53,GSL,2,7,13221.51,0,-83.85
4040,54,GSL,3,7,11584.59,0,-59.28
4040,55,GSL,4,7,10577.48,0,-50.89
4040,56,GSL,5,7,4402.7,0,-12.43
4050,0,ISL,0,1,11987.52,1,
4050,1,ISL,1,2,11987.52,1,
4050,2,ISL,2,0,11987.52,1,
4050,3,ISL,3,4,11987.52,1,
4050,4,ISL,4,5,11987.52,1,
4050,5,ISL,5,3,11987.52,1,
4050,6,ISL,0,3,7723.32,1,
4050,7,ISL,1,4,10692.69,1,
4050,8,ISL,2,5,12863.28,1,
4050,45,GSL,0,6,11266.18,0,-56.43
4050,46,GSL,1,6,11731.8,0,-60.67
4050,47,GSL,2,6,952.77,1,31.83
4050,48,GSL,3,6,7718.52,0,-32.1
4050,49,GSL,4,6,6910.9,0,-27.35
4050,50,GSL,5,6,12575.11,0,-70.27
4050,51,GSL,0,7,7548.45,0,-31.09
4050,52,GSL,1,7,5790.56,0,-20.82
4050,53,GSL,2,7,13227.24,0,-84.1
4050,54,GSL,3,7,11609.65,0,-59.51
4050,55,GSL,4,7,10544.78,0,-50.64
4050,56,GSL,5,7,4415.12,0,-12.51
4060,0,ISL,0,1,11987.52,1,
4060,1,ISL,1,2,11987.52,1,
4060,2,ISL,2,0,11987.52,1,
4060,3,ISL,3,4,11987.52,1,
4060,4,ISL,4,5,11987.52,1,
4060,5,ISL,5,3,11987.52,1,
4060,6,ISL,0,3,7765.95,1,
4060,7,ISL,1,4,10629.85,1,
4060,8,ISL,2,5,12889.67,1,
4060,45,GSL,0,6,11302.96,0,-56.75
4060,46,GSL,1,6,11698.8,0,-60.35
4060,47,GSL,2,6,922.47,1,33.34
4060,48,GSL,3,6,7673.61,0,-31.83
4060,49,GSL,4,6,6953.69,0,-27.6
4060,50,GSL,5,6,12579.01,0,-70.32
4060,51,GSL,0,7,7491.52,0,-30.75
4060,52,GSL,1,7,5851.89,0,-21.17
4060,53,GSL,2,7,13232.62,0,-84.35
4060,54,GSL,3,7,11634.46,0,-59.74
4060,55,GSL,4,7,10511.82,0,-50.39
4060,56,GSL,5,7,4428.38,0,-12.59
4070,0,ISL,0,1,11987.52,1,
4070,1,ISL,1,2,11987.52,1,
4070,2,ISL,2,0,11987.52,1,
4070,3,ISL,3,4,11987.52,1,
4070,4,ISL,4,5,11987.52,1,
4070,5,ISL,5,3,11987.52,1,
4070,6,ISL,0,3,7809.96,1,
4070,7,ISL,1,4,10566.63,1,
4070,8,ISL,2,5,12915.03,1,
4070,45,GSL,0,6,11339.42,0,-57.07
4070,46,GSL,1,6,11665.47,0,-60.04
4070,47,GSL,2,6,896.62,1,34.72
4070,48,GSL,3,6,7628.62,0,-31.57
4070,49,GSL,4,6,6996.57,0,-27.85
4070,50,GSL,5,6,12582.6,0,-70.37
4070,51,GSL,0,7,7434.39,0,-30.42
4070,52,GSL,1,7,5913.09,0,-21.53
4070,53,GSL,2,7,13237.63,0,-84.6
4070,54,GSL,3,7,11659.01,0,-59.97
4070,55,GSL,4,7,10478.62,0,-50.14
4070,56,GSL,5,7,4442.48,0,-12.68
4080,0,ISL,0,1,11987.52,1,
4080,1,ISL,1,2,11987.52,1,
4080,2,ISL,2,0,11987.52,1,
4080,3,ISL,3,4,11987.52,1,
4080,4,ISL,4,5,11987.52,1,
4080,5,ISL,5,3,11987.52,1,
4080,6,ISL,0,3,7855.33,1,
4080,7,ISL,1,4,10503.08,1,
4080,8,ISL,2,5,12939.33,1,
4080,45,GSL,0,6,11375.56,0,-57.39
4080,46,GSL,1,6,11631.83,0,-59.72
4080,47,GSL,2,6,875.63,1,35.91
4080,48,GSL,3,6,7583.55,0,-31.3
4080,49,GSL,4,6,7039.55,0,-28.1
4080,50,GSL,5,6,12585.87,0,-70.42
4080,51,GSL,0,7,7377.06,0,-30.08
4080,52,GSL,1,7,5974.17,0,-21.89
4080,53,GSL,2,7,13242.28,0,-84.83
4080,54,GSL,3,7,11683.31,0,-60.2
4080,55,GSL,4,7,10445.16,0,-49.89
4080,56,GSL,5,7,4457.42,0,-12.77
4090,0,ISL,0,1,11987.52,1,
4090,1,ISL,1,2,11987.52,1,
4090,2,ISL,2,0,11987.52,1,
4090,3,ISL,3,4,11987.52,1,
4090,4,ISL,4,5,11987.52,1,
4090,5,ISL,5,3,11987.52,1,
4090,6,ISL,0,3,7902.0,1,
4090,7,ISL,1,4,10439.2,1,
4090,8,ISL,2,5,12962.59,1,
4090,45,GSL,0,6,11411.39,0,-57.7
4090,46,GSL,1,6,11597.86,0,-59.4
4090,47,GSL,2,6,859.84,1,36.85
4090,48,GSL,3,6,7538.42,0,-31.03
4090,49,GSL,4,6,7082.63,0,-28.35
4090,50,GSL,5,6,12588.82,0,-70.46
4090,51,GSL,0,7,7319.53,0,-29.74
4090,52,GSL,1,7,6035.12,0,-22.25
4090,53,GSL,2,7,13246.56,0,-85.06
4090,54,GSL,3,7,11707.34,0,-60.43
4090,55,GSL,4,7,10411.46,0,-49.64
4090,56,GSL,5,7,4473.18,0,-12.87
4100,0,ISL,0,1,11987.52,1,
4100,1,ISL,1,2,11987.52,1,
4100,2,ISL,2,0,11987.52,1,
4100,3,ISL,3,4,11987.52,1,
4100,4,ISL,4,5,11987.52,1,
4100,5,ISL,5,3,11987.52,1,
4100,6,ISL,0,3,7949.93,1,
4100,7,ISL,1,4,10375.02,1,
4100,8,ISL,2,5,12984.79,1,
4100,45,GSL,0,6,11446.9,0,-58.02
4100,46,GSL,1,6,11563.58,0,-59.08
4100,47,GSL,2,6,849.55,1,37.49
4100,48,GSL,3,6,7493.21,0,-30.76
4100,49,GSL,4,6,7125.78,0,-28.6
4100,50,GSL,5,6,12591.45,0,-70.5
4100,51,GSL,0,7,7261.8,0,-29.4
4100,52,GSL,1,7,6095.94,0,-22.6
4100,53,GSL,2,7,13250.49,0,-85.28
4100,54,GSL,3,7,11731.12,0,-60.66
4100,55,GSL,4,7,10377.5,0,-49.39
4100,56,GSL,5,7,4489.75,0,-12.98
4110,0,ISL,0,1,11987.52,1,
4110,1,ISL,1,2,11987.52,1,
4110,2,ISL,2,0,11987.52,1,
4110,3,ISL,3,4,11987.52,1,
4110,4,ISL,4,5,11987.52,1,
4110,5,ISL,5,3,11987.52,1,
4110,6,ISL,0,3,7999.08,1,
4110,7,ISL,1,4,10310.57,1,
4110,8,ISL,2,5,13005.92,1,
4110,45,GSL,0,6,11482.09,0,-58.34
4110,46,GSL,1,6,11528.97,0,-58.76
4110,47,GSL,2,6,844.96,1,37.79
4110,48,GSL,3,6,7447.94,0,-30.5
4110,49,GSL,4,6,7169.02,0,-28.86
4110,50,GSL,5,6,12593.77,0,-70.53
4110,51,GSL,0,7,7203.88,0,-29.06
4110,52,GSL,1,7,6156.62,0,-22.95
4110,53,GSL,2,7,13254.05,0,-85.49
4110,54,GSL,3,7,11754.63,0,-60.89
4110,55,GSL,4,7,10343.31,0,-49.14
4110,56,GSL,5,7,4507.13,0,-13.09
4120,0,ISL,0,1,11987.52,1,
4120,1,ISL,1,2,11987.52,1,
4120,2,ISL,2,0,11987.52,1,
4120,3,ISL,3,4,11987.52,1,
4120,4,ISL,4,5,11987.52,1,
4120,5,ISL,5,3,11987.52,1,
4120,6,ISL,0,3,8049.4,1,
4120,7,ISL,1,4,10245.88,1,
4120,8,ISL,2,5,13025.99,1,
4120,45,GSL,0,6,11516.97,0,-58.65
4120,46,GSL,1,6,11494.05,0,-58.45
4120,47,GSL,2,6,846.16,1,37.71
4120,48,GSL,3,6,7402.62,0,-30.23
4120,49,GSL,4,6,7212.32,0,-29.11
4120,50,GSL,5,6,12595.77,0,-70.56
4120,51,GSL,0,7,7145.76,0,-28.72
4120,52,GSL,1,7,6217.17,0,-23.31
4120,53,GSL,2,7,13257.25,0,-85.68
4120,54,GSL,3,7,11777.89,0,-61.12
4120,55,GSL,4,7,10308.86,0,-48.88
4120,56,GSL,5,7,4525.3,0,-13.2
4130,0,ISL,0,1,11987.52,1,
4130,1,ISL,1,2,11987.52,1,
4130,2,ISL,2,0,11987.52,1,
4130,3,ISL,3,4,11987.52,1,
4130,4,ISL,4,5,11987.52,1,
4130,5,ISL,5,3,11987.52,1,
4130,6,ISL,0,3,8100.83,1,
4130,7,ISL,1,4,10180.97,1,
4130,8,ISL,2,5,13044.98,1,
4130,45,GSL,0,6,11551.51,0,-58.97
4130,46,GSL,1,6,11458.81,0,-58.13
4130,47,GSL,2,6,853.14,1,37.27
4130,48,GSL,3,6,7357.24,0,-29.96
4130,49,GSL,4,6,7255.69,0,-29.36
4130,50,GSL,5,6,12597.45,0,-70.58
4130,51,GSL,0,7,7087.44,0,-28.38
4130,52,GSL,1,7,6277.58,0,-23.66
4130,53,GSL,2,7,13260.09,0,-85.86
4130,54,GSL,3,7,11800.87,0,-61.34
4130,55,GSL,4,7,10274.18,0,-48.63
4130,56,GSL,5,7,4544.26,0,-13.32
4140,0,ISL,0,1,11987.52,1,
4140,1,ISL,1,2,11987.52,1,
4140,2,ISL,2,0,11987.52,1,
4140,3,ISL,3,4,11987.52,1,
4140,4,ISL,4,5,11987.52,1,
4140,5,ISL,5,3,11987.52,1,
4140,6,ISL,0,3,8153.35,1,
4140,7,ISL,1,4,10115.87,1,
4140,8,ISL,2,5,13062.9,1,
4140,45,GSL,0,6,11585.74,0,-59.29
4140,46,GSL,1,6,11423.25,0,-57.81
4140,47,GSL,2,6,865.74,1,36.5
4140,48,GSL,3,6,7311.81,0,-29.69
4140,49,GSL,4,6,7299.12,0,-29.62
4140,50,GSL,5,6,12598.81,0,-70.6
4140,51,GSL,0,7,7028.93,0,-28.03
4140,52,GSL,1,7,6337.84,0,-24.01
4140,53,GSL,2,7,13262.56,0,-86.02
4140,54,GSL,3,7,11823.6,0,-61.57
4140,55,GSL,4,7,10239.25,0,-48.38
4140,56,GSL,5,7,4563.98,0,-13.44
4150,0,ISL,0,1,11987.52,1,
4150,1,ISL,1,2,11987.52,1,
4150,2,ISL,2,0,11987.52,1,
4150,3,ISL,3,4,11987.52,1,
4150,4,ISL,4,5,11987.52,1,
4150,5,ISL,5,3,11987.52,1,
4150,6,ISL,0,3,8206.9,1,
4150,7,ISL,1,4,10050.61,1,
4150,8,ISL,2,5,13079.73,1,
4150,45,GSL,0,6,11619.65,0,-59.6
4150,46,GSL,1,6,11387.38,0,-57.49
4150,47,GSL,2,6,883.73,1,35.44
4150,48,GSL,3,6,7266.33,0,-29.43
4150,49,GSL,4,6,7342.61,0,-29.88
4150,50,GSL,5,6,12599.85,0,-70.61
4150,51,GSL,0,7,6970.24,0,-27.69
4150,52,GSL,1,7,6397.97,0,-24.36
4150,53,GSL,2,7,13264.67,0,-86.17
4150,54,GSL,3,7,11846.05,0,-61.79
4150,55,GSL,4,7,10204.09,0,-48.12
4150,56,GSL,5,7,4584.47,0,-13.57
4160,0,ISL,0,1,11987.52,1,
4160,1,ISL,1,2,11987.52,1,
4160,2,ISL,2,0,11987.52,1,
4160,3,ISL,3,4,11987.52,1,
4160,4,ISL,4,5,11987.52,1,
4160,5,ISL,5,3,11987.52,1,
4160,6,ISL,0,3,8261.43,1,
4160,7,ISL,1,4,9985.21,1,
4160,8,ISL,2,5,13095.48,1,
4160,45,GSL,0,6,11653.22,0,-59.92
4160,46,GSL,1,6,11351.2,0,-57.17
4160,47,GSL,2,6,906.78,1,34.16
4160,48,GSL,3,6,7220.82,0,-29.16
4160,49,GSL,4,6,7386.14,0,-30.13
4160,50,GSL,5,6,12600.57,0,-70.63
4160,51,GSL,0,7,6911.35,0,-27.35
4160,52,GSL,1,7,6457.94,0,-24.71
4160,53,GSL,2,7,13266.42,0,-86.29
4160,54,GSL,3,7,11868.24,0,-62.02
4160,55,GSL,4,7,10168.68,0,-47.87
4160,56,GSL,5,7,4605.7,0,-13.7
4170,0,ISL,0,1,11987.52,1,
4170,1,ISL,1,2,11987.52,1,
4170,2,ISL,2,0,11987.52,1,
4170,3,ISL,3,4,11987.52,1,
4170,4,ISL,4,5,11987.52,1,
4170,5,ISL,5,3,11987.52,1,
4170,6,ISL,0,3,8316.9,1,
4170,7,ISL,1,4,9919.7,1,
4170,8,ISL,2,5,13110.14,1,
4170,45,GSL,0,6,11686.48,0,-60.23
4170,46,GSL,1,6,11314.7,0,-56.85
4170,47,GSL,2,6,934.51,1,32.72
4170,48,GSL,3,6,7175.26,0,-28.89
4170,49,GSL,4,6,7429.71,0,-30.39
4170,50,GSL,5,6,12600.98,0,-70.63
4170,51,GSL,0,7,6852.28,0,-27.0
4170,52,GSL,1,7,6517.77,0,-25.06
4170,53,GSL,2,7,13267.8,0,-86.4
4170,54,GSL,3,7,11890.16,0,-62.24
4170,55,GSL,4,7,10133.03,0,-47.61
4170,56,GSL,5,7,4627.67,0,-13.84
4180,0,ISL,0,1,11987.52,1,
4180,1,ISL,1,2,11987.52,1,
4180,2,ISL,2,0,11987.52,1,
4180,3,ISL,3,4,11987.52,1,
4180,4,ISL,4,5,11987.52,1,
4180,5,ISL,5,3,11987.52,1,
4180,6,ISL,0,3,8373.27,1,
4180,7,ISL,1,4,9854.12,1,
4180,8,ISL,2,5,13123.71,1,
4180,45,GSL,0,6,11719.41,0,-60.55
4180,46,GSL,1,6,11277.9,0,-56.54
4180,47,GSL,2,6,966.53,1,31.18
4180,48,GSL,3,6,7129.68,0,-28.62
4180,49,GSL,4,6,7473.32,0,-30.65
4180,50,GSL,5,6,12601.06,0,-70.63
4180,51,GSL,0,7,6793.02,0,-26.66
4180,52,GSL,1,7,6577.45,0,-25.4
4180,53,GSL,2,7,13268.82,0,-86.47
4180,54,GSL,3,7,11911.81,0,-62.46
4180,55,GSL,4,7,10097.15,0,-47.36
4180,56,GSL,5,7,4650.37,0,-13.98
4190,0,ISL,0,1,11987.52,1,
4190,1,ISL,1,2,11987.52,1,
4190,2,ISL,2,0,11987.52,1,
4190,3,ISL,3,4,11987.52,1,
4190,4,ISL,4,5,11987.52,1,
4190,5,ISL,5,3,11987.52,1,
4190,6,ISL,0,3,8430.49,1,
4190,7,ISL,1,4,9788.5,1,
4190,8,ISL,2,5,13136.18,1,
4190,45,GSL,0,6,11752.01,0,-60.87
4190,46,GSL,1,6,11240.78,0,-56.22
4190,47,GSL,2,6,1002.41,1,29.58
4190,48,GSL,3,6,7084.07,0,-28.36
4190,49,GSL,4,6,7516.97,0,-30.9
4190,50,GSL,5,6,12600.82,0,-70.63
4190,51,GSL,0,7,6733.59,0,-26.31
4190,52,GSL,1,7,6636.97,0,-25.75
4190,53,GSL,2,7,13269.48,0,-86.52
4190,54,GSL,3,7,11933.19,0,-62.68
4190,55,GSL,4,7,10061.04,0,-47.1
4190,56,GSL,5,7,4673.77,0,-14.13
4200,0,ISL,0,1,11987.52,1,
4200,1,ISL,1,2,11987.52,1,
4200,2,ISL,2,0,11987.52,1,
4200,3,ISL,3,4,11987.52,1,
4200,4,ISL,4,5,11987.52,1,
4200,5,ISL,5,3,11987.52,1,
4200,6,ISL,0,3,8488.52,1,
4200,7,ISL,1,4,9722.86,1,
4200,8,ISL,2,5,13147.55,1,
4200,45,GSL,0,6,11784.28,0,-61.18
4200,46,GSL,1,6,11203.35,0,-55.9
4200,47,GSL,2,6,1041.76,1,27.97
4200,48,GSL,3,6,7038.44,0,-28.09
4200,49,GSL,4,6,7560.64,0,-31.16
4200,50,GSL,5,6,12600.27,0,-70.62
4200,51,GSL,0,7,6673.97,0,-25.96
4200,52,GSL,1,7,6696.34,0,-26.09
4200,53,GSL,2,7,13269.77,0,-86.55
4200,54,GSL,3,7,11954.29,0,-62.9
4200,55,GSL,4,7,10024.69,0,-46.85
4200,56,GSL,5,7,4697.88,0,-14.27
4210,0,ISL,0,1,11987.52,1,
4210,1,ISL,1,2,11987.52,1,
4210,2,ISL,2,0,11987.52,1,
4210,3,ISL,3,4,11987.52,1,
4210,4,ISL,4,5,11987.52,1,
4210,5,ISL,5,3,11987.52,1,
4210,6,ISL,0,3,8547.31,1,
4210,7,ISL,1,4,9657.24,1,
4210,8,ISL,2,5,13157.83,1,
4210,45,GSL,0,6,11816.23,0,-61.5
4210,46,GSL,1,6,11165.62,0,-55.58
4210,47,GSL,2,6,1084.18,1,26.37
4210,48,GSL,3,6,6992.79,0,-27.82
4210,49,GSL,4,6,7604.33,0,-31.42
4210,50,GSL,5,6,12599.39,0,-70.61
4210,51,GSL,0,7,6614.17,0,-25.62
4210,52,GSL,1,7,6755.54,0,-26.44
4210,53,GSL,2,7,13269.7,0,-86.54
4210,54,GSL,3,7,11975.13,0,-63.11
4210,55,GSL,4,7,9988.11,0,-46.59
4210,56,GSL,5,7,4722.67,0,-14.43
4220,0,ISL,0,1,11987.52,1,
4220,1,ISL,1,2,11987.52,1,
4220,2,ISL,2,0,11987.52,1,
4220,3,ISL,3,4,11987.52,1,
4220,4,ISL,4,5,11987.52,1,
4220,5,ISL,5,3,11987.52,1,
4220,6,ISL,0,3,8606.81,1,
4220,7,ISL,1,4,9591.67,1,
4220,8,ISL,2,5,13167.0,1,
4220,45,GSL,0,6,11847.84,0,-61.81
4220,46,GSL,1,6,11127.58,0,-55.26
4220,47,GSL,2,6,1129.34,1,24.8
4220,48,GSL,3,6,6947.14,0,-27.56
4220,49,GSL,4,6,7648.03,0,-31.68
4220,50,GSL,5,6,12598.19,0,-70.59
4220,51,GSL,0,7,6554.19,0,-25.27
4220,52,GSL,1,7,6814.59,0,-26.78
4220,53,GSL,2,7,13269.27,0,-86.51
4220,54,GSL,3,7,11995.69,0,-63.33
4220,55,GSL,4,7,9951.3,0,-46.33
4220,56,GSL,5,7,4748.14,0,-14.58
4230,0,ISL,0,1,11987.52,1,
4230,1,ISL,1,2,11987.52,1,
4230,2,ISL,2,0,11987.52,1,
4230,3,ISL,3,4,11987.52,1,
4230,4,ISL,4,5,11987.52,1,
4230,5,ISL,5,3,11987.52,1,
4230,6,ISL,0,3,8666.99,1,
4230,7,ISL,1,4,9526.18,1,
4230,8,ISL,2,5,13175.06,1,
4230,45,GSL,0,6,11879.12,0,-62.13
4230,46,GSL,1,6,11089.23,0,-54.94
4230,47,GSL,2,6,1176.9,1,23.27
4230,48,GSL,3,6,6901.48,0,-27.29
4230,49,GSL,4,6,7691.75,0,-31.94
4230,50,GSL,5,6,12596.68,0,-70.57
4230,51,GSL,0,7,6494.04,0,-24.92
4230,52,GSL,1,7,6873.48,0,-27.13
4230,53,GSL,2,7,13268.47,0,-86.45
4230,54,GSL,3,7,12015.97,0,-63.54
4230,55,GSL,4,7,9914.26,0,-46.07
4230,56,GSL,5,7,4774.26,0,-14.74
4240,0,ISL,0,1,11987.52,1,
4240,1,ISL,1,2,11987.52,1,
4240,2,ISL,2,0,11987.52,1,
4240,3,ISL,3,4,11987.52,1,
4240,4,ISL,4,5,11987.52,1,
4240,5,ISL,5,3,11987.52,1,
4240,6,ISL,0,3,8727.81,1,
4240,7,ISL,1,4,9460.81,1,
4240,8,ISL,2,5,13182.02,1,
4240,45,GSL,0,6,11910.08,0,-62.44
4240,46,GSL,1,6,11050.58,0,-54.62
4240,47,GSL,2,6,1226.59,1,21.81
4240,48,GSL,3,6,6855.81,0,-27.02
4240,49,GSL,4,6,7735.47,0,-32.2
4240,50,GSL,5,6,12594.84,0,-70.54
4240,51,GSL,0,7,6433.72,0,-24.57
4240,52,GSL,1,7,6932.2,0,-27.47
4240,53,GSL,2,7,13267.31,0,-86.36
4240,54,GSL,3,7,12035.97,0,-63.76
4240,55,GSL,4,7,9877.0,0,-45.81
4240,56,GSL,5,7,4801.04,0,-14.91
4250,0,ISL,0,1,11987.52,1,
4250,1,ISL,1,2,11987.52,1,
4250,2,ISL,2,0,11987.52,1,
4250,3,ISL,3,4,11987.52,1,
4250,4,ISL,4,5,11987.52,1,
4250,5,ISL,5,3,11987.52,1,
4250,6,ISL,0,3,8789.22,1,
4250,7,ISL,1,4,9395.59,1,
4250,8,ISL,2,5,13187.87,1,
4250,45,GSL,0,6,11940.7,0,-62.76
4250,46,GSL,1,6,11011.62,0,-54.3
4250,47,GSL,2,6,1278.15,1,20.4
4250,48,GSL,3,6,6810.16,0,-26.76
4250,49,GSL,4,6,7779.2,0,-32.46
4250,50,GSL,5,6,12592.68,0,-70.51
4250,51,GSL,0,7,6373.22,0,-24.21
4250,52,GSL,1,7,6990.75,0,-27.81
4250,53,GSL,2,7,13265.79,0,-86.25
4250,54,GSL,3,7,12055.7,0,-63.97
4250,55,GSL,4,7,9839.5,0,-45.55
4250,56,GSL,5,7,4828.45,0,-15.08
4260,0,ISL,0,1,11987.52,1,
4260,1,ISL,1,2,11987.52,1,
4260,2,ISL,2,0,11987.52,1,
4260,3,ISL,3,4,11987.52,1,
4260,4,ISL,4,5,11987.52,1,
4260,5,ISL,5,3,11987.52,1,
4260,6,ISL,0,3,8851.17,1,
4260,7,ISL,1,4,9330.55,1,
4260,8,ISL,2,5,13192.61,1,
4260,45,GSL,0,6,11970.98,0,-63.07
4260,46,GSL,1,6,10972.36,0,-53.98
4260,47,GSL,2,6,1331.37,1,19.05
4260,48,GSL,3,6,6764.51,0,-26.49
4260,49,GSL,4,6,7822.92,0,-32.72
4260,50,GSL,5,6,12590.19,0,-70.48
4260,51,GSL,0,7,6312.55,0,-23.86
4260,52,GSL,1,7,7049.13,0,-28.15
4260,53,GSL,2,7,13263.9,0,-86.12
4260,54,GSL,3,7,12075.15,0,-64.18
4260,55,GSL,4,7,9801.79,0,-45.29
4260,56,GSL,5,7,4856.48,0,-15.25
4270,0,ISL,0,1,11987.52,1,
4270,1,ISL,1,2,11987.52,1,
4270,2,ISL,2,0,11987.52,1,
4270,3,ISL,3,4,11987.52,1,
4270,4,ISL,4,5,11987.52,1,
4270,5,ISL,5,3,11987.52,1,
4270,6,ISL,0,3,8913.63,1,
4270,7,ISL,1,4,9265.73,1,
4270,8,ISL,2,5,13196.23,1,
4270,45,GSL,0,6,12000.93,0,-63.38
4270,46,GSL,1,6,10932.8,0,-53.66
4270,47,GSL,2,6,1386.03,1,17.77
4270,48,GSL,3,6,6718.89,0,-26.23
4270,49,GSL,4,6,7866.63,0,-32.99
4270,50,GSL,5,6,12587.39,0,-70.44
4270,51,GSL,0,7,6251.72,0,-23.51
4270,52,GSL,1,7,7107.34,0,-28.49
4270,53,GSL,2,7,13261.65,0,-85.96
4270,54,GSL,3,7,12094.32,0,-64.39
4270,55,GSL,4,7,9763.85,0,-45.03
4270,56,GSL,5,7,4885.12,0,-15.42
4280,0,ISL,0,1,11987.52,1,
4280,1,ISL,1,2,11987.52,1,
4280,2,ISL,2,0,11987.52,1,
4280,3,ISL,3,4,11987.52,1,
4280,4,ISL,4,5,11987.52,1,
4280,5,ISL,5,3,11987.52,1,
4280,6,ISL,0,3,8976.56,1,
4280,7,ISL,1,4,9201.17,1,
4280,8,ISL,2,5,13198.75,1,
4280,45,GSL,0,6,12030.55,0,-63.7
4280,46,GSL,1,6,10892.94,0,-53.34
4280,47,GSL,2,6,1441.97,1,16.54
4280,48,GSL,3,6,6673.28,0,-25.96
4280,49,GSL,4,6,7910.33,0,-33.25
4280,50,GSL,5,6,12584.26,0,-70.4
4280,51,GSL,0,7,6190.72,0,-23.15
4280,52,GSL,1,7,7165.38,0,-28.83
4280,53,GSL,2,7,13259.03,0,-85.79
4280,54,GSL,3,7,12113.2,0,-64.59
4280,55,GSL,4,7,9725.69,0,-44.77
4280,56,GSL,5,7,4914.36,0,-15.6
4290,0,ISL,0,1,11987.52,1,
4290,1,ISL,1,2,11987.52,1,
4290,2,ISL,2,0,11987.52,1,
4290,3,ISL,3,4,11987.52,1,
4290,4,ISL,4,5,11987.52,1,
4290,5,ISL,5,3,11987.52,1,
4290,6,ISL,0,3,9039.92,1,
4290,7,ISL,1,4,9136.9,1,
4290,8,ISL,2,5,13200.15,1,
4290,45,GSL,0,6,12059.83,0,-64.01
4290,46,GSL,1,6,10852.79,0,-53.02
4290,47,GSL,2,6,1499.05,1,15.37
4290,48,GSL,3,6,6627.71,0,-25.69
4290,49,GSL,4,6,7954.01,0,-33.51
4290,50,GSL,5,6,12580.81,0,-70.35
4290,51,GSL,0,7,6129.56,0,-22.8
4290,52,GSL,1,7,7223.24,0,-29.17
4290,53,GSL,2,7,13256.05,0,-85.61
4290,54,GSL,3,7,12131.81,0,-64.8
4290,55,GSL,4,7,9687.31,0,-44.51
4290,56,GSL,5,7,4944.17,0,-15.78
4300,0,ISL,0,1,11987.52,1,
4300,1,ISL,1,2,11987.52,1,
4300,2,ISL,2,0,11987.52,1,
4300,3,ISL,3,4,11987.52,1,
4300,4,ISL,4,5,11987.52,1,
4300,5,ISL,5,3,11987.52,1,
4300,6,ISL,0,3,9103.67,1,
4300,7,ISL,1,4,9072.97,1,
4300,8,ISL,2,5,13200.44,1,
4300,45,GSL,0,6,12088.78,0,-64.33
4300,46,GSL,1,6,10812.33,0,-52.7
4300,47,GSL,2,6,1557.13,1,14.26
4300,48,GSL,3,6,6582.17,0,-25.43
4300,49,GSL,4,6,7997.67,0,-33.77
4300,50,GSL,5,6,12577.04,0,-70.29
4300,51,GSL,0,7,6068.23,0,-22.44
4300,52,GSL,1,7,7280.93,0,-29.51
4300,53,GSL,2,7,13252.71,0,-85.41
4300,54,GSL,3,7,12150.13,0,-65.0
4300,55,GSL,4,7,9648.72,0,-44.25
4300,56,GSL,5,7,4974.56,0,-15.97
4310,0,ISL,0,1,11987.52,1,
4310,1,ISL,1,2,11987.52,1,
4310,2,ISL,2,0,11987.52,1,
4310,3,ISL,3,4,11987.52,1,
4310,4,ISL,4,5,11987.52,1,
4310,5,ISL,5,3,11987.52,1,
4310,6,ISL,0,3,9167.77,1,
4310,7,ISL,1,4,9009.4,1,
4310,8,ISL,2,5,13199.61,1,
4310,45,GSL,0,6,12117.38,0,-64.64
4310,46,GSL,1,6,10771.58,0,-52.38
4310,47,GSL,2,6,1616.1,1,13.19
4310,48,GSL,3,6,6536.67,0,-25.17
4310,49,GSL,4,6,8041.3,0,-34.04
4310,50,GSL,5,6,12572.95,0,-70.24
4310,51,GSL,0,7,6006.75,0,-22.08
4310,52,GSL,1,7,7338.43,0,-29.85
4310,53,GSL,2,7,13249.0,0,-85.19
4310,54,GSL,3,7,12168.16,0,-65.2
4310,55,GSL,4,7,9609.91,0,-43.99
4310,56,GSL,5,7,5005.5,0,-16.15
4320,0,ISL,0,1,11987.52,1,
4320,1,ISL,1,2,11987.52,1,
4320,2,ISL,2,0,11987.52,1,
4320,3,ISL,3,4,11987.52,1,
4320,4,ISL,4,5,11987.52,1,
4320,5,ISL,5,3,11987.52,1,
4320,6,ISL,0,3,9232.19,1,
4320,7,ISL,1,4,8946.24,1,
4320,8,ISL,2,5,13197.68,1,
4320,45,GSL,0,6,12145.65,0,-64.95
4320,46,GSL,1,6,10730.53,0,-52.06
4320,47,GSL,2,6,1675.85,1,12.17
4320,48,GSL,3,6,6491.22,0,-24.9
4320,49,GSL,4,6,8084.89,0,-34.3
4320,50,GSL,5,6,12568.54,0,-70.18
4320,51,GSL,0,7,5945.11,0,-21.72
4320,52,GSL,1,7,7395.76,0,-30.19
4320,53,GSL,2,7,13244.93,0,-84.97
4320,54,GSL,3,7,12185.92,0,-65.41
4320,55,GSL,4,7,9570.89,0,-43.72
4320,56,GSL,5,7,5036.99,0,-16.34
4330,0,ISL,0,1,11987.52,1,
4330,1,ISL,1,2,11987.52,1,
4330,2,ISL,2,0,11987.52,1,
4330,3,ISL,3,4,11987.52,1,
4330,4,ISL,4,5,11987.52,1,
4330,5,ISL,5,3,11987.52,1,
4330,6,ISL,0,3,9296.87,1,
4330,7,ISL,1,4,8883.53,1,
4330,8,ISL,2,5,13194.63,1,
4330,45,GSL,0,6,12173.58,0,-65.27
4330,46,GSL,1,6,10689.19,0,-51.74
4330,47,GSL,2,6,1736.3,1,11.2
4330,48,GSL,3,6,6445.83,0,-24.64
4330,49,GSL,4,6,8128.46,0,-34.57
4330,50,GSL,5,6,12563.8,0,-70.11
4330,51,GSL,0,7,5883.31,0,-21.36
4330,52,GSL,1,7,7452.89,0,-30.53
4330,53,GSL,2,7,13240.49,0,-84.74
4330,54,GSL,3,7,12203.38,0,-65.6
4330,55,GSL,4,7,9531.65,0,-43.46
4330,56,GSL,5,7,5069.0,0,-16.54
4340,0,ISL,0,1,11987.52,1,
4340,1,ISL,1,2,11987.52,1,
4340,2,ISL,2,0,11987.52,1,
4340,3,ISL,3,4,11987.52,1,
4340,4,ISL,4,5,11987.52,1,
4340,5,ISL,5,3,11987.52,1,
4340,6,ISL,0,3,9361.8,1,
4340,7,ISL,1,4,8821.31,1,
4340,8,ISL,2,5,13190.47,1,
4340,45,GSL,0,6,12201.17,0,-65.58
4340,46,GSL,1,6,10647.56,0,-51.42
4340,47,GSL,2,6,1797.38,1,10.26
4340,48,GSL,3,6,6400.5,0,-24.37
4340,49,GSL,4,6,8171.98,0,-34.83
4340,50,GSL,5,6,12558.74,0,-70.04
4340,51,GSL,0,7,5821.36,0,-21.0
4340,52,GSL,1,7,7509.85,0,-30.86
4340,53,GSL,2,7,13235.7,0,-84.5
4340,54,GSL,3,7,12220.56,0,-65.8
4340,55,GSL,4,7,9492.2,0,-43.2
4340,56,GSL,5,7,5101.54,0,-16.73
4350,0,ISL,0,1,11987.52,1,
4350,1,ISL,1,2,11987.52,1,
4350,2,ISL,2,0,11987.52,1,
4350,3,ISL,3,4,11987.52,1,
4350,4,ISL,4,5,11987.52,1,
4350,5,ISL,5,3,11987.52,1,
4350,6,ISL,0,3,9426.93,1,
4350,7,ISL,1,4,8759.61,1,
4350,8,ISL,2,5,13185.19,1,
4350,45,GSL,0,6,12228.42,0,-65.89
4350,46,GSL,1,6,10605.63,0,-51.1
4350,47,GSL,2,6,1859.01,0,9.37
4350,48,GSL,3,6,6355.23,0,-24.11
4350,49,GSL,4,6,8215.46,0,-35.09
4350,50,GSL,5,6,12553.36,0,-69.97
4350,51,GSL,0,7,5759.26,0,-20.63
4350,52,GSL,1,7,7566.61,0,-31.2
4350,53,GSL,2,7,13230.53,0,-84.25
4350,54,GSL,3,7,12237.45,0,-66.0
4350,55,GSL,4,7,9452.55,0,-42.93
4350,56,GSL,5,7,5134.57,0,-16.93
4360,0,ISL,0,1,11987.52,1,
4360,1,ISL,1,2,11987.52,1,
4360,2,ISL,2,0,11987.52,1,
4360,3,ISL,3,4,11987.52,1,
4360,4,ISL,4,5,11987.52,1,
4360,5,ISL,5,3,11987.52,1,
4360,6,ISL,0,3,9492.23,1,
4360,7,ISL,1,4,8698.48,1,
4360,8,ISL,2,5,13178.81,1,
4360,45,GSL,0,6,12255.33,0,-66.2
4360,46,GSL,1,6,10563.42,0,-50.78
4360,47,GSL,2,6,1921.13,0,8.5
4360,48,GSL,3,6,6310.05,0,-23.85
4360,49,GSL,4,6,8258.89,0,-35.36
4360,50,GSL,5,6,12547.66,0,-69.89
4360,51,GSL,0,7,5697.0,0,-20.27
4360,52,GSL,1,7,7623.18,0,-31.53
4360,53,GSL,2,7,13225.01,0,-84.0
4360,54,GSL,3,7,12254.05,0,-66.19
4360,55,GSL,4,7,9412.69,0,-42.67
4360,56,GSL,5,7,5168.1,0,-17.13
4370,0,ISL,0,1,11987.52,1,
4370,1,ISL,1,2,11987.52,1,
4370,2,ISL,2,0,11987.52,1,
4370,3,ISL,3,4,11987.52,1,
4370,4,ISL,4,5,11987.52,1,
4370,5,ISL,5,3,11987.52,1,
4370,6,ISL,0,3,9557.66,1,
4370,7,ISL,1,4,8637.97,1,
4370,8,ISL,2,5,13171.32,1,
4370,45,GSL,0,6,12281.9,0,-66.52
4370,46,GSL,1,6,10520.91,0,-50.46
4370,47,GSL,2,6,1983.69,0,7.67
4370,48,GSL,3,6,6264.94,0,-23.58
4370,49,GSL,4,6,8302.27,0,-35.62
4370,50,GSL,5,6,12541.63,0,-69.81
4370,51,GSL,0,7,5634.61,0,-19.9
4370,52,GSL,1,7,7679.57,0,-31.87
4370,53,GSL,2,7,13219.12,0,-83.74
4370,54,GSL,3,7,12270.36,0,-66.38
4370,55,GSL,4,7,9372.62,0,-42.4
4370,56,GSL,5,7,5202.11,0,-17.34
4380,0,ISL,0,1,11987.52,1,
4380,1,ISL,1,2,11987.52,1,
4380,2,ISL,2,0,11987.52,1,
4380,3,ISL,3,4,11987.52,1,
4380,4,ISL,4,5,11987.52,1,
4380,5,ISL,5,3,11987.52,1,
4380,6,ISL,0,3,9623.2,1,
4380,7,ISL,1,4,8578.11,1,
4380,8,ISL,2,5,13162.73,1,
4380,45,GSL,0,6,12308.12,0,-66.83
4380,46,GSL,1,6,10478.12,0,-50.14
4380,47,GSL,2,6,2046.65,0,6.88
4380,48,GSL,3,6,6219.93,0,-23.32
4380,49,GSL,4,6,8345.59,0,-35.89
4380,50,GSL,5,6,12535.28,0,-69.72
4380,51,GSL,0,7,5572.06,0,-19.53
4380,52,GSL,1,7,7735.75,0,-32.2
4380,53,GSL,2,7,13212.87,0,-83.48
4380,54,GSL,3,7,12286.38,0,-66.57
4380,55,GSL,4,7,9332.35,0,-42.14
4380,56,GSL,5,7,5236.58,0,-17.54
4390,0,ISL,0,1,11987.52,1,
4390,1,ISL,1,2,11987.52,1,
4390,2,ISL,2,0,11987.52,1,
4390,3,ISL,3,4,11987.52,1,
4390,4,ISL,4,5,11987.52,1,
4390,5,ISL,5,3,11987.52,1,
4390,6,ISL,0,3,9688.8,1,
4390,7,ISL,1,4,8518.94,1,
4390,8,ISL,2,5,13153.02,1,
4390,45,GSL,0,6,12334.0,0,-67.14
4390,46,GSL,1,6,10435.05,0,-49.82
4390,47,GSL,2,6,2109.96,0,6.1
4390,48,GSL,3,6,6175.01,0,-23.06
4390,49,GSL,4,6,8388.85,0,-36.15
4390,50,GSL,5,6,12528.61,0,-69.63
4390,51,GSL,0,7,5509.37,0,-19.16
4390,52,GSL,1,7,7791.75,0,-32.54
4390,53,GSL,2,7,13206.25,0,-83.21
4390,54,GSL,3,7,12302.1,0,-66.76
4390,55,GSL,4,7,9291.88,0,-41.87
4390,56,GSL,5,7,5271.51,0,-17.75
4400,0,ISL,0,1,11987.52,1,
4400,1,ISL,1,2,11987.52,1,
4400,2,ISL,2,0,11987.52,1,
4400,3,ISL,3,4,11987.52,1,
4400,4,ISL,4,5,11987.52,1,
4400,5,ISL,5,3,11987.52,1,
4400,6,ISL,0,3,9754.43,1,
4400,7,ISL,1,4,8460.51,1,
4400,8,ISL,2,5,13142.22,1,
4400,45,GSL,0,6,12359.53,0,-67.45
4400,46,GSL,1,6,10391.68,0,-49.49
4400,47,GSL,2,6,2173.59,0,5.36
4400,48,GSL,3,6,6130.2,0,-22.8
4400,49,GSL,4,6,8432.05,0,-36.42
4400,50,GSL,5,6,12521.61,0,-69.53
4400,51,GSL,0,7,5446.55,0,-18.79
4400,52,GSL,1,7,7847.54,0,-32.87
4400,53,GSL,2,7,13199.28,0,-82.94
4400,54,GSL,3,7,12317.54,0,-66.94
4400,55,GSL,4,7,9251.22,0,-41.61
4400,56,GSL,5,7,5306.87,0,-17.96
4410,0,ISL,0,1,11987.52,1,
4410,1,ISL,1,2,11987.52,1,
4410,2,ISL,2,0,11987.52,1,
4410,3,ISL,3,4,11987.52,1,
4410,4,ISL,4,5,11987.52,1,
4410,5,ISL,5,3,11987.52,1,
4410,6,ISL,0,3,9820.07,1,
4410,7,ISL,1,4,8402.87,1,
4410,8,ISL,2,5,13130.32,1,
4410,45,GSL,0,6,12384.72,0,-67.76
4410,46,GSL,1,6,10348.04,0,-49.17
4410,47,GSL,2,6,2237.49,0,4.64
4410,48,GSL,3,6,6085.51,0,-22.54
4410,49,GSL,4,6,8475.18,0,-36.69
4410,50,GSL,5,6,12514.3,0,-69.44
4410,51,GSL,0,7,5383.58,0,-18.42
4410,52,GSL,1,7,7903.14,0,-33.21
4410,53,GSL,2,7,13191.94,0,-82.67
4410,54,GSL,3,7,12332.68,0,-67.12
4410,55,GSL,4,7,9210.35,0,-41.34
4410,56,GSL,5,7,5342.67,0,-18.17
4420,0,ISL,0,1,11987.52,1,
4420,1,ISL,1,2,11987.52,1,
4420,2,ISL,2,0,11987.52,1,
4420,3,ISL,3,4,11987.52,1,
4420,4,ISL,4,5,11987.52,1,
4420,5,ISL,5,3,11987.52,1,
4420,6,ISL,0,3,9885.67,1,
4420,7,ISL,1,4,8346.05,1,
4420,8,ISL,2,5,13117.32,1,
4420,45,GSL,0,6,12409.57,0,-68.08
4420,46,GSL,1,6,10304.11,0,-48.85
4420,47,GSL,2,6,2301.64,0,3.94
4420,48,GSL,3,6,6040.93,0,-22.28
4420,49,GSL,4,6,8518.23,0,-36.95
4420,50,GSL,5,6,12506.66,0,-69.33
4420,51,GSL,0,7,5320.48,0,-18.04
4420,52,GSL,1,7,7958.53,0,-33.54
4420,53,GSL,2,7,13184.23,0,-82.39
4420,54,GSL,3,7,12347.52,0,-67.31
4420,55,GSL,4,7,9169.29,0,-41.07
4420,56,GSL,5,7,5378.89,0,-18.39
4430,0,ISL,0,1,11987.52,1,
4430,1,ISL,1,2,11987.52,1,
4430,2,ISL,2,0,11987.52,1,
4430,3,ISL,3,4,11987.52,1,
4430,4,ISL,4,5,11987.52,1,
4430,5,ISL,5,3,11987.52,1,
4430,6,ISL,0,3,9951.22,1,
4430,7,ISL,1,4,8290.11,1,
4430,8,ISL,2,5,13103.23,1,
4430,45,GSL,0,6,12434.06,0,-68.39
4430,46,GSL,1,6,10259.9,0,-48.53
4430,47,GSL,2,6,2366.02,0,3.26
4430,48,GSL,3,6,5996.49,0,-22.02
4430,49,GSL,4,6,8561.21,0,-37.22
4430,50,GSL,5,6,12498.7,0,-69.23
4430,51,GSL,0,7,5257.24,0,-17.67
4430,52,GSL,1,7,8013.72,0,-33.87
4430,53,GSL,2,7,13176.17,0,-82.11
4430,54,GSL,3,7,12362.07,0,-67.48
4430,55,GSL,4,7,9128.04,0,-40.81
4430,56,GSL,5,7,5415.51,0,-18.61
4440,0,ISL,0,1,11987.52,1,
4440,1,ISL,1,2,11987.52,1,
4440,2,ISL,2,0,11987.52,1,
4440,3,ISL,3,4,11987.52,1,
4440,4,ISL,4,5,11987.52,1,
4440,5,ISL,5,3,11987.52,1,
4440,6,ISL,0,3,10016.67,1,
4440,7,ISL,1,4,8235.08,1,
4440,8,ISL,2,5,13088.04,1,
4440,45,GSL,0,6,12458.22,0,-68.7
4440,46,GSL,1,6,10215.42,0,-48.21
4440,47,GSL,2,6,2430.6,0,2.6
4440,48,GSL,3,6,5952.18,0,-21.76
4440,49,GSL,4,6,8604.11,0,-37.49
4440,50,GSL,5,6,12490.41,0,-69.12
4440,51,GSL,0,7,5193.87,0,-17.29
4440,52,GSL,1,7,8068.7,0,-34.2
4440,53,GSL,2,7,13167.74,0,-81.83
4440,54,GSL,3,7,12376.33,0,-67.66
4440,55,GSL,4,7,9086.59,0,-40.54
4440,56,GSL,5,7,5452.52,0,-18.83
4450,0,ISL,0,1,11987.52,1,
4450,1,ISL,1,2,11987.52,1,
4450,2,ISL,2,0,11987.52,1,
4450,3,ISL,3,4,11987.52,1,
4450,4,ISL,4,5,11987.52,1,
4450,5,ISL,5,3,11987.52,1,
4450,6,ISL,0,3,10082.01,1,
4450,7,ISL,1,4,8181.02,1,
4450,8,ISL,2,5,13071.77,1,
4450,45,GSL,0,6,12482.02,0,-69.01
4450,46,GSL,1,6,10170.65,0,-47.88
4450,47,GSL,2,6,2495.35,0,1.95
4450,48,GSL,3,6,5908.02,0,-21.5
4450,49,GSL,4,6,8646.93,0,-37.75
4450,50,GSL,5,6,12481.81,0,-69.01
4450,51,GSL,0,7,5130.38,0,-16.91
4450,52,GSL,1,7,8123.48,0,-34.53
4450,53,GSL,2,7,13158.95,0,-81.54
4450,54,GSL,3,7,12390.29,0,-67.83
4450,55,GSL,4,7,9044.96,0,-40.27
4450,56,GSL,5,7,5489.91,0,-19.05
4460,0,ISL,0,1,11987.52,1,
4460,1,ISL,1,2,11987.52,1,
4460,2,ISL,2,0,11987.52,1,
4460,3,ISL,3,4,11987.52,1,
4460,4,ISL,4,5,11987.52,1,
4460,5,ISL,5,3,11987.52,1,
4460,6,ISL,0,3,10147.2,1,
4460,7,ISL,1,4,8127.96,1,
4460,8,ISL,2,5,13054.41,1,
4460,45,GSL,0,6,12505.47,0,-69.32
4460,46,GSL,1,6,10125.61,0,-47.56
4460,47,GSL,2,6,2560.25,0,1.33
4460,48,GSL,3,6,5864.02,0,-21.25
4460,49,GSL,4,6,8689.66,0,-38.02
4460,50,GSL,5,6,12472.88,0,-68.89
4460,51,GSL,0,7,5066.75,0,-16.52
4460,52,GSL,1,7,8178.05,0,-34.87
4460,53,GSL,2,7,13149.8,0,-81.25
4460,54,GSL,3,7,12403.94,0,-68.0
4460,55,GSL,4,7,9003.14,0,-40.0
4460,56,GSL,5,7,5527.68,0,-19.27
4470,0,ISL,0,1,11987.52,1,
4470,1,ISL,1,2,11987.52,1,
4470,2,ISL,2,0,11987.52,1,
4470,3,ISL,3,4,11987.52,1,
4470,4,ISL,4,5,11987.52,1,
4470,5,ISL,5,3,11987.52,1,
4470,6,ISL,0,3,10212.21,1,
4470,7,ISL,1,4,8075.96,1,
4470,8,ISL,2,5,13035.98,1,
4470,45,GSL,0,6,12528.58,0,-69.63
4470,46,GSL,1,6,10080.29,0,-47.24
4470,47,GSL,2,6,2625.29,0,0.72
4470,48,GSL,3,6,5820.18,0,-20.99
4470,49,GSL,4,6,8732.3,0,-38.29
4470,50,GSL,5,6,12463.63,0,-68.77
4470,51,GSL,0,7,5003.0,0,-16.14
4470,52,GSL,1,7,8232.41,0,-35.2
4470,53,GSL,2,7,13140.28,0,-80.97
4470,54,GSL,3,7,12417.3,0,-68.17
4470,55,GSL,4,7,8961.14,0,-39.74
4470,56,GSL,5,7,5565.81,0,-19.5
4480,0,ISL,0,1,11987.52,1,
4480,1,ISL,1,2,11987.52,1,
4480,2,ISL,2,0,11987.52,1,
4480,3,ISL,3,4,11987.52,1,
4480,4,ISL,4,5,11987.52,1,
4480,5,ISL,5,3,11987.52,1,
4480,6,ISL,0,3,10277.02,1,
4480,7,ISL,1,4,8025.05,1,
4480,8,ISL,2,5,13016.47,1,
4480,45,GSL,0,6,12551.33,0,-69.94
4480,46,GSL,1,6,10034.7,0,-46.92
4480,47,GSL,2,6,2690.45,0,0.12
4480,48,GSL,3,6,5776.52,0,-20.73
4480,49,GSL,4,6,8774.85,0,-38.56
4480,50,GSL,5,6,12454.05,0,-68.64
4480,51,GSL,0,7,4939.13,0,-15.75
4480,52,GSL,1,7,8286.55,0,-35.53
4480,53,GSL,2,7,13130.41,0,-80.68
4480,54,GSL,3,7,12430.36,0,-68.34
4480,55,GSL,4,7,8918.95,0,-39.47
4480,56,GSL,5,7,5604.28,0,-19.72
4490,0,ISL,0,1,11987.52,1,
4490,1,ISL,1,2,11987.52,1,
4490,2,ISL,2,0,11987.52,1,
4490,3,ISL,3,4,11987.52,1,
4490,4,ISL,4,5,11987.52,1,
4490,5,ISL,5,3,11987.52,1,
4490,6,ISL,0,3,10341.6,1,
4490,7,ISL,1,4,7975.3,1,
4490,8,ISL,2,5,12995.89,1,
4490,45,GSL,0,6,12573.74,0,-70.25
4490,46,GSL,1,6,9988.83,0,-46.59
4490,47,GSL,2,6,2755.72,0,-0.46
4490,48,GSL,3,6,5733.04,0,-20.48
4490,49,GSL,4,6,8817.3,0,-38.82
4490,50,GSL,5,6,12444.16,0,-68.52
4490,51,GSL,0,7,4875.15,0,-15.36
4490,52,GSL,1,7,8340.48,0,-35.86
4490,53,GSL,2,7,13120.17,0,-80.38
4490,54,GSL,3,7,12443.12,0,-68.5
4490,55,GSL,4,7,8876.59,0,-39.2
4490,56,GSL,5,7,5643.09,0,-19.95
4500,0,ISL,0,1,11987.52,1,
4500,1,ISL,1,2,11987.52,1,
4500,2,ISL,2,0,11987.52,1,
4500,3,ISL,3,4,11987.52,1,
4500,4,ISL,4,5,11987.52,1,
4500,5,ISL,5,3,11987.52,1,
4500,6,ISL,0,3,10405.92,1,
4500,7,ISL,1,4,7926.73,1,
4500,8,ISL,2,5,12974.24,1,
4500,45,GSL,0,6,12595.79,0,-70.56
4500,46,GSL,1,6,9942.7,0,-46.27
4500,47,GSL,2,6,2821.07,0,-1.03
4500,48,GSL,3,6,5689.76,0,-20.22
4500,49,GSL,4,6,8859.65,0,-39.09
4500,50,GSL,5,6,12433.94,0,-68.39
4500,51,GSL,0,7,4811.04,0,-14.97
4500,52,GSL,1,7,8394.2,0,-36.19
4500,53,GSL,2,7,13109.58,0,-80.09
4500,54,GSL,3,7,12455.58,0,-68.66
4500,55,GSL,4,7,8834.04,0,-38.93
4500,56,GSL,5,7,5682.23,0,-20.18
4510,0,ISL,0,1,11987.52,1,
4510,1,ISL,1,2,11987.52,1,
4510,2,ISL,2,0,11987.52,1,
4510,3,ISL,3,4,11987.52,1,
4510,4,ISL,4,5,11987.52,1,
4510,5,ISL,5,3,11987.52,1,
4510,6,ISL,0,3,10469.96,1,
4510,7,ISL,1,4,7879.4,1,
4510,8,ISL,2,5,12951.54,1,
4510,45,GSL,0,6,12617.49,0,-70.87
4510,46,GSL,1,6,9896.29,0,-45.95
4510,47,GSL,2,6,2886.5,0,-1.59
4510,48,GSL,3,6,5646.67,0,-19.97
4510,49,GSL,4,6,8901.9,0,-39.36
4510,50,GSL,5,6,12423.4,0,-68.25
4510,51,GSL,0,7,4746.82,0,-14.58
4510,52,GSL,1,7,8447.7,0,-36.52
4510,53,GSL,2,7,13098.62,0,-79.8
4510,54,GSL,3,7,12467.74,0,-68.82
4510,55,GSL,4,7,8791.33,0,-38.66
4510,56,GSL,5,7,5721.68,0,-20.41
4520,0,ISL,0,1,11987.52,1,
4520,1,ISL,1,2,11987.52,1,
4520,2,ISL,2,0,11987.52,1,
4520,3,ISL,3,4,11987.52,1,
4520,4,ISL,4,5,11987.52,1,
4520,5,ISL,5,3,11987.52,1,
4520,6,ISL,0,3,10533.68,1,
4520,7,ISL,1,4,7833.35,1,
4520,8,ISL,2,5,12927.77,1,
4520,45,GSL,0,6,12638.84,0,-71.18
4520,46,GSL,1,6,9849.62,0,-45.62
4520,47,GSL,2,6,2952.0,0,-2.14
4520,48,GSL,3,6,5603.81,0,-19.72
4520,49,GSL,4,6,8944.04,0,-39.63
4520,50,GSL,5,6,12412.54,0,-68.11
4520,51,GSL,0,7,4682.49,0,-14.18
4520,52,GSL,1,7,8500.97,0,-36.85
4520,53,GSL,2,7,13087.3,0,-79.5
4520,54,GSL,3,7,12479.6,0,-68.98
4520,55,GSL,4,7,8748.43,0,-38.39
4520,56,GSL,5,7,5761.44,0,-20.65
4530,0,ISL,0,1,11987.52,1,
4530,1,ISL,1,2,11987.52,1,
4530,2,ISL,2,0,11987.52,1,
4530,3,ISL,3,4,11987.52,1,
4530,4,ISL,4,5,11987.52,1,
4530,5,ISL,5,3,11987.52,1,
4530,6,ISL,0,3,10597.08,1,
4530,7,ISL,1,4,7788.62,1,
4530,8,ISL,2,5,12902.96,1,
4530,45,GSL,0,6,12659.84,0,-71.48
4530,46,GSL,1,6,9802.68,0,-45.3
4530,47,GSL,2,6,3017.54,0,-2.68
4530,48,GSL,3,6,5561.16,0,-19.47
4530,49,GSL,4,6,8986.06,0,-39.9
4530,50,GSL,5,6,12401.36,0,-67.97
4530,51,GSL,0,7,4618.05,0,-13.78
4530,52,GSL,1,7,8554.03,0,-37.18
4530,53,GSL,2,7,13075.62,0,-79.21
4530,54,GSL,3,7,12491.15,0,-69.13
4530,55,GSL,4,7,8705.37,0,-38.12
4530,56,GSL,5,7,5801.5,0,-20.88
4540,0,ISL,0,1,11987.52,1,
4540,1,ISL,1,2,11987.52,1,
4540,2,ISL,2,0,11987.52,1,
4540,3,ISL,3,4,11987.52,1,
4540,4,ISL,4,5,11987.52,1,
4540,5,ISL,5,3,11987.52,1,
4540,6,ISL,0,3,10660.12,1,
4540,7,ISL,1,4,7745.27,1,
4540,8,ISL,2,5,12877.11,1,
4540,45,GSL,0,6,12680.48,0,-71.79
4540,46,GSL,1,6,9755.47,0,-44.98
4540,47,GSL,2,6,3083.13,0,-3.2
4540,48,GSL,3,6,5518.75,0,-19.22
4540,49,GSL,4,6,9027.98,0,-40.16
4540,50,GSL,5,6,12389.86,0,-67.83
4540,51,GSL,0,7,4553.5,0,-13.38
4540,52,GSL,1,7,8606.86,0,-37.5
4540,53,GSL,2,7,13063.58,0,-78.91
4540,54,GSL,3,7,12502.39,0,-69.28
4540,55,GSL,4,7,8662.14,0,-37.85
4540,56,GSL,5,7,5841.84,0,-21.12
4550,0,ISL,0,1,11987.52,1,
4550,1,ISL,1,2,11987.52,1,
4550,2,ISL,2,0,11987.52,1,
4550,3,ISL,3,4,11987.52,1,
4550,4,ISL,4,5,11987.52,1,
4550,5,ISL,5,3,11987.52,1,
4550,6,ISL,0,3,10722.77,1,
4550,7,ISL,1,4,7703.33,1,
4550,8,ISL,2,5,12850.21,1,
4550,45,GSL,0,6,12700.77,0,-72.1
4550,46,GSL,1,6,9708.0,0,-44.65
4550,47,GSL,2,6,3148.75,0,-3.72
4550,48,GSL,3,6,5476.59,0,-18.97
4550,49,GSL,4,6,9069.77,0,-40.43
4550,50,GSL,5,6,12378.04,0,-67.68
4550,51,GSL,0,7,4488.85,0,-12.97
4550,52,GSL,1,7,8659.47,0,-37.83
4550,53,GSL,2,7,13051.18,0,-78.61
4550,54,GSL,3,7,12513.34,0,-69.42
4550,55,GSL,4,7,8618.75,0,-37.58
4550,56,GSL,5,7,5882.46,0,-21.35
4560,0,ISL,0,1,11987.52,1,
4560,1,ISL,1,2,11987.52,1,
4560,2,ISL,2,0,11987.52,1,
4560,3,ISL,3,4,11987.52,1,
4560,4,ISL,4,5,11987.52,1,
4560,5,ISL,5,3,11987.52,1,
4560,6,ISL,0,3,10785.02,1,
4560,7,ISL,1,4,7662.86,1,
4560,8,ISL,2,5,12822.29,1,
4560,45,GSL,0,6,12720.71,0,-72.41
4560,46,GSL,1,6,9660.27,0,-44.33
4560,47,GSL,2,6,3214.39,0,-4.23
4560,48,GSL,3,6,5434.68,0,-18.72
4560,49,GSL,4,6,9111.45,0,-40.7
4560,50,GSL,5,6,12365.89,0,-67.53
4560,51,GSL,0,7,4424.11,0,-12.56
4560,52,GSL,1,7,8711.86,0,-38.16
4560,53,GSL,2,7,13038.42,0,-78.31
4560,54,GSL,3,7,12523.97,0,-69.57
4560,55,GSL,4,7,8575.19,0,-37.31
4560,56,GSL,5,7,5923.34,0,-21.59
4570,0,ISL,0,1,11987.52,1,
4570,1,ISL,1,2,11987.52,1,
4570,2,ISL,2,0,11987.52,1,
4570,3,ISL,3,4,11987.52,1,
4570,4,ISL,4,5,11987.52,1,
4570,5,ISL,5,3,11987.52,1,
4570,6,ISL,0,3,10846.84,1,
4570,7,ISL,1,4,7623.88,1,
4570,8,ISL,2,5,12793.34,1,
4570,45,GSL,0,6,12740.29,0,-72.71
4570,46,GSL,1,6,9612.28,0,-44.0
4570,47,GSL,2,6,3280.05,0,-4.73
4570,48,GSL,3,6,5393.05,0,-18.47
4570,49,GSL,4,6,9153.01,0,-40.97
4570,50,GSL,5,6,12353.43,0,-67.38
4570,51,GSL,0,7,4359.26,0,-12.15
4570,52,GSL,1,7,8764.01,0,-38.49
4570,53,GSL,2,7,13025.31,0,-78.01
4570,54,GSL,3,7,12534.3,0,-69.71
4570,55,GSL,4,7,8531.46,0,-37.04
4570,56,GSL,5,7,5964.48,0,-21.83
4580,0,ISL,0,1,11987.52,1,
4580,1,ISL,1,2,11987.52,1,
4580,2,ISL,2,0,11987.52,1,
4580,3,ISL,3,4,11987.52,1,
4580,4,ISL,4,5,11987.52,1,
4580,5,ISL,5,3,11987.52,1,
4580,6,ISL,0,3,10908.22,1,
4580,7,ISL,1,4,7586.45,1,
4580,8,ISL,2,5,12763.38,1,
4580,45,GSL,0,6,12759.51,0,-73.02
4580,46,GSL,1,6,9564.03,0,-43.68
4580,47,GSL,2,6,3345.72,0,-5.23
4580,48,GSL,3,6,5351.69,0,-18.23
4580,49,GSL,4,6,9194.43,0,-41.24
4580,50,GSL,5,6,12340.64,0,-67.22
4580,51,GSL,0,7,4294.32,0,-11.74
4580,52,GSL,1,7,8815.94,0,-38.81
4580,53,GSL,2,7,13011.83,0,-77.71
4580,54,GSL,3,7,12544.33,0,-69.84
4580,55,GSL,4,7,8487.59,0,-36.76
4580,56,GSL,5,7,6005.86,0,-22.07
4590,0,ISL,0,1,11987.52,1,
4590,1,ISL,1,2,11987.52,1,
4590,2,ISL,2,0,11987.52,1,
4590,3,ISL,3,4,11987.52,1,
4590,4,ISL,4,5,11987.52,1,
4590,5,ISL,5,3,11987.52,1,
4590,6,ISL,0,3,10969.12,1,
4590,7,ISL,1,4,7550.6,1,
4590,8,ISL,2,5,12732.4,1,
4590,45,GSL,0,6,12778.38,0,-73.33
4590,46,GSL,1,6,9515.52,0,-43.35
4590,47,GSL,2,6,3411.38,0,-5.71
4590,48,GSL,3,6,5310.62,0,-17.98
4590,49,GSL,4,6,9235.73,0,-41.51
4590,50,GSL,5,6,12327.54,0,-67.06
4590,51,GSL,0,7,4229.29,0,-11.32
4590,52,GSL,1,7,8867.63,0,-39.14
4590,53,GSL,2,7,12998.0,0,-77.41
4590,54,GSL,3,7,12554.04,0,-69.98
4590,55,GSL,4,7,8443.55,0,-36.49
4590,56,GSL,5,7,6047.49,0,-22.32
4600,0,ISL,0,1,11987.52,1,
4600,1,ISL,1,2,11987.52,1,
4600,2,ISL,2,0,11987.52,1,
4600,3,ISL,3,4,11987.52,1,
4600,4,ISL,4,5,11987.52,1,
4600,5,ISL,5,3,11987.52,1,
4600,6,ISL,0,3,11029.53,1,
4600,7,ISL,1,4,7516.38,1,
4600,8,ISL,2,5,12700.42,1,
4600,45,GSL,0,6,12796.89,0,-73.63
4600,46,GSL,1,6,9466.75,0,-43.03
4600,47,GSL,2,6,3477.03,0,-6.19
4600,48,GSL,3,6,5269.85,0,-17.74
4600,49,GSL,4,6,9276.9,0,-41.78
4600,50,GSL,5,6,12314.11,0,-66.9
4600,51,GSL,0,7,4164.17,0,-10.9
4600,52,GSL,1,7,8919.09,0,-39.47
4600,53,GSL,2,7,12983.8,0,-77.11
4600,54,GSL,3,7,12563.45,0,-70.11
4600,55,GSL,4,7,8399.36,0,-36.22
4600,56,GSL,5,7,6089.34,0,-22.56
4610,0,ISL,0,1,11987.52,1,
4610,1,ISL,1,2,11987.52,1,
4610,2,ISL,2,0,11987.52,1,
4610,3,ISL,3,4,11987.52,1,
4610,4,ISL,4,5,11987.52,1,
4610,5,ISL,5,3,11987.52,1,
4610,6,ISL,0,3,11089.43,1,
4610,7,ISL,1,4,7483.82,1,
4610,8,ISL,2,5,12667.45,1,
4610,45,GSL,0,6,12815.05,0,-73.94
4610,46,GSL,1,6,9417.73,0,-42.7
4610,47,GSL,2,6,3542.67,0,-6.67
4610,48,GSL,3,6,5229.41,0,-17.5
4610,49,GSL,4,6,9317.93,0,-42.04
4610,50,GSL,5,6,12300.37,0,-66.74
4610,51,GSL,0,7,4098.97,0,-10.47
4610,52,GSL,1,7,8970.32,0,-39.79
4610,53,GSL,2,7,12969.25,0,-76.8
4610,54,GSL,3,7,12572.55,0,-70.23
4610,55,GSL,4,7,8355.03,0,-35.95
4610,56,GSL,5,7,6131.41,0,-22.81
4620,0,ISL,0,1,11987.52,1,
4620,1,ISL,1,2,11987.52,1,
4620,2,ISL,2,0,11987.52,1,
4620,3,ISL,3,4,11987.52,1,
4620,4,ISL,4,5,11987.52,1,
4620,5,ISL,5,3,11987.52,1,
4620,6,ISL,0,3,11148.79,1,
4620,7,ISL,1,4,7452.97,1,
4620,8,ISL,2,5,12633.49,1,
4620,45,GSL,0,6,12832.84,0,-74.24
4620,46,GSL,1,6,9368.46,0,-42.38
4620,47,GSL,2,6,3608.29,0,-7.13
4620,48,GSL,3,6,5189.29,0,-17.26
4620,49,GSL,4,6,9358.82,0,-42.31
4620,50,GSL,5,6,12286.31,0,-66.57
4620,51,GSL,0,7,4033.69,0,-10.04
4620,52,GSL,1,7,9021.31,0,-40.12
4620,53,GSL,2,7,12954.34,0,-76.5
4620,54,GSL,3,7,12581.34,0,-70.35
4620,55,GSL,4,7,8310.54,0,-35.67
4620,56,GSL,5,7,6173.69,0,-23.05
4630,0,ISL,0,1,11987.52,1,
4630,1,ISL,1,2,11987.52,1,
4630,2,ISL,2,0,11987.52,1,
4630,3,ISL,3,4,11987.52,1,
4630,4,ISL,4,5,11987.52,1,
4630,5,ISL,5,3,11987.52,1,
4630,6,ISL,0,3,11207.6,1,
4630,7,ISL,1,4,7423.85,1,
4630,8,ISL,2,5,12598.55,1,
4630,45,GSL,0,6,12850.28,0,-74.55
4630,46,GSL,1,6,9318.93,0,-42.05
4630,47,GSL,2,6,3673.88,0,-7.59
4630,48,GSL,3,6,5149.51,0,-17.02
4630,49,GSL,4,6,9399.58,0,-42.58
4630,50,GSL,5,6,12271.93,0,-66.4
4630,51,GSL,0,7,3968.33,0,-9.61
4630,52,GSL,1,7,9072.06,0,-40.45
4630,53,GSL,2,7,12939.08,0,-76.2
4630,54,GSL,3,7,12589.82,0,-70.47
4630,55,GSL,4,7,8265.91,0,-35.4
4630,56,GSL,5,7,6216.17,0,-23.3
4640,0,ISL,0,1,11987.52,1,
4640,1,ISL,1,2,11987.52,1,
4640,2,ISL,2,0,11987.52,1,
4640,3,ISL,3,4,11987.52,1,
4640,4,ISL,4,5,11987.52,1,
4640,5,ISL,5,3,11987.52,1,
4640,6,ISL,0,3,11265.83,1,
4640,7,ISL,1,4,7396.5,1,
4640,8,ISL,2,5,12562.64,1,
4640,45,GSL,0,6,12867.36,0,-74.85
4640,46,GSL,1,6,9269.16,0,-41.72
4640,47,GSL,2,6,3739.43,0,-8.05
4640,48,GSL,3,6,5110.08,0,-16.78
4640,49,GSL,4,6,9440.19,0,-42.85
4640,50,GSL,5,6,12257.23,0,-66.23
4640,51,GSL,0,7,3902.9,0,-9.17
4640,52,GSL,1,7,9122.57,0,-40.77
4640,53,GSL,2,7,12923.46,0,-75.89
4640,54,GSL,3,7,12597.99,0,-70.59
4640,55,GSL,4,7,8221.14,0,-35.13
4640,56,GSL,5,7,6258.85,0,-23.55
4650,0,ISL,0,1,11987.52,1,
4650,1,ISL,1,2,11987.52,1,
4650,2,ISL,2,0,11987.52,1,
4650,3,ISL,3,4,11987.52,1,
4650,4,ISL,4,5,11987.52,1,
4650,5,ISL,5,3,11987.52,1,
4650,6,ISL,0,3,11323.48,1,
4650,7,ISL,1,4,7370.96,1,
4650,8,ISL,2,5,12525.77,1,
4650,45,GSL,0,6,12884.08,0,-75.15
4650,46,GSL,1,6,9219.13,0,-41.4
4650,47,GSL,2,6,3804.95,0,-8.5
4650,48,GSL,3,6,5071.03,0,-16.55
4650,49,GSL,4,6,9480.65,0,-43.12
4650,50,GSL,5,6,12242.21,0,-66.05
4650,51,GSL,0,7,3837.39,0,-8.72
4650,52,GSL,1,7,9172.84,0,-41.1
4650,53,GSL,2,7,12907.48,0,-75.59
4650,54,GSL,3,7,12605.85,0,-70.7
4650,55,GSL,4,7,8176.23,0,-34.86
4650,56,GSL,5,7,6301.71,0,-23.8
4660,0,ISL,0,1,11987.52,1,
4660,1,ISL,1,2,11987.52,1,
4660,2,ISL,2,0,11987.52,1,
4660,3,ISL,3,4,11987.52,1,
4660,4,ISL,4,5,11987.52,1,
4660,5,ISL,5,3,11987.52,1,
4660,6,ISL,0,3,11380.51,1,
4660,7,ISL,1,4,7347.26,1,
4660,8,ISL,2,5,12487.95,1,
4660,45,GSL,0,6,12900.44,0,-75.46
4660,46,GSL,1,6,9168.86,0,-41.07
4660,47,GSL,2,6,3870.42,0,-8.95
4660,48,GSL,3,6,5032.35,0,-16.32
4660,49,GSL,4,6,9520.96,0,-43.39
4660,50,GSL,5,6,12226.87,0,-65.87
4660,51,GSL,0,7,3771.82,0,-8.27
4660,52,GSL,1,7,9222.87,0,-41.42
4660,53,GSL,2,7,12891.15,0,-75.28
4660,54,GSL,3,7,12613.4,0,-70.81
4660,55,GSL,4,7,8131.18,0,-34.58
4660,56,GSL,5,7,6344.75,0,-24.05
4670,0,ISL,0,1,11987.52,1,
4670,1,ISL,1,2,11987.52,1,
4670,2,ISL,2,0,11987.52,1,
4670,3,ISL,3,4,11987.52,1,
4670,4,ISL,4,5,11987.52,1,
4670,5,ISL,5,3,11987.52,1,
4670,6,ISL,0,3,11436.91,1,
4670,7,ISL,1,4,7325.42,1,
4670,8,ISL,2,5,12449.19,1,
4670,45,GSL,0,6,12916.44,0,-75.76
4670,46,GSL,1,6,9118.35,0,-40.74
4670,47,GSL,2,6,3935.84,0,-9.39
4670,48,GSL,3,6,4994.07,0,-16.08
4670,49,GSL,4,6,9561.12,0,-43.66
4670,50,GSL,5,6,12211.22,0,-65.69
4670,51,GSL,0,7,3706.19,0,-7.82
4670,52,GSL,1,7,9272.66,0,-41.75
4670,53,GSL,2,7,12874.46,0,-74.98
4670,54,GSL,3,7,12620.63,0,-70.91
4670,55,GSL,4,7,8086.0,0,-34.31
4670,56,GSL,5,7,6387.95,0,-24.3
4680,0,ISL,0,1,11987.52,1,
4680,1,ISL,1,2,11987.52,1,
4680,2,ISL,2,0,11987.52,1,
4680,3,ISL,3,4,11987.52,1,
4680,4,ISL,4,5,11987.52,1,
4680,5,ISL,5,3,11987.52,1,
4680,6,ISL,0,3,11492.67,1,
4680,7,ISL,1,4,7305.47,1,
4680,8,ISL,2,5,12409.5,1,
4680,45,GSL,0,6,12932.08,0,-76.06
4680,46,GSL,1,6,9067.59,0,-40.42
4680,47,GSL,2,6,4001.21,0,-9.82
4680,48,GSL,3,6,4956.2,0,-15.85
4680,49,GSL,4,6,9601.13,0,-43.93
4680,50,GSL,5,6,12195.25,0,-65.51
4680,51,GSL,0,7,3640.51,0,-7.36
4680,52,GSL,1,7,9322.19,0,-42.07
4680,53,GSL,2,7,12857.41,0,-74.67
4680,54,GSL,3,7,12627.55,0,-71.01
4680,55,GSL,4,7,8040.69,0,-34.03
4680,56,GSL,5,7,6431.32,0,-24.55
4690,0,ISL,0,1,11987.52,1,
4690,1,ISL,1,2,11987.52,1,
4690,2,ISL,2,0,11987.52,1,
4690,3,ISL,3,4,11987.52,1,
4690,4,ISL,4,5,11987.52,1,
4690,5,ISL,5,3,11987.52,1,
4690,6,ISL,0,3,11547.77,1,
4690,7,ISL,1,4,7287.45,1,
4690,8,ISL,2,5,12368.89,1,
4690,45,GSL,0,6,12947.36,0,-76.36
4690,46,GSL,1,6,9016.59,0,-40.09
4690,47,GSL,2,6,4066.52,0,-10.26
4690,48,GSL,3,6,4918.76,0,-15.63
4690,49,GSL,4,6,9640.98,0,-44.2
4690,50,GSL,5,6,12178.96,0,-65.33
4690,51,GSL,0,7,3574.77,0,-6.9
4690,52,GSL,1,7,9371.49,0,-42.4
4690,53,GSL,2,7,12840.01,0,-74.37
4690,54,GSL,3,7,12634.16,0,-71.11
4690,55,GSL,4,7,7995.25,0,-33.76
4690,56,GSL,5,7,6474.84,0,-24.81
4700,0,ISL,0,1,11987.52,1,
4700,1,ISL,1,2,11987.52,1,
4700,2,ISL,2,0,11987.52,1,
4700,3,ISL,3,4,11987.52,1,
4700,4,ISL,4,5,11987.52,1,
4700,5,ISL,5,3,11987.52,1,
4700,6,ISL,0,3,11602.18,1,
4700,7,ISL,1,4,7271.36,1,
4700,8,ISL,2,5,12327.36,1,
4700,45,GSL,0,6,12962.28,0,-76.66
4700,46,GSL,1,6,8965.34,0,-39.76
4700,47,GSL,2,6,4131.77,0,-10.68
4700,48,GSL,3,6,4881.75,0,-15.4
4700,49,GSL,4,6,9680.67,0,-44.47
4700,50,GSL,5,6,12162.35,0,-65.14
4700,51,GSL,0,7,3508.98,0,-6.42
4700,52,GSL,1,7,9420.53,0,-42.72
4700,53,GSL,2,7,12822.26,0,-74.06
4700,54,GSL,3,7,12640.45,0,-71.2
4700,55,GSL,4,7,7949.69,0,-33.49
4700,56,GSL,5,7,6518.51,0,-25.06
4710,0,ISL,0,1,11987.52,1,
4710,1,ISL,1,2,11987.52,1,
4710,2,ISL,2,0,11987.52,1,
4710,3,ISL,3,4,11987.52,1,
4710,4,ISL,4,5,11987.52,1,
4710,5,ISL,5,3,11987.52,1,
4710,6,ISL,0,3,11655.9,1,
4710,7,ISL,1,4,7257.24,1,
4710,8,ISL,2,5,12284.94,1,
4710,45,GSL,0,6,12976.84,0,-76.96
4710,46,GSL,1,6,8913.86,0,-39.43
4710,47,GSL,2,6,4196.95,0,-11.11
4710,48,GSL,3,6,4845.2,0,-15.18
4710,49,GSL,4,6,9720.19,0,-44.73
4710,50,GSL,5,6,12145.43,0,-64.95
4710,51,GSL,0,7,3443.15,0,-5.95
4710,52,GSL,1,7,9469.32,0,-43.04
4710,53,GSL,2,7,12804.15,0,-73.75
4710,54,GSL,3,7,12646.44,0,-71.29
4710,55,GSL,4,7,7904.01,0,-33.21
4710,56,GSL,5,7,6562.32,0,-25.31
4720,0,ISL,0,1,11987.52,1,
4720,1,ISL,1,2,11987.52,1,
4720,2,ISL,2,0,11987.52,1,
4720,3,ISL,3,4,11987.52,1,
4720,4,ISL,4,5,11987.52,1,
4720,5,ISL,5,3,11987.52,1,
4720,6,ISL,0,3,11708.91,1,
4720,7,ISL,1,4,7245.09,1,
4720,8,ISL,2,5,12241.62,1,
4720,45,GSL,0,6,12991.03,0,-77.26
4720,46,GSL,1,6,8862.14,0,-39.11
4720,47,GSL,2,6,4262.06,0,-11.53
4720,48,GSL,3,6,4809.11,0,-14.96
4720,49,GSL,4,6,9759.56,0,-45.0
4720,50,GSL,5,6,12128.2,0,-64.76
4720,51,GSL,0,7,3377.28,0,-5.46
4720,52,GSL,1,7,9517.86,0,-43.37
4720,53,GSL,2,7,12785.69,0,-73.45
4720,54,GSL,3,7,12652.1,0,-71.37
4720,55,GSL,4,7,7858.2,0,-32.94
4720,56,GSL,5,7,6606.26,0,-25.57
4730,0,ISL,0,1,11987.52,1,
4730,1,ISL,1,2,11987.52,1,
4730,2,ISL,2,0,11987.52,1,
4730,3,ISL,3,4,11987.52,1,
4730,4,ISL,4,5,11987.52,1,
4730,5,ISL,5,3,11987.52,1,
4730,6,ISL,0,3,11761.18,1,
4730,7,ISL,1,4,7234.94,1,
4730,8,ISL,2,5,12197.43,1,
4730,45,GSL,0,6,13004.86,0,-77.56
4730,46,GSL,1,6,8810.19,0,-38.78
4730,47,GSL,2,6,4327.09,0,-11.95
4730,48,GSL,3,6,4773.51,0,-14.74
4730,49,GSL,4,6,9798.75,0,-45.27
4730,50,GSL,5,6,12110.65,0,-64.57
4730,51,GSL,0,7,3311.38,0,-4.97
4730,52,GSL,1,7,9566.15,0,-43.69
4730,53,GSL,2,7,12766.88,0,-73.14
4730,54,GSL,3,7,12657.45,0,-71.45
4730,55,GSL,4,7,7812.29,0,-32.66
4730,56,GSL,5,7,6650.32,0,-25.83
4740,0,ISL,0,1,11987.52,1,
4740,1,ISL,1,2,11987.52,1,
4740,2,ISL,2,0,11987.52,1,
4740,3,ISL,3,4,11987.52,1,
4740,4,ISL,4,5,11987.52,1,
4740,5,ISL,5,3,11987.52,1,
4740,6,ISL,0,3,11812.72,1,
4740,7,ISL,1,4,7226.81,1,
4740,8,ISL,2,5,12152.37,1,
4740,45,GSL,0,6,13018.33,0,-77.85
4740,46,GSL,1,6,8758.01,0,-38.45
4740,47,GSL,2,6,4392.04,0,-12.36
4740,48,GSL,3,6,4738.41,0,-14.52
4740,49,GSL,4,6,9837.77,0,-45.54
4740,50,GSL,5,6,12092.78,0,-64.37
4740,51,GSL,0,7,3245.45,0,-4.47
4740,52,GSL,1,7,9614.18,0,-44.02
4740,53,GSL,2,7,12747.71,0,-72.83
4740,54,GSL,3,7,12662.48,0,-71.52
4740,55,GSL,4,7,7766.26,0,-32.39
4740,56,GSL,5,7,6694.5,0,-26.08
4750,0,ISL,0,1,11987.52,1,
4750,1,ISL,1,2,11987.52,1,
4750,2,ISL,2,0,11987.52,1,
4750,3,ISL,3,4,11987.52,1,
4750,4,ISL,4,5,11987.52,1,
4750,5,ISL,5,3,11987.52,1,
4750,6,ISL,0,3,11863.49,1,
4750,7,ISL,1,4,7220.69,1,
4750,8,ISL,2,5,12106.46,1,
4750,45,GSL,0,6,13031.44,0,-78.15
4750,46,GSL,1,6,8705.59,0,-38.12
4750,47,GSL,2,6,4456.91,0,-12.77
4750,48,GSL,3,6,4703.82,0,-14.31
4750,49,GSL,4,6,9876.63,0,-45.81
4750,50,GSL,5,6,12074.6,0,-64.17
4750,51,GSL,0,7,3179.5,0,-3.96
4750,52,GSL,1,7,9661.96,0,-44.34
4750,53,GSL,2,7,12728.2,0,-72.52
4750,54,GSL,3,7,12667.2,0,-71.59
4750,55,GSL,4,7,7720.13,0,-32.11
4750,56,GSL,5,7,6738.78,0,-26.34
4760,0,ISL,0,1,11987.52,1,
4760,1,ISL,1,2,11987.52,1,
4760,2,ISL,2,0,11987.52,1,
4760,3,ISL,3,4,11987.52,1,
4760,4,ISL,4,5,11987.52,1,
4760,5,ISL,5,3,11987.52,1,
4760,6,ISL,0,3,11913.49,1,
4760,7,ISL,1,4,7216.6,1,
4760,8,ISL,2,5,12059.71,1,
4760,45,GSL,0,6,13044.18,0,-78.44
4760,46,GSL,1,6,8652.94,0,-37.79
4760,47,GSL,2,6,4521.69,0,-13.18
4760,48,GSL,3,6,4669.77,0,-14.1
4760,49,GSL,4,6,9915.3,0,-46.08
4760,50,GSL,5,6,12056.11,0,-63.97
4760,51,GSL,0,7,3113.53,0,-3.44
4760,52,GSL,1,7,9709.48,0,-44.66
4760,53,GSL,2,7,12708.33,0,-72.22
4760,54,GSL,3,7,12671.6,0,-71.66
4760,55,GSL,4,7,7673.89,0,-31.84
4760,56,GSL,5,7,6783.18,0,-26.6
4770,0,ISL,0,1,11987.52,1,
4770,1,ISL,1,2,11987.52,1,
4770,2,ISL,2,0,11987.52,1,
4770,3,ISL,3,4,11987.52,1,
4770,4,ISL,4,5,11987.52,1,
4770,5,ISL,5,3,11987.52,1,
4770,6,ISL,0,3,11962.7,1,
4770,7,ISL,1,4,7214.54,1,
4770,8,ISL,2,5,12012.13,1,
4770,45,GSL,0,6,13056.56,0,-78.74
4770,46,GSL,1,6,8600.06,0,-37.46
4770,47,GSL,2,6,4586.38,0,-13.58
4770,48,GSL,3,6,4636.27,0,-13.89
4770,49,GSL,4,6,9953.8,0,-46.35
4770,50,GSL,5,6,12037.3,0,-63.77
4770,51,GSL,0,7,3047.56,0,-2.92
4770,52,GSL,1,7,9756.73,0,-44.98
4770,53,GSL,2,7,12688.11,0,-71.91
4770,54,GSL,3,7,12675.69,0,-71.72
4770,55,GSL,4,7,7627.55,0,-31.56
4770,56,GSL,5,7,6827.66,0,-26.86
4780,0,ISL,0,1,11987.52,1,
4780,1,ISL,1,2,11987.52,1,
4780,2,ISL,2,0,11987.52,1,
4780,3,ISL,3,4,11987.52,1,
4780,4,ISL,4,5,11987.52,1,
4780,5,ISL,5,3,11987.52,1,
4780,6,ISL,0,3,12011.12,1,
4780,7,ISL,1,4,7214.52,1,
4780,8,ISL,2,5,11963.74,1,
4780,45,GSL,0,6,13068.57,0,-79.03
4780,46,GSL,1,6,8546.96,0,-37.13
4780,47,GSL,2,6,4650.98,0,-13.98
4780,48,GSL,3,6,4603.33,0,-13.69
4780,49,GSL,4,6,9992.12,0,-46.62
4780,50,GSL,5,6,12018.18,0,-63.57
4780,51,GSL,0,7,2981.59,0,-2.38
4780,52,GSL,1,7,9803.73,0,-45.31
4780,53,GSL,2,7,12667.54,0,-71.6
4780,54,GSL,3,7,12679.45,0,-71.78
4780,55,GSL,4,7,7581.12,0,-31.28
4780,56,GSL,5,7,6872.24,0,-27.12
4790,0,ISL,0,1,11987.52,1,
4790,1,ISL,1,2,11987.52,1,
4790,2,ISL,2,0,11987.52,1,
4790,3,ISL,3,4,11987.52,1,
4790,4,ISL,4,5,11987.52,1,
4790,5,ISL,5,3,11987.52,1,
4790,6,ISL,0,3,12058.71,1,
4790,7,ISL,1,4,7216.53,1,
4790,8,ISL,2,5,11914.54,1,
4790,45,GSL,0,6,13080.22,0,-79.32
4790,46,GSL,1,6,8493.63,0,-36.8
4790,47,GSL,2,6,4715.48,0,-14.38
4790,48,GSL,3,6,4570.97,0,-13.49
4790,49,GSL,4,6,10030.25,0,-46.88
4790,50,GSL,5,6,11998.75,0,-63.36
4790,51,GSL,0,7,2915.63,0,-1.84
4790,52,GSL,1,7,9850.47,0,-45.63
4790,53,GSL,2,7,12646.62,0,-71.29
4790,54,GSL,3,7,12682.9,0,-71.83
4790,55,GSL,4,7,7534.59,0,-31.01
4790,56,GSL,5,7,6916.9,0,-27.38
4800,0,ISL,0,1,11987.52,1,
4800,1,ISL,1,2,11987.52,1,
4800,2,ISL,2,0,11987.52,1,
4800,3,ISL,3,4,11987.52,1,
4800,4,ISL,4,5,11987.52,1,
4800,5,ISL,5,3,11987.52,1,
4800,6,ISL,0,3,12105.48,1,
4800,7,ISL,1,4,7220.58,1,
4800,8,ISL,2,5,11864.56,1,
4800,45,GSL,0,6,13091.5,0,-79.61
4800,46,GSL,1,6,8440.08,0,-36.47
4800,47,GSL,2,6,4779.88,0,-14.78
4800,48,GSL,3,6,4539.2,0,-13.29
4800,49,GSL,4,6,10068.21,0,-47.15
4800,50,GSL,5,6,11979.0,0,-63.15
4800,51,GSL,0,7,2849.68,0,-1.28
4800,52,GSL,1,7,9896.94,0,-45.95
4800,53,GSL,2,7,12625.35,0,-70.98
4800,54,GSL,3,7,12686.03,0,-71.88
4800,55,GSL,4,7,7487.97,0,-30.73
4800,56,GSL,5,7,6961.64,0,-27.64
4810,0,ISL,0,1,11987.52,1,
4810,1,ISL,1,2,11987.52,1,
4810,2,ISL,2,0,11987.52,1,
4810,3,ISL,3,4,11987.52,1,
4810,4,ISL,4,5,11987.52,1,
4810,5,ISL,5,3,11987.52,1,
4810,6,ISL,0,3,12151.41,1,
4810,7,ISL,1,4,7226.65,1,
4810,8,ISL,2,5,11813.8,1,
4810,45,GSL,0,6,13102.42,0,-79.9
4810,46,GSL,1,6,8386.31,0,-36.14
4810,47,GSL,2,6,4844.18,0,-15.17
4810,48,GSL,3,6,4508.06,0,-13.09
4810,49,GSL,4,6,10105.97,0,-47.42
4810,50,GSL,5,6,11958.95,0,-62.94
4810,51,GSL,0,7,2783.76,0,-0.71
4810,52,GSL,1,7,9943.15,0,-46.27
4810,53,GSL,2,7,12603.74,0,-70.67
4810,54,GSL,3,7,12688.85,0,-71.92
4810,55,GSL,4,7,7441.27,0,-30.46
4810,56,GSL,5,7,7006.45,0,-27.9
4820,0,ISL,0,1,11987.52,1,
4820,1,ISL,1,2,11987.52,1,
4820,2,ISL,2,0,11987.52,1,
4820,3,ISL,3,4,11987.52,1,
4820,4,ISL,4,5,11987.52,1,
4820,5,ISL,5,3,11987.52,1,
4820,6,ISL,0,3,12196.49,1,
4820,7,ISL,1,4,7234.75,1,
4820,8,ISL,2,5,11762.28,1,
4820,45,GSL,0,6,13112.98,0,-80.18
4820,46,GSL,1,6,8332.31,0,-35.81
4820,47,GSL,2,6,4908.37,0,-15.56
4820,48,GSL,3,6,4477.54,0,-12.9
4820,49,GSL,4,6,10143.55,0,-47.69
4820,50,GSL,5,6,11938.58,0,-62.73
4820,51,GSL,0,7,2717.87,0,-0.13
4820,52,GSL,1,7,9989.09,0,-46.59
4820,53,GSL,2,7,12581.77,0,-70.36
4820,54,GSL,3,7,12691.34,0,-71.96
4820,55,GSL,4,7,7394.48,0,-30.18
4820,56,GSL,5,7,7051.33,0,-28.17
4830,0,ISL,0,1,11987.52,1,
4830,1,ISL,1,2,11987.52,1,
4830,2,ISL,2,0,11987.52,1,
4830,3,ISL,3,4,11987.52,1,
4830,4,ISL,4,5,11987.52,1,
4830,5,ISL,5,3,11987.52,1,
4830,6,ISL,0,3,12240.7,1,
4830,7,ISL,1,4,7244.86,1,
4830,8,ISL,2,5,11710.02,1,
4830,45,GSL,0,6,13123.16,0,-80.47
4830,46,GSL,1,6,8278.1,0,-35.48
4830,47,GSL,2,6,4972.45,0,-15.95
4830,48,GSL,3,6,4447.68,0,-12.71
4830,49,GSL,4,6,10180.93,0,-47.96
4830,50,GSL,5,6,11917.9,0,-62.52
4830,51,GSL,0,7,2652.03,0,0.47
4830,52,GSL,1,7,10034.76,0,-46.92
4830,53,GSL,2,7,12559.46,0,-70.05
4830,54,GSL,3,7,12693.51,0,-71.99
4830,55,GSL,4,7,7347.62,0,-29.9
4830,56,GSL,5,7,7096.26,0,-28.43
4840,0,ISL,0,1,11987.52,1,
4840,1,ISL,1,2,11987.52,1,
4840,2,ISL,2,0,11987.52,1,
4840,3,ISL,3,4,11987.52,1,
4840,4,ISL,4,5,11987.52,1,
4840,5,ISL,5,3,11987.52,1,
4840,6,ISL,0,3,12284.03,1,
4840,7,ISL,1,4,7256.96,1,
4840,8,ISL,2,5,11657.03,1,
4840,45,GSL,0,6,13132.98,0,-80.75
4840,46,GSL,1,6,8223.68,0,-35.14
4840,47,GSL,2,6,5036.42,0,-16.34
4840,48,GSL,3,6,4418.48,0,-12.53
4840,49,GSL,4,6,10218.12,0,-48.23
4840,50,GSL,5,6,11896.92,0,-62.31
4840,51,GSL,0,7,2586.24,0,1.08
4840,52,GSL,1,7,10080.16,0,-47.24
4840,53,GSL,2,7,12536.8,0,-69.74
4840,54,GSL,3,7,12695.36,0,-72.02
4840,55,GSL,4,7,7300.68,0,-29.63
4840,56,GSL,5,7,7141.25,0,-28.69
4850,0,ISL,0,1,11987.52,1,
4850,1,ISL,1,2,11987.52,1,
4850,2,ISL,2,0,11987.52,1,
4850,3,ISL,3,4,11987.52,1,
4850,4,ISL,4,5,11987.52,1,
4850,5,ISL,5,3,11987.52,1,
4850,6,ISL,0,3,12326.47,1,
4850,7,ISL,1,4,7271.04,1,
4850,8,ISL,2,5,11603.33,1,
4850,45,GSL,0,6,13142.44,0,-81.03
4850,46,GSL,1,6,8169.04,0,-34.81
4850,47,GSL,2,6,5100.27,0,-16.73
4850,48,GSL,3,6,4389.96,0,-12.35
4850,49,GSL,4,6,10255.12,0,-48.49
4850,50,GSL,5,6,11875.62,0,-62.09
4850,51,GSL,0,7,2520.52,0,1.71
4850,52,GSL,1,7,10125.3,0,-47.56
4850,53,GSL,2,7,12513.79,0,-69.43
4850,54,GSL,3,7,12696.9,0,-72.04
4850,55,GSL,4,7,7253.68,0,-29.35
4850,56,GSL,5,7,7186.28,0,-28.96
4860,0,ISL,0,1,11987.52,1,
4860,1,ISL,1,2,11987.52,1,
4860,2,ISL,2,0,11987.52,1,
4860,3,ISL,3,4,11987.52,1,
4860,4,ISL,4,5,11987.52,1,
4860,5,ISL,5,3,11987.52,1,
4860,6,ISL,0,3,12368.02,1,
4860,7,ISL,1,4,7287.09,1,
4860,8,ISL,2,5,11548.93,1,
4860,45,GSL,0,6,13151.53,0,-81.31
4860,46,GSL,1,6,8114.19,0,-34.48
4860,47,GSL,2,6,5164.0,0,-17.11
4860,48,GSL,3,6,4362.15,0,-12.17
4860,49,GSL,4,6,10291.91,0,-48.76
4860,50,GSL,5,6,11854.02,0,-61.87
4860,51,GSL,0,7,2454.88,0,2.35
4860,52,GSL,1,7,10170.16,0,-47.88
4860,53,GSL,2,7,12490.44,0,-69.12
4860,54,GSL,3,7,12698.11,0,-72.06
4860,55,GSL,4,7,7206.6,0,-29.08
4860,56,GSL,5,7,7231.35,0,-29.22
4870,0,ISL,0,1,11987.52,1,
4870,1,ISL,1,2,11987.52,1,
4870,2,ISL,2,0,11987.52,1,
4870,3,ISL,3,4,11987.52,1,
4870,4,ISL,4,5,11987.52,1,
4870,5,ISL,5,3,11987.52,1,
4870,6,ISL,0,3,12408.65,1,
4870,7,ISL,1,4,7305.07,1,
4870,8,ISL,2,5,11493.85,1,
4870,45,GSL,0,6,13160.25,0,-81.58
4870,46,GSL,1,6,8059.13,0,-34.15
4870,47,GSL,2,6,5227.62,0,-17.49
4870,48,GSL,3,6,4335.06,0,-12.0
4870,49,GSL,4,6,10328.51,0,-49.03
4870,50,GSL,5,6,11832.11,0,-61.65
4870,51,GSL,0,7,2389.34,0,3.02
4870,52,GSL,1,7,10214.75,0,-48.2
4870,53,GSL,2,7,12466.74,0,-68.81
4870,54,GSL,3,7,12699.0,0,-72.07
4870,55,GSL,4,7,7159.47,0,-28.8
4870,56,GSL,5,7,7276.47,0,-29.49
4880,0,ISL,0,1,11987.52,1,
4880,1,ISL,1,2,11987.52,1,
4880,2,ISL,2,0,11987.52,1,
4880,3,ISL,3,4,11987.52,1,
4880,4,ISL,4,5,11987.52,1,
4880,5,ISL,5,3,11987.52,1,
4880,6,ISL,0,3,12448.36,1,
4880,7,ISL,1,4,7324.98,1,
4880,8,ISL,2,5,11438.1,1,
4880,45,GSL,0,6,13168.6,0,-81.85
4880,46,GSL,1,6,8003.85,0,-33.81
4880,47,GSL,2,6,5291.11,0,-17.87
4880,48,GSL,3,6,4308.7,0,-11.83
4880,49,GSL,4,6,10364.9,0,-49.3
4880,50,GSL,5,6,11809.89,0,-61.43
4880,51,GSL,0,7,2323.91,0,3.7
4880,52,GSL,1,7,10259.06,0,-48.52
4880,53,GSL,2,7,12442.7,0,-68.5
4880,54,GSL,3,7,12699.57,0,-72.08
4880,55,GSL,4,7,7112.28,0,-28.52
4880,56,GSL,5,7,7321.61,0,-29.75
4890,0,ISL,0,1,11987.52,1,
4890,1,ISL,1,2,11987.52,1,
4890,2,ISL,2,0,11987.52,1,
4890,3,ISL,3,4,11987.52,1,
4890,4,ISL,4,5,11987.52,1,
4890,5,ISL,5,3,11987.52,1,
4890,6,ISL,0,3,12487.14,1,
4890,7,ISL,1,4,7346.78,1,
4890,8,ISL,2,5,11381.71,1,
4890,45,GSL,0,6,13176.59,0,-82.12
4890,46,GSL,1,6,7948.38,0,-33.48
4890,47,GSL,2,6,5354.47,0,-18.24
4890,48,GSL,3,6,4283.09,0,-11.66
4890,49,GSL,4,6,10401.09,0,-49.56
4890,50,GSL,5,6,11787.37,0,-61.21
4890,51,GSL,0,7,2258.6,0,4.4
4890,52,GSL,1,7,10303.09,0,-48.84
4890,53,GSL,2,7,12418.32,0,-68.19
4890,54,GSL,3,7,12699.82,0,-72.08
4890,55,GSL,4,7,7065.04,0,-28.25
4890,56,GSL,5,7,7366.78,0,-30.02
4900,0,ISL,0,1,11987.52,1,
4900,1,ISL,1,2,11987.52,1,
4900,2,ISL,2,0,11987.52,1,
4900,3,ISL,3,4,11987.52,1,
4900,4,ISL,4,5,11987.52,1,
4900,5,ISL,5,3,11987.52,1,
4900,6,ISL,0,3,12524.98,1,
4900,7,ISL,1,4,7370.44,1,
4900,8,ISL,2,5,11324.69,1,
4900,45,GSL,0,6,13184.21,0,-82.39
4900,46,GSL,1,6,7892.7,0,-33.14
4900,47,GSL,2,6,5417.71,0,-18.62
4900,48,GSL,3,6,4258.26,0,-11.51
4900,49,GSL,4,6,10437.07,0,-49.83
4900,50,GSL,5,6,11764.54,0,-60.99
4900,51,GSL,0,7,2193.45,0,5.13
4900,52,GSL,1,7,10346.85,0,-49.16
4900,53,GSL,2,7,12393.59,0,-67.87
4900,54,GSL,3,7,12699.75,0,-72.08
4900,55,GSL,4,7,7017.75,0,-27.97
4900,56,GSL,5,7,7411.96,0,-30.28
4910,0,ISL,0,1,11987.52,1,
4910,1,ISL,1,2,11987.52,1,
4910,2,ISL,2,0,11987.52,1,
4910,3,ISL,3,4,11987.52,1,
4910,4,ISL,4,5,11987.52,1,
4910,5,ISL,5,3,11987.52,1,
4910,6,ISL,0,3,12561.87,1,
4910,7,ISL,1,4,7395.94,1,
4910,8,ISL,2,5,11267.06,1,
4910,45,GSL,0,6,13191.46,0,-82.65
4910,46,GSL,1,6,7836.81,0,-32.81
4910,47,GSL,2,6,5480.81,0,-18.99
4910,48,GSL,3,6,4234.21,0,-11.35
4910,49,GSL,4,6,10472.85,0,-50.1
4910,50,GSL,5,6,11741.4,0,-60.76
4910,51,GSL,0,7,2128.47,0,5.88
4910,52,GSL,1,7,10390.33,0,-49.48
4910,53,GSL,2,7,12368.52,0,-67.56
4910,54,GSL,3,7,12699.36,0,-72.08
4910,55,GSL,4,7,6970.41,0,-27.69
4910,56,GSL,5,7,7457.16,0,-30.55
4920,0,ISL,0,1,11987.52,1,
4920,1,ISL,1,2,11987.52,1,
4920,2,ISL,2,0,11987.52,1,
4920,3,ISL,3,4,11987.52,1,
4920,4,ISL,4,5,11987.52,1,
4920,5,ISL,5,3,11987.52,1,
4920,6,ISL,0,3,12597.8,1,
4920,7,ISL,1,4,7423.25,1,
4920,8,ISL,2,5,11208.84,1,
4920,45,GSL,0,6,13198.35,0,-82.91
4920,46,GSL,1,6,7780.73,0,-32.47
4920,47,GSL,2,6,5543.78,0,-19.37
4920,48,GSL,3,6,4210.97,0,-11.2
4920,49,GSL,4,6,10508.41,0,-50.36
4920,50,GSL,5,6,11717.96,0,-60.54
4920,51,GSL,0,7,2063.68,0,6.66
4920,52,GSL,1,7,10433.53,0,-49.8
4920,53,GSL,2,7,12343.1,0,-67.25
4920,54,GSL,3,7,12698.64,0,-72.07
4920,55,GSL,4,7,6923.04,0,-27.42
4920,56,GSL,5,7,7502.38,0,-30.82
4930,0,ISL,0,1,11987.52,1,
4930,1,ISL,1,2,11987.52,1,
4930,2,ISL,2,0,11987.52,1,
4930,3,ISL,3,4,11987.52,1,
4930,4,ISL,4,5,11987.52,1,
4930,5,ISL,5,3,11987.52,1,
4930,6,ISL,0,3,12632.76,1,
4930,7,ISL,1,4,7452.33,1,
4930,8,ISL,2,5,11150.04,1,
4930,45,GSL,0,6,13204.87,0,-83.16
4930,46,GSL,1,6,7724.45,0,-32.14
4930,47,GSL,2,6,5606.61,0,-19.74
4930,48,GSL,3,6,4188.55,0,-11.05
4930,49,GSL,4,6,10543.76,0,-50.63
4930,50,GSL,5,6,11694.22,0,-60.31
4930,51,GSL,0,7,1999.12,0,7.48
4930,52,GSL,1,7,10476.45,0,-50.12
4930,53,GSL,2,7,12317.35,0,-66.94
4930,54,GSL,3,7,12697.6,0,-72.05
4930,55,GSL,4,7,6875.64,0,-27.14
4930,56,GSL,5,7,7547.59,0,-31.09
4940,0,ISL,0,1,11987.52,1,
4940,1,ISL,1,2,11987.52,1,
4940,2,ISL,2,0,11987.52,1,
4940,3,ISL,3,4,11987.52,1,
4940,4,ISL,4,5,11987.52,1,
4940,5,ISL,5,3,11987.52,1,
4940,6,ISL,0,3,12666.74,1,
4940,7,ISL,1,4,7483.15,1,
4940,8,ISL,2,5,11090.69,1,
4940,45,GSL,0,6,13211.01,0,-83.4
4940,46,GSL,1,6,7667.97,0,-31.8
4940,47,GSL,2,6,5669.3,0,-20.1
4940,48,GSL,3,6,4166.97,0,-10.91
4940,49,GSL,4,6,10578.9,0,-50.9
4940,50,GSL,5,6,11670.17,0,-60.08
4940,51,GSL,0,7,1934.8,0,8.32
4940,52,GSL,1,7,10519.09,0,-50.44
4940,53,GSL,2,7,12291.26,0,-66.63
4940,54,GSL,3,7,12696.24,0,-72.03
4940,55,GSL,4,7,6828.2,0,-26.86
4940,56,GSL,5,7,7592.81,0,-31.35
4950,0,ISL,0,1,11987.52,1,
4950,1,ISL,1,2,11987.52,1,
4950,2,ISL,2,0,11987.52,1,
4950,3,ISL,3,4,11987.52,1,
4950,4,ISL,4,5,11987.52,1,
4950,5,ISL,5,3,11987.52,1,
4950,6,ISL,0,3,12699.73,1,
4950,7,ISL,1,4,7515.67,1,
4950,8,ISL,2,5,11030.8,1,
4950,45,GSL,0,6,13216.79,0,-83.64
4950,46,GSL,1,6,7611.3,0,-31.46
4950,47,GSL,2,6,5731.86,0,-20.47
4950,48,GSL,3,6,4146.24,0,-10.78
4950,49,GSL,4,6,10613.82,0,-51.16
4950,50,GSL,5,6,11645.83,0,-59.85
4950,51,GSL,0,7,1870.77,0,9.2
4950,52,GSL,1,7,10561.44,0,-50.76
4950,53,GSL,2,7,12264.82,0,-66.32
4950,54,GSL,3,7,12694.56,0,-72.0
4950,55,GSL,4,7,6780.75,0,-26.59
4950,56,GSL,5,7,7638.02,0,-31.62
4960,0,ISL,0,1,11987.52,1,
4960,1,ISL,1,2,11987.52,1,
4960,2,ISL,2,0,11987.52,1,
4960,3,ISL,3,4,11987.52,1,
4960,4,ISL,4,5,11987.52,1,
4960,5,ISL,5,3,11987.52,1,
4960,6,ISL,0,3,12731.73,1,
4960,7,ISL,1,4,7549.86,1,
4960,8,ISL,2,5,10970.4,1,
4960,45,GSL,0,6,13222.21,0,-83.88
4960,46,GSL,1,6,7554.43,0,-31.13
4960,47,GSL,2,6,5794.26,0,-20.84
4960,48,GSL,3,6,4126.38,0,-10.65
4960,49,GSL,4,6,10648.52,0,-51.43
4960,50,GSL,5,6,11621.18,0,-59.62
4960,51,GSL,0,7,1807.06,1,10.12
4960,52,GSL,1,7,10603.51,0,-51.08
4960,53,GSL,2,7,12238.05,0,-66.0
4960,54,GSL,3,7,12692.55,0,-71.97
4960,55,GSL,4,7,6733.27,0,-26.31
4960,56,GSL,5,7,7683.22,0,-31.89
4970,0,ISL,0,1,11987.52,1,
4970,1,ISL,1,2,11987.52,1,
4970,2,ISL,2,0,11987.52,1,
4970,3,ISL,3,4,11987.52,1,
4970,4,ISL,4,5,11987.52,1,
4970,5,ISL,5,3,11987.52,1,
4970,6,ISL,0,3,12762.73,1,
4970,7,ISL,1,4,7585.67,1,
4970,8,ISL,2,5,10909.51,1,
4970,45,GSL,0,6,13227.25,0,-84.1
4970,46,GSL,1,6,7497.38,0,-30.79
4970,47,GSL,2,6,5856.53,0,-21.2
4970,48,GSL,3,6,4107.41,0,-10.53
4970,49,GSL,4,6,10683.0,0,-51.69
4970,50,GSL,5,6,11596.22,0,-59.38
4970,51,GSL,0,7,1743.72,1,11.08
4970,52,GSL,1,7,10645.29,0,-51.4
4970,53,GSL,2,7,12210.94,0,-65.69
4970,54,GSL,3,7,12690.22,0,-71.94
4970,55,GSL,4,7,6685.78,0,-26.03
4970,56,GSL,5,7,7728.4,0,-32.16
4980,0,ISL,0,1,11987.52,1,
4980,1,ISL,1,2,11987.52,1,
4980,2,ISL,2,0,11987.52,1,
4980,3,ISL,3,4,11987.52,1,
4980,4,ISL,4,5,11987.52,1,
4980,5,ISL,5,3,11987.52,1,
4980,6,ISL,0,3,12792.72,1,
4980,7,ISL,1,4,7623.07,1,
4980,8,ISL,2,5,10848.15,1,
4980,45,GSL,0,6,13231.92,0,-84.32
4980,46,GSL,1,6,7440.13,0,-30.45
4980,47,GSL,2,6,5918.64,0,-21.57
4980,48,GSL,3,6,4089.34,0,-10.41
4980,49,GSL,4,6,10717.25,0,-51.96
4980,50,GSL,5,6,11570.97,0,-59.15
4980,51,GSL,0,7,1680.79,1,12.09
4980,52,GSL,1,7,10686.78,0,-51.72
4980,53,GSL,2,7,12183.49,0,-65.38
4980,54,GSL,3,7,12687.57,0,-71.9
4980,55,GSL,4,7,6638.29,0,-25.76
4980,56,GSL,5,7,7773.57,0,-32.43
4990,0,ISL,0,1,11987.52,1,
4990,1,ISL,1,2,11987.52,1,
4990,2,ISL,2,0,11987.52,1,
4990,3,ISL,3,4,11987.52,1,
4990,4,ISL,4,5,11987.52,1,
4990,5,ISL,5,3,11987.52,1,
4990,6,ISL,0,3,12821.69,1,
4990,7,ISL,1,4,7662.01,1,
4990,8,ISL,2,5,10786.34,1,
4990,45,GSL,0,6,13236.23,0,-84.53
4990,46,GSL,1,6,7382.7,0,-30.11
4990,47,GSL,2,6,5980.6,0,-21.93
4990,48,GSL,3,6,4072.19,0,-10.29
4990,49,GSL,4,6,10751.29,0,-52.22
4990,50,GSL,5,6,11545.42,0,-58.91
4990,51,GSL,0,7,1618.34,1,13.15
4990,52,GSL,1,7,10727.98,0,-52.04
4990,53,GSL,2,7,12155.7,0,-65.07
4990,54,GSL,3,7,12684.59,0,-71.85
4990,55,GSL,4,7,6590.79,0,-25.48
4990,56,GSL,5,7,7818.71,0,-32.7
5000,0,ISL,0,1,11987.52,1,
5000,1,ISL,1,2,11987.52,1,
5000,2,ISL,2,0,11987.52,1,
5000,3,ISL,3,4,11987.52,1,
5000,4,ISL,4,5,11987.52,1,
5000,5,ISL,5,3,11987.52,1,
5000,6,ISL,0,3,12849.63,1,
5000,7,ISL,1,4,7702.46,1,
5000,8,ISL,2,5,10724.09,1,
5000,45,GSL,0,6,13240.16,0,-84.72
5000,46,GSL,1,6,7325.09,0,-29.77
5000,47,GSL,2,6,6042.41,0,-22.29
5000,48,GSL,3,6,4055.97,0,-10.19
5000,49,GSL,4,6,10785.09,0,-52.49
5000,50,GSL,5,6,11519.57,0,-58.68
5000,51,GSL,0,7,1556.42,1,14.27
5000,52,GSL,1,7,10768.9,0,-52.36
5000,53,GSL,2,7,12127.58,0,-64.75
5000,54,GSL,3,7,12681.29,0,-71.8
5000,55,GSL,4,7,6543.3,0,-25.2
5000,56,GSL,5,7,7863.82,0,-32.97
5010,0,ISL,0,1,11987.52,1,
5010,1,ISL,1,2,11987.52,1,
5010,2,ISL,2,0,11987.52,1,
5010,3,ISL,3,4,11987.52,1,
5010,4,ISL,4,5,11987.52,1,
5010,5,ISL,5,3,11987.52,1,
5010,6,ISL,0,3,12876.55,1,
5010,7,ISL,1,4,7744.37,1,
5010,8,ISL,2,5,10661.45,1,
5010,45,GSL,0,6,13243.73,0,-84.91
5010,46,GSL,1,6,7267.29,0,-29.43
5010,47,GSL,2,6,6104.07,0,-22.65
5010,48,GSL,3,6,4040.69,0,-10.09
5010,49,GSL,4,6,10818.67,0,-52.75
5010,50,GSL,5,6,11493.43,0,-58.44
5010,51,GSL,0,7,1495.11,1,15.45
5010,52,GSL,1,7,10809.52,0,-52.68
5010,53,GSL,2,7,12099.12,0,-64.44
5010,54,GSL,3,7,12677.67,0,-71.75
5010,55,GSL,4,7,6495.81,0,-24.93
5010,56,GSL,5,7,7908.91,0,-33.24
5020,0,ISL,0,1,11987.52,1,
5020,1,ISL,1,2,11987.52,1,
5020,2,ISL,2,0,11987.52,1,
5020,3,ISL,3,4,11987.52,1,
5020,4,ISL,4,5,11987.52,1,
5020,5,ISL,5,3,11987.52,1,
5020,6,ISL,0,3,12902.43,1,
5020,7,ISL,1,4,7787.69,1,
5020,8,ISL,2,5,10598.42,1,
5020,45,GSL,0,6,13246.93,0,-85.08
5020,46,GSL,1,6,7209.32,0,-29.09
5020,47,GSL,2,6,6165.57,0,-23.01
5020,48,GSL,3,6,4026.37,0,-9.99
5020,49,GSL,4,6,10852.02,0,-53.02
5020,50,GSL,5,6,11466.98,0,-58.2
5020,51,GSL,0,7,1434.5,1,16.7
5020,52,GSL,1,7,10849.85,0,-53.0
5020,53,GSL,2,7,12070.32,0,-64.13
5020,54,GSL,3,7,12673.72,0,-71.69
5020,55,GSL,4,7,6448.34,0,-24.65
5020,56,GSL,5,7,7953.95,0,-33.51
5030,0,ISL,0,1,11987.52,1,
5030,1,ISL,1,2,11987.52,1,
5030,2,ISL,2,0,11987.52,1,
5030,3,ISL,3,4,11987.52,1,
5030,4,ISL,4,5,11987.52,1,
5030,5,ISL,5,3,11987.52,1,
5030,6,ISL,0,3,12927.26,1,
5030,7,ISL,1,4,7832.38,1,
5030,8,ISL,2,5,10535.03,1,
5030,45,GSL,0,6,13249.76,0,-85.24
5030,46,GSL,1,6,7151.17,0,-28.75
5030,47,GSL,2,6,6226.9,0,-23.36
5030,48,GSL,3,6,4013.02,0,-9.9
5030,49,GSL,4,6,10885.14,0,-53.28
5030,50,GSL,5,6,11440.24,0,-57.96
5030,51,GSL,0,7,1374.68,1,18.03
5030,52,GSL,1,7,10889.88,0,-53.32
5030,53,GSL,2,7,12041.2,0,-63.81
5030,54,GSL,3,7,12669.45,0,-71.63
5030,55,GSL,4,7,6400.9,0,-24.38
5030,56,GSL,5,7,7998.95,0,-33.78
5040,0,ISL,0,1,11987.52,1,
5040,1,ISL,1,2,11987.52,1,
5040,2,ISL,2,0,11987.52,1,
5040,3,ISL,3,4,11987.52,1,
5040,4,ISL,4,5,11987.52,1,
5040,5,ISL,5,3,11987.52,1,
5040,6,ISL,0,3,12951.04,1,
5040,7,ISL,1,4,7878.41,1,
5040,8,ISL,2,5,10471.31,1,
5040,45,GSL,0,6,13252.22,0,-85.38
5040,46,GSL,1,6,7092.84,0,-28.41
5040,47,GSL,2,6,6288.08,0,-23.72
5040,48,GSL,3,6,4000.65,0,-9.82
5040,49,GSL,4,6,10918.02,0,-53.54
5040,50,GSL,5,6,11413.21,0,-57.72
5040,51,GSL,0,7,1315.78,1,19.44
5040,52,GSL,1,7,10929.62,0,-53.64
5040,53,GSL,2,7,12011.74,0,-63.5
5040,54,GSL,3,7,12664.85,0,-71.56
5040,55,GSL,4,7,6353.48,0,-24.1
5040,56,GSL,5,7,8043.91,0,-34.05
5050,0,ISL,0,1,11987.52,1,
5050,1,ISL,1,2,11987.52,1,
5050,2,ISL,2,0,11987.52,1,
5050,3,ISL,3,4,11987.52,1,
5050,4,ISL,4,5,11987.52,1,
5050,5,ISL,5,3,11987.52,1,
5050,6,ISL,0,3,12973.77,1,
5050,7,ISL,1,4,7925.71,1,
5050,8,ISL,2,5,10407.28,1,
5050,45,GSL,0,6,13254.31,0,-85.5
5050,46,GSL,1,6,7034.34,0,-28.07
5050,47,GSL,2,6,6349.09,0,-24.07
5050,48,GSL,3,6,3989.27,0,-9.74
5050,49,GSL,4,6,10950.67,0,-53.81
5050,50,GSL,5,6,11385.88,0,-57.48
5050,51,GSL,0,7,1257.92,1,20.94
5050,52,GSL,1,7,10969.06,0,-53.95
5050,53,GSL,2,7,11981.94,0,-63.18
5050,54,GSL,3,7,12659.93,0,-71.48
5050,55,GSL,4,7,6306.09,0,-23.82
5050,56,GSL,5,7,8088.82,0,-34.32
5060,0,ISL,0,1,11987.52,1,
5060,1,ISL,1,2,11987.52,1,
5060,2,ISL,2,0,11987.52,1,
5060,3,ISL,3,4,11987.52,1,
5060,4,ISL,4,5,11987.52,1,
5060,5,ISL,5,3,11987.52,1,
5060,6,ISL,0,3,12995.44,1,
5060,7,ISL,1,4,7974.25,1,
5060,8,ISL,2,5,10342.96,1,
5060,45,GSL,0,6,13256.03,0,-85.61
5060,46,GSL,1,6,6975.67,0,-27.72
5060,47,GSL,2,6,6409.94,0,-24.43
5060,48,GSL,3,6,3978.9,0,-9.68
5060,49,GSL,4,6,10983.08,0,-54.07
5060,50,GSL,5,6,11358.26,0,-57.23
5060,51,GSL,0,7,1201.27,1,22.54
5060,52,GSL,1,7,11008.21,0,-54.27
5060,53,GSL,2,7,11951.82,0,-62.87
5060,54,GSL,3,7,12654.69,0,-71.41
5060,55,GSL,4,7,6258.75,0,-23.55
5060,56,GSL,5,7,8133.67,0,-34.6
5070,0,ISL,0,1,11987.52,1,
5070,1,ISL,1,2,11987.52,1,
5070,2,ISL,2,0,11987.52,1,
5070,3,ISL,3,4,11987.52,1,
5070,4,ISL,4,5,11987.52,1,
5070,5,ISL,5,3,11987.52,1,
5070,6,ISL,0,3,13016.04,1,
5070,7,ISL,1,4,8023.99,1,
5070,8,ISL,2,5,10278.39,1,
5070,45,GSL,0,6,13257.39,0,-85.69
5070,46,GSL,1,6,6916.83,0,-27.38
5070,47,GSL,2,6,6470.61,0,-24.78
5070,48,GSL,3,6,3969.54,0,-9.61
5070,49,GSL,4,6,11015.25,0,-54.33
5070,50,GSL,5,6,11330.34,0,-56.99
5070,51,GSL,0,7,1146.01,1,24.25
5070,52,GSL,1,7,11047.05,0,-54.59
5070,53,GSL,2,7,11921.36,0,-62.56
5070,54,GSL,3,7,12649.12,0,-71.33
5070,55,GSL,4,7,6211.45,0,-23.27
5070,56,GSL,5,7,8178.47,0,-34.87
5080,0,ISL,0,1,11987.52,1,
5080,1,ISL,1,2,11987.52,1,
5080,2,ISL,2,0,11987.52,1,
5080,3,ISL,3,4,11987.52,1,
5080,4,ISL,4,5,11987.52,1,
5080,5,ISL,5,3,11987.52,1,
5080,6,ISL,0,3,13035.58,1,
5080,7,ISL,1,4,8074.87,1,
5080,8,ISL,2,5,10213.59,1,
5080,45,GSL,0,6,13258.37,0,-85.75
5080,46,GSL,1,6,6857.82,0,-27.04
5080,47,GSL,2,6,6531.12,0,-25.13
5080,48,GSL,3,6,3961.21,0,-9.56
5080,49,GSL,4,6,11047.18,0,-54.59
5080,50,GSL,5,6,11302.14,0,-56.74
5080,51,GSL,0,7,1092.36,1,26.07
5080,52,GSL,1,7,11085.6,0,-54.91
5080,53,GSL,2,7,11890.58,0,-62.24
5080,54,GSL,3,7,12643.22,0,-71.24
5080,55,GSL,4,7,6164.21,0,-23.0
5080,56,GSL,5,7,8223.2,0,-35.14
5090,0,ISL,0,1,11987.52,1,
5090,1,ISL,1,2,11987.52,1,
5090,2,ISL,2,0,11987.52,1,
5090,3,ISL,3,4,11987.52,1,
5090,4,ISL,4,5,11987.52,1,
5090,5,ISL,5,3,11987.52,1,
5090,6,ISL,0,3,13054.03,1,
5090,7,ISL,1,4,8126.85,1,
5090,8,ISL,2,5,10148.58,1,
5090,45,GSL,0,6,13258.98,0,-85.79
5090,46,GSL,1,6,6798.65,0,-26.69
5090,47,GSL,2,6,6591.45,0,-25.48
5090,48,GSL,3,6,3953.91,0,-9.51
5090,49,GSL,4,6,11078.87,0,-54.85
5090,50,GSL,5,6,11273.64,0,-56.5
5090,51,GSL,0,7,1040.58,1,28.01
5090,52,GSL,1,7,11123.85,0,-55.23
5090,53,GSL,2,7,11859.46,0,-61.93
5090,54,GSL,3,7,12637.01,0,-71.15
5090,55,GSL,4,7,6117.03,0,-22.72
5090,56,GSL,5,7,8267.87,0,-35.41
5100,0,ISL,0,1,11987.52,1,
5100,1,ISL,1,2,11987.52,1,
5100,2,ISL,2,0,11987.52,1,
5100,3,ISL,3,4,11987.52,1,
5100,4,ISL,4,5,11987.52,1,
5100,5,ISL,5,3,11987.52,1,
5100,6,ISL,0,3,13071.41,1,
5100,7,ISL,1,4,8179.88,1,
5100,8,ISL,2,5,10083.39,1,
5100,45,GSL,0,6,13259.23,0,-85.81
5100,46,GSL,1,6,6739.32,0,-26.34
5100,47,GSL,2,6,6651.61,0,-25.83
5100,48,GSL,3,6,3947.64,0,-9.47
5100,49,GSL,4,6,11110.32,0,-55.12
5100,50,GSL,5,6,11244.85,0,-56.25
5100,51,GSL,0,7,990.96,1,30.08
5100,52,GSL,1,7,11161.79,0,-55.55
5100,53,GSL,2,7,11828.02,0,-61.61
5100,54,GSL,3,7,12630.46,0,-71.05
5100,55,GSL,4,7,6069.91,0,-22.45
5100,56,GSL,5,7,8312.47,0,-35.69
5110,0,ISL,0,1,11987.52,1,
5110,1,ISL,1,2,11987.52,1,
5110,2,ISL,2,0,11987.52,1,
5110,3,ISL,3,4,11987.52,1,
5110,4,ISL,4,5,11987.52,1,
5110,5,ISL,5,3,11987.52,1,
5110,6,ISL,0,3,13087.71,1,
5110,7,ISL,1,4,8233.93,1,
5110,8,ISL,2,5,10018.06,1,
5110,45,GSL,0,6,13259.11,0,-85.8
5110,46,GSL,1,6,6679.84,0,-26.0
5110,47,GSL,2,6,6711.6,0,-26.18
5110,48,GSL,3,6,3942.42,0,-9.43
5110,49,GSL,4,6,11141.51,0,-55.38
5110,50,GSL,5,6,11215.77,0,-56.0
5110,51,GSL,0,7,943.86,1,32.26
5110,52,GSL,1,7,11199.43,0,-55.86
5110,53,GSL,2,7,11796.25,0,-61.3
5110,54,GSL,3,7,12623.6,0,-70.95
5110,55,GSL,4,7,6022.88,0,-22.17
5110,56,GSL,5,7,8357.0,0,-35.96
5120,0,ISL,0,1,11987.52,1,
5120,1,ISL,1,2,11987.52,1,
5120,2,ISL,2,0,11987.52,1,
5120,3,ISL,3,4,11987.52,1,
5120,4,ISL,4,5,11987.52,1,
5120,5,ISL,5,3,11987.52,1,
5120,6,ISL,0,3,13102.92,1,
5120,7,ISL,1,4,8288.93,1,
5120,8,ISL,2,5,9952.61,1,
5120,45,GSL,0,6,13258.61,0,-85.77
5120,46,GSL,1,6,6620.19,0,-25.65
5120,47,GSL,2,6,6771.4,0,-26.53
5120,48,GSL,3,6,3938.25,0,-9.4
5120,49,GSL,4,6,11172.47,0,-55.64
5120,50,GSL,5,6,11186.41,0,-55.75
5120,51,GSL,0,7,899.68,1,34.55
5120,52,GSL,1,7,11236.76,0,-56.18
5120,53,GSL,2,7,11764.15,0,-60.98
5120,54,GSL,3,7,12616.41,0,-70.85
5120,55,GSL,4,7,5975.92,0,-21.9
5120,56,GSL,5,7,8401.45,0,-36.23
5130,0,ISL,0,1,11987.52,1,
5130,1,ISL,1,2,11987.52,1,
5130,2,ISL,2,0,11987.52,1,
5130,3,ISL,3,4,11987.52,1,
5130,4,ISL,4,5,11987.52,1,
5130,5,ISL,5,3,11987.52,1,
5130,6,ISL,0,3,13117.03,1,
5130,7,ISL,1,4,8344.86,1,
5130,8,ISL,2,5,9887.06,1,
5130,45,GSL,0,6,13257.75,0,-85.71
5130,46,GSL,1,6,6560.39,0,-25.3
5130,47,GSL,2,6,6831.03,0,-26.88
5130,48,GSL,3,6,3935.14,0,-9.38
5130,49,GSL,4,6,11203.17,0,-55.9
5130,50,GSL,5,6,11156.76,0,-55.5
5130,51,GSL,0,7,858.87,1,36.91
5130,52,GSL,1,7,11273.79,0,-56.5
5130,53,GSL,2,7,11731.73,0,-60.67
5130,54,GSL,3,7,12608.89,0,-70.74
5130,55,GSL,4,7,5929.06,0,-21.63
5130,56,GSL,5,7,8445.81,0,-36.51
5140,0,ISL,0,1,11987.52,1,
5140,1,ISL,1,2,11987.52,1,
5140,2,ISL,2,0,11987.52,1,
5140,3,ISL,3,4,11987.52,1,
5140,4,ISL,4,5,11987.52,1,
5140,5,ISL,5,3,11987.52,1,
5140,6,ISL,0,3,13130.05,1,
5140,7,ISL,1,4,8401.66,1,
5140,8,ISL,2,5,9821.46,1,
5140,45,GSL,0,6,13256.52,0,-85.64
5140,46,GSL,1,6,6500.45,0,-24.95
5140,47,GSL,2,6,6890.47,0,-27.23
5140,48,GSL,3,6,3933.08,0,-9.37
5140,49,GSL,4,6,11233.62,0,-56.16
5140,50,GSL,5,6,11126.82,0,-55.25
5140,51,GSL,0,7,821.94,1,39.31
5140,52,GSL,1,7,11310.52,0,-56.82
5140,53,GSL,2,7,11698.99,0,-60.35
5140,54,GSL,3,7,12601.05,0,-70.63
5140,55,GSL,4,7,5882.3,0,-21.35
5140,56,GSL,5,7,8490.1,0,-36.78
5150,0,ISL,0,1,11987.52,1,
5150,1,ISL,1,2,11987.52,1,
5150,2,ISL,2,0,11987.52,1,
5150,3,ISL,3,4,11987.52,1,
5150,4,ISL,4,5,11987.52,1,
5150,5,ISL,5,3,11987.52,1,
5150,6,ISL,0,3,13141.98,1,
5150,7,ISL,1,4,8459.28,1,
5150,8,ISL,2,5,9755.82,1,
5150,45,GSL,0,6,13254.92,0,-85.54
5150,46,GSL,1,6,6440.35,0,-24.6
5150,47,GSL,2,6,6949.73,0,-27.57
5150,48,GSL,3,6,3932.09,0,-9.36
5150,49,GSL,4,6,11263.82,0,-56.41
5150,50,GSL,5,6,11096.6,0,-55.0
5150,51,GSL,0,7,789.43,1,41.67
5150,52,GSL,1,7,11346.93,0,-57.13
5150,53,GSL,2,7,11665.91,0,-60.04
5150,54,GSL,3,7,12592.88,0,-70.52
5150,55,GSL,4,7,5835.64,0,-21.08
5150,56,GSL,5,7,8534.3,0,-37.05
5160,0,ISL,0,1,11987.52,1,
5160,1,ISL,1,2,11987.52,1,
5160,2,ISL,2,0,11987.52,1,
5160,3,ISL,3,4,11987.52,1,
5160,4,ISL,4,5,11987.52,1,
5160,5,ISL,5,3,11987.52,1,
5160,6,ISL,0,3,13152.81,1,
5160,7,ISL,1,4,8517.69,1,
5160,8,ISL,2,5,9690.19,1,
5160,45,GSL,0,6,13252.95,0,-85.42
5160,46,GSL,1,6,6380.1,0,-24.25
5160,47,GSL,2,6,7008.8,0,-27.92
5160,48,GSL,3,6,3932.16,0,-9.36
5160,49,GSL,4,6,11293.77,0,-56.67
5160,50,GSL,5,6,11066.1,0,-54.75
5160,51,GSL,0,7,761.93,1,43.88
5160,52,GSL,1,7,11383.04,0,-57.45
5160,53,GSL,2,7,11632.52,0,-59.72
5160,54,GSL,3,7,12584.39,0,-70.4
5160,55,GSL,4,7,5789.1,0,-20.81
5160,56,GSL,5,7,8578.4,0,-37.33
5170,0,ISL,0,1,11987.52,1,
5170,1,ISL,1,2,11987.52,1,
5170,2,ISL,2,0,11987.52,1,
5170,3,ISL,3,4,11987.52,1,
5170,4,ISL,4,5,11987.52,1,
5170,5,ISL,5,3,11987.52,1,
5170,6,ISL,0,3,13162.53,1,
5170,7,ISL,1,4,8576.85,1,
5170,8,ISL,2,5,9624.59,1,
5170,45,GSL,0,6,13250.61,0,-85.29
5170,46,GSL,1,6,6319.72,0,-23.9
5170,47,GSL,2,6,7067.68,0,-28.26
5170,48,GSL,3,6,3933.29,0,-9.37
5170,49,GSL,4,6,11323.46,0,-56.93
5170,50,GSL,5,6,11035.31,0,-54.5
5170,51,GSL,0,7,740.0,1,45.83
5170,52,GSL,1,7,11418.83,0,-57.77
5170,53,GSL,2,7,11598.8,0,-59.41
5170,54,GSL,3,7,12575.58,0,-70.27
5170,55,GSL,4,7,5742.68,0,-20.54
5170,56,GSL,5,7,8622.41,0,-37.6
5180,0,ISL,0,1,11987.52,1,
5180,1,ISL,1,2,11987.52,1,
5180,2,ISL,2,0,11987.52,1,
5180,3,ISL,3,4,11987.52,1,
5180,4,ISL,4,5,11987.52,1,
5180,5,ISL,5,3,11987.52,1,
5180,6,ISL,0,3,13171.15,1,
5180,7,ISL,1,4,8636.69,1,
5180,8,ISL,2,5,9559.05,1,
5180,45,GSL,0,6,13247.9,0,-85.13
5180,46,GSL,1,6,6259.19,0,-23.55
5180,47,GSL,2,6,7126.38,0,-28.61
5180,48,GSL,3,6,3935.49,0,-9.39
5180,49,GSL,4,6,11352.9,0,-57.19
5180,50,GSL,5,6,11004.24,0,-54.24
5180,51,GSL,0,7,724.13,1,47.35
5180,52,GSL,1,7,11454.32,0,-58.09
5180,53,GSL,2,7,11564.77,0,-59.09
5180,54,GSL,3,7,12566.44,0,-70.15
5180,55,GSL,4,7,5696.4,0,-20.26
5180,56,GSL,5,7,8666.33,0,-37.87
5190,0,ISL,0,1,11987.52,1,
5190,1,ISL,1,2,11987.52,1,
5190,2,ISL,2,0,11987.52,1,
5190,3,ISL,3,4,11987.52,1,
5190,4,ISL,4,5,11987.52,1,
5190,5,ISL,5,3,11987.52,1,
5190,6,ISL,0,3,13178.66,1,
5190,7,ISL,1,4,8697.2,1,
5190,8,ISL,2,5,9493.62,1,
5190,45,GSL,0,6,13244.83,0,-84.97
5190,46,GSL,1,6,6198.53,0,-23.2
5190,47,GSL,2,6,7184.88,0,-28.95
5190,48,GSL,3,6,3938.74,0,-9.41
5190,49,GSL,4,6,11382.08,0,-57.44
5190,50,GSL,5,6,10972.89,0,-53.99
5190,51,GSL,0,7,714.75,1,48.3
5190,52,GSL,1,7,11489.49,0,-58.4
5190,53,GSL,2,7,11530.41,0,-58.78
5190,54,GSL,3,7,12556.98,0,-70.02
5190,55,GSL,4,7,5650.25,0,-19.99
5190,56,GSL,5,7,8710.14,0,-38.15
5200,0,ISL,0,1,11987.52,1,
5200,1,ISL,1,2,11987.52,1,
5200,2,ISL,2,0,11987.52,1,
5200,3,ISL,3,4,11987.52,1,
5200,4,ISL,4,5,11987.52,1,
5200,5,ISL,5,3,11987.52,1,
5200,6,ISL,0,3,13185.07,1,
5200,7,ISL,1,4,8758.31,1,
5200,8,ISL,2,5,9428.31,1,
5200,45,GSL,0,6,13241.38,0,-84.79
5200,46,GSL,1,6,6137.73,0,-22.84
5200,47,GSL,2,6,7243.19,0,-29.29
5200,48,GSL,3,6,3943.06,0,-9.44
5200,49,GSL,4,6,11410.99,0,-57.7
5200,50,GSL,5,6,10941.26,0,-53.73
5200,51,GSL,0,7,712.1,1,48.57
5200,52,GSL,1,7,11524.35,0,-58.72
5200,53,GSL,2,7,11495.73,0,-58.46
5200,54,GSL,3,7,12547.19,0,-69.88
5200,55,GSL,4,7,5604.26,0,-19.72
5200,56,GSL,5,7,8753.85,0,-38.42
5210,0,ISL,0,1,11987.52,1,
5210,1,ISL,1,2,11987.52,1,
5210,2,ISL,2,0,11987.52,1,
5210,3,ISL,3,4,11987.52,1,
5210,4,ISL,4,5,11987.52,1,
5210,5,ISL,5,3,11987.52,1,
5210,6,ISL,0,3,13190.36,1,
5210,7,ISL,1,4,8820.0,1,
5210,8,ISL,2,5,9363.18,1,
5210,45,GSL,0,6,13237.57,0,-84.59
5210,46,GSL,1,6,6076.8,0,-22.49
5210,47,GSL,2,6,7301.3,0,-29.63
5210,48,GSL,3,6,3948.43,0,-9.47
5210,49,GSL,4,6,11439.65,0,-57.96
5210,50,GSL,5,6,10909.35,0,-53.47
5210,51,GSL,0,7,716.27,1,48.14
5210,52,GSL,1,7,11558.9,0,-59.04
5210,53,GSL,2,7,11460.74,0,-58.14
5210,54,GSL,3,7,12537.08,0,-69.74
5210,55,GSL,4,7,5558.43,0,-19.45
5210,56,GSL,5,7,8797.44,0,-38.7
5220,0,ISL,0,1,11987.52,1,
5220,1,ISL,1,2,11987.52,1,
5220,2,ISL,2,0,11987.52,1,
5220,3,ISL,3,4,11987.52,1,
5220,4,ISL,4,5,11987.52,1,
5220,5,ISL,5,3,11987.52,1,
5220,6,ISL,0,3,13194.55,1,
5220,7,ISL,1,4,8882.21,1,
5220,8,ISL,2,5,9298.25,1,
5220,45,GSL,0,6,13233.39,0,-84.39
5220,46,GSL,1,6,6015.73,0,-22.13
5220,47,GSL,2,6,7359.21,0,-29.97
5220,48,GSL,3,6,3954.86,0,-9.52
5220,49,GSL,4,6,11468.04,0,-58.21
5220,50,GSL,5,6,10877.16,0,-53.22
5220,51,GSL,0,7,727.13,1,47.05
5220,52,GSL,1,7,11593.13,0,-59.36
5220,53,GSL,2,7,11425.42,0,-57.83
5220,54,GSL,3,7,12526.65,0,-69.6
5220,55,GSL,4,7,5512.77,0,-19.18
5220,56,GSL,5,7,8840.93,0,-38.97
5230,0,ISL,0,1,11987.52,1,
5230,1,ISL,1,2,11987.52,1,
5230,2,ISL,2,0,11987.52,1,
5230,3,ISL,3,4,11987.52,1,
5230,4,ISL,4,5,11987.52,1,
5230,5,ISL,5,3,11987.52,1,
5230,6,ISL,0,3,13197.62,1,
5230,7,ISL,1,4,8944.91,1,
5230,8,ISL,2,5,9233.55,1,
5230,45,GSL,0,6,13228.84,0,-84.18
5230,46,GSL,1,6,5954.55,0,-21.78
5230,47,GSL,2,6,7416.93,0,-30.31
5230,48,GSL,3,6,3962.33,0,-9.57
5230,49,GSL,4,6,11496.17,0,-58.46
5230,50,GSL,5,6,10844.7,0,-52.96
5230,51,GSL,0,7,744.4,1,45.42
5230,52,GSL,1,7,11627.04,0,-59.67
5230,53,GSL,2,7,11389.79,0,-57.51
5230,54,GSL,3,7,12515.89,0,-69.46
5230,55,GSL,4,7,5467.29,0,-18.91
5230,56,GSL,5,7,8884.31,0,-39.25
5240,0,ISL,0,1,11987.52,1,
5240,1,ISL,1,2,11987.52,1,
5240,2,ISL,2,0,11987.52,1,
5240,3,ISL,3,4,11987.52,1,
5240,4,ISL,4,5,11987.52,1,
5240,5,ISL,5,3,11987.52,1,
5240,6,ISL,0,3,13199.58,1,
5240,7,ISL,1,4,9008.06,1,
5240,8,ISL,2,5,9169.13,1,
5240,45,GSL,0,6,13223.92,0,-83.95
5240,46,GSL,1,6,5893.24,0,-21.42
5240,47,GSL,2,6,7474.44,0,-30.65
5240,48,GSL,3,6,3970.85,0,-9.62
5240,49,GSL,4,6,11524.04,0,-58.72
5240,50,GSL,5,6,10811.96,0,-52.7
5240,51,GSL,0,7,767.64,1,43.41
5240,52,GSL,1,7,11660.64,0,-59.99
5240,53,GSL,2,7,11353.85,0,-57.2
5240,54,GSL,3,7,12504.81,0,-69.31
5240,55,GSL,4,7,5422.0,0,-18.65
5240,56,GSL,5,7,8927.56,0,-39.52
5250,0,ISL,0,1,11987.52,1,
5250,1,ISL,1,2,11987.52,1,
5250,2,ISL,2,0,11987.52,1,
5250,3,ISL,3,4,11987.52,1,
5250,4,ISL,4,5,11987.52,1,
5250,5,ISL,5,3,11987.52,1,
5250,6,ISL,0,3,13200.43,1,
5250,7,ISL,1,4,9071.62,1,
5250,8,ISL,2,5,9105.03,1,
5250,45,GSL,0,6,13218.64,0,-83.72
5250,46,GSL,1,6,5831.81,0,-21.06
5250,47,GSL,2,6,7531.75,0,-30.99
5250,48,GSL,3,6,3980.4,0,-9.69
5250,49,GSL,4,6,11551.64,0,-58.97
5250,50,GSL,5,6,10778.95,0,-52.44
5250,51,GSL,0,7,796.32,1,41.15
5250,52,GSL,1,7,11693.92,0,-60.31
5250,53,GSL,2,7,11317.59,0,-56.88
5250,54,GSL,3,7,12493.4,0,-69.16
5250,55,GSL,4,7,5376.9,0,-18.38
5250,56,GSL,5,7,8970.7,0,-39.8
5260,0,ISL,0,1,11987.52,1,
5260,1,ISL,1,2,11987.52,1,
5260,2,ISL,2,0,11987.52,1,
5260,3,ISL,3,4,11987.52,1,
5260,4,ISL,4,5,11987.52,1,
5260,5,ISL,5,3,11987.52,1,
5260,6,ISL,0,3,13200.17,1,
5260,7,ISL,1,4,9135.55,1,
5260,8,ISL,2,5,9041.27,1,
5260,45,GSL,0,6,13212.98,0,-83.48
5260,46,GSL,1,6,5770.26,0,-20.7
5260,47,GSL,2,6,7588.86,0,-31.33
5260,48,GSL,3,6,3990.97,0,-9.76
5260,49,GSL,4,6,11578.96,0,-59.22
5260,50,GSL,5,6,10745.67,0,-52.18
5260,51,GSL,0,7,829.88,1,38.77
5260,52,GSL,1,7,11726.88,0,-60.62
5260,53,GSL,2,7,11281.02,0,-56.56
5260,54,GSL,3,7,12481.68,0,-69.0
5260,55,GSL,4,7,5332.02,0,-18.11
5260,56,GSL,5,7,9013.71,0,-40.07
5270,0,ISL,0,1,11987.52,1,
5270,1,ISL,1,2,11987.52,1,
5270,2,ISL,2,0,11987.52,1,
5270,3,ISL,3,4,11987.52,1,
5270,4,ISL,4,5,11987.52,1,
5270,5,ISL,5,3,11987.52,1,
5270,6,ISL,0,3,13198.79,1,
5270,7,ISL,1,4,9199.81,1,
5270,8,ISL,2,5,8977.9,1,
5270,45,GSL,0,6,13206.97,0,-83.24
5270,46,GSL,1,6,5708.6,0,-20.34
5270,47,GSL,2,6,7645.76,0,-31.67
5270,48,GSL,3,6,4002.56,0,-9.83
5270,49,GSL,4,6,11606.02,0,-59.48
5270,50,GSL,5,6,10712.11,0,-51.92
5270,51,GSL,0,7,867.76,1,36.38
5270,52,GSL,1,7,11759.51,0,-60.94
5270,53,GSL,2,7,11244.13,0,-56.24
5270,54,GSL,3,7,12469.62,0,-68.85
5270,55,GSL,4,7,5287.37,0,-17.85
5270,56,GSL,5,7,9056.59,0,-40.35
5280,0,ISL,0,1,11987.52,1,
5280,1,ISL,1,2,11987.52,1,
5280,2,ISL,2,0,11987.52,1,
5280,3,ISL,3,4,11987.52,1,
5280,4,ISL,4,5,11987.52,1,
5280,5,ISL,5,3,11987.52,1,
5280,6,ISL,0,3,13196.3,1,
5280,7,ISL,1,4,9264.36,1,
5280,8,ISL,2,5,8914.96,1,
5280,45,GSL,0,6,13200.58,0,-82.99
5280,46,GSL,1,6,5646.83,0,-19.97
5280,47,GSL,2,6,7702.45,0,-32.01
5280,48,GSL,3,6,4015.17,0,-9.92
5280,49,GSL,4,6,11632.81,0,-59.73
5280,50,GSL,5,6,10678.29,0,-51.66
5280,51,GSL,0,7,909.4,1,34.02
5280,52,GSL,1,7,11791.83,0,-61.26
5280,53,GSL,2,7,11206.93,0,-55.93
5280,54,GSL,3,7,12457.25,0,-68.68
5280,55,GSL,4,7,5242.94,0,-17.58
5280,56,GSL,5,7,9099.35,0,-40.62
5290,0,ISL,0,1,11987.52,1,
5290,1,ISL,1,2,11987.52,1,
5290,2,ISL,2,0,11987.52,1,
5290,3,ISL,3,4,11987.52,1,
5290,4,ISL,4,5,11987.52,1,
5290,5,ISL,5,3,11987.52,1,
5290,6,ISL,0,3,13192.69,1,
5290,7,ISL,1,4,9329.17,1,
5290,8,ISL,2,5,8852.49,1,
5290,45,GSL,0,6,13193.82,0,-82.74
5290,46,GSL,1,6,5584.95,0,-19.61
5290,47,GSL,2,6,7758.93,0,-32.34
5290,48,GSL,3,6,4028.77,0,-10.01
5290,49,GSL,4,6,11659.33,0,-59.98
5290,50,GSL,5,6,10644.19,0,-51.39
5290,51,GSL,0,7,954.31,1,31.76
5290,52,GSL,1,7,11823.83,0,-61.57
5290,53,GSL,2,7,11169.43,0,-55.61
5290,54,GSL,3,7,12444.55,0,-68.52
5290,55,GSL,4,7,5198.77,0,-17.32
5290,56,GSL,5,7,9141.97,0,-40.9
5300,0,ISL,0,1,11987.52,1,
5300,1,ISL,1,2,11987.52,1,
5300,2,ISL,2,0,11987.52,1,
5300,3,ISL,3,4,11987.52,1,
5300,4,ISL,4,5,11987.52,1,
5300,5,ISL,5,3,11987.52,1,
5300,6,ISL,0,3,13187.98,1,
5300,7,ISL,1,4,9394.21,1,
5300,8,ISL,2,5,8790.52,1,
5300,45,GSL,0,6,13186.7,0,-82.48
5300,46,GSL,1,6,5522.97,0,-19.24
5300,47,GSL,2,6,7815.19,0,-32.68
5300,48,GSL,3,6,4043.35,0,-10.1
5300,49,GSL,4,6,11685.57,0,-60.23
5300,50,GSL,5,6,10609.83,0,-51.13
5300,51,GSL,0,7,1002.05,1,29.6
5300,52,GSL,1,7,11855.5,0,-61.89
5300,53,GSL,2,7,11131.61,0,-55.29
5300,54,GSL,3,7,12431.53,0,-68.35
5300,55,GSL,4,7,5154.84,0,-17.05
5300,56,GSL,5,7,9184.46,0,-41.17
5310,0,ISL,0,1,11987.52,1,
5310,1,ISL,1,2,11987.52,1,
5310,2,ISL,2,0,11987.52,1,
5310,3,ISL,3,4,11987.52,1,
5310,4,ISL,4,5,11987.52,1,
5310,5,ISL,5,3,11987.52,1,
5310,6,ISL,0,3,13182.15,1,
5310,7,ISL,1,4,9459.42,1,
5310,8,ISL,2,5,8729.1,1,
5310,45,GSL,0,6,13179.22,0,-82.21
5310,46,GSL,1,6,5460.89,0,-18.88
5310,47,GSL,2,6,7871.25,0,-33.01
5310,48,GSL,3,6,4058.92,0,-10.21
5310,49,GSL,4,6,11711.53,0,-60.47
5310,50,GSL,5,6,10575.2,0,-50.87
5310,51,GSL,0,7,1052.23,1,27.56
5310,52,GSL,1,7,11886.85,0,-62.2
5310,53,GSL,2,7,11093.48,0,-54.98
5310,54,GSL,3,7,12418.19,0,-68.18
5310,55,GSL,4,7,5111.19,0,-16.79
5310,56,GSL,5,7,9226.81,0,-41.45
5320,0,ISL,0,1,11987.52,1,
5320,1,ISL,1,2,11987.52,1,
5320,2,ISL,2,0,11987.52,1,
5320,3,ISL,3,4,11987.52,1,
5320,4,ISL,4,5,11987.52,1,
5320,5,ISL,5,3,11987.52,1,
5320,6,ISL,0,3,13175.22,1,
5320,7,ISL,1,4,9524.79,1,
5320,8,ISL,2,5,8668.28,1,
5320,45,GSL,0,6,13171.36,0,-81.95
5320,46,GSL,1,6,5398.71,0,-18.51
5320,47,GSL,2,6,7927.09,0,-33.35
5320,48,GSL,3,6,4075.44,0,-10.32
5320,49,GSL,4,6,11737.22,0,-60.72
5320,50,GSL,5,6,10540.3,0,-50.6
5320,51,GSL,0,7,1104.51,1,25.64
5320,52,GSL,1,7,11917.87,0,-62.52
5320,53,GSL,2,7,11055.05,0,-54.66
5320,54,GSL,3,7,12404.52,0,-68.01
5320,55,GSL,4,7,5067.82,0,-16.53
5320,56,GSL,5,7,9269.01,0,-41.72
5330,0,ISL,0,1,11987.52,1,
5330,1,ISL,1,2,11987.52,1,
5330,2,ISL,2,0,11987.52,1,
5330,3,ISL,3,4,11987.52,1,
5330,4,ISL,4,5,11987.52,1,
5330,5,ISL,5,3,11987.52,1,
5330,6,ISL,0,3,13167.18,1,
5330,7,ISL,1,4,9590.28,1,
5330,8,ISL,2,5,8608.08,1,
5330,45,GSL,0,6,13163.15,0,-81.68
5330,46,GSL,1,6,5336.44,0,-18.14
5330,47,GSL,2,6,7982.71,0,-33.68
5330,48,GSL,3,6,4092.92,0,-10.43
5330,49,GSL,4,6,11762.63,0,-60.97
5330,50,GSL,5,6,10505.15,0,-50.34
5330,51,GSL,0,7,1158.6,1,23.85
5330,52,GSL,1,7,11948.56,0,-62.84
5330,53,GSL,2,7,11016.31,0,-54.34
5330,54,GSL,3,7,12390.54,0,-67.84
5330,55,GSL,4,7,5024.74,0,-16.27
5330,56,GSL,5,7,9311.08,0,-42.0
5340,0,ISL,0,1,11987.52,1,
5340,1,ISL,1,2,11987.52,1,
5340,2,ISL,2,0,11987.52,1,
5340,3,ISL,3,4,11987.52,1,
5340,4,ISL,4,5,11987.52,1,
5340,5,ISL,5,3,11987.52,1,
5340,6,ISL,0,3,13158.03,1,
5340,7,ISL,1,4,9655.85,1,
5340,8,ISL,2,5,8548.56,1,
5340,45,GSL,0,6,13154.56,0,-81.4
5340,46,GSL,1,6,5274.08,0,-17.77
5340,47,GSL,2,6,8038.11,0,-34.02
5340,48,GSL,3,6,4111.33,0,-10.55
5340,49,GSL,4,6,11787.77,0,-61.22
5340,50,GSL,5,6,10469.72,0,-50.07
5340,51,GSL,0,7,1214.26,1,22.16
5340,52,GSL,1,7,11978.93,0,-63.15
5340,53,GSL,2,7,10977.26,0,-54.02
5340,54,GSL,3,7,12376.23,0,-67.66
5340,55,GSL,4,7,4981.98,0,-16.01
5340,56,GSL,5,7,9352.99,0,-42.27
5350,0,ISL,0,1,11987.52,1,
5350,1,ISL,1,2,11987.52,1,
5350,2,ISL,2,0,11987.52,1,
5350,3,ISL,3,4,11987.52,1,
5350,4,ISL,4,5,11987.52,1,
5350,5,ISL,5,3,11987.52,1,
5350,6,ISL,0,3,13147.78,1,
5350,7,ISL,1,4,9721.47,1,
5350,8,ISL,2,5,8489.75,1,
5350,45,GSL,0,6,13145.61,0,-81.13
5350,46,GSL,1,6,5211.64,0,-17.39
5350,47,GSL,2,6,8093.29,0,-34.35
5350,48,GSL,3,6,4130.67,0,-10.68
5350,49,GSL,4,6,11812.62,0,-61.46
5350,50,GSL,5,6,10434.04,0,-49.81
5350,51,GSL,0,7,1271.27,1,20.58
5350,52,GSL,1,7,12008.98,0,-63.47
5350,53,GSL,2,7,10937.92,0,-53.7
5350,54,GSL,3,7,12361.6,0,-67.48
5350,55,GSL,4,7,4939.53,0,-15.75
5350,56,GSL,5,7,9394.76,0,-42.55
5360,0,ISL,0,1,11987.52,1,
5360,1,ISL,1,2,11987.52,1,
5360,2,ISL,2,0,11987.52,1,
5360,3,ISL,3,4,11987.52,1,
5360,4,ISL,4,5,11987.52,1,
5360,5,ISL,5,3,11987.52,1,
5360,6,ISL,0,3,13136.43,1,
5360,7,ISL,1,4,9787.11,1,
5360,8,ISL,2,5,8431.71,1,
5360,45,GSL,0,6,13136.3,0,-80.85
5360,46,GSL,1,6,5149.11,0,-17.02
5360,47,GSL,2,6,8148.25,0,-34.69
5360,48,GSL,3,6,4150.91,0,-10.81
5360,49,GSL,4,6,11837.19,0,-61.71
5360,50,GSL,5,6,10398.1,0,-49.54
5360,51,GSL,0,7,1329.46,1,19.1
5360,52,GSL,1,7,12038.69,0,-63.79
5360,53,GSL,2,7,10898.26,0,-53.38
5360,54,GSL,3,7,12346.65,0,-67.29
5360,55,GSL,4,7,4897.42,0,-15.5
5360,56,GSL,5,7,9436.37,0,-42.83
5370,0,ISL,0,1,11987.52,1,
5370,1,ISL,1,2,11987.52,1,
5370,2,ISL,2,0,11987.52,1,
5370,3,ISL,3,4,11987.52,1,
5370,4,ISL,4,5,11987.52,1,
5370,5,ISL,5,3,11987.52,1,
5370,6,ISL,0,3,13123.98,1,
5370,7,ISL,1,4,9852.73,1,
5370,8,ISL,2,5,8374.48,1,
5370,45,GSL,0,6,13126.62,0,-80.57
5370,46,GSL,1,6,5086.51,0,-16.64
5370,47,GSL,2,6,8202.99,0,-35.02
5370,48,GSL,3,6,4172.05,0,-10.95
5370,49,GSL,4,6,11861.48,0,-61.95
5370,50,GSL,5,6,10361.9,0,-49.27
5370,51,GSL,0,7,1388.67,1,17.71
5370,52,GSL,1,7,12068.07,0,-64.1
5370,53,GSL,2,7,10858.31,0,-53.07
5370,54,GSL,3,7,12331.38,0,-67.11
5370,55,GSL,4,7,4855.65,0,-15.24
5370,56,GSL,5,7,9477.83,0,-43.1
5380,0,ISL,0,1,11987.52,1,
5380,1,ISL,1,2,11987.52,1,
5380,2,ISL,2,0,11987.52,1,
5380,3,ISL,3,4,11987.52,1,
5380,4,ISL,4,5,11987.52,1,
5380,5,ISL,5,3,11987.52,1,
5380,6,ISL,0,3,13110.44,1,
5380,7,ISL,1,4,9918.32,1,
5380,8,ISL,2,5,8318.09,1,
5380,45,GSL,0,6,13116.57,0,-80.28
5380,46,GSL,1,6,5023.83,0,-16.26
5380,47,GSL,2,6,8257.5,0,-35.35
5380,48,GSL,3,6,4194.07,0,-11.09
5380,49,GSL,4,6,11885.48,0,-62.19
5380,50,GSL,5,6,10325.44,0,-49.01
5380,51,GSL,0,7,1448.76,1,16.4
5380,52,GSL,1,7,12097.13,0,-64.42
5380,53,GSL,2,7,10818.05,0,-52.75
5380,54,GSL,3,7,12315.79,0,-66.92
5380,55,GSL,4,7,4814.25,0,-14.99
5380,56,GSL,5,7,9519.14,0,-43.38
5390,0,ISL,0,1,11987.52,1,
5390,1,ISL,1,2,11987.52,1,
5390,2,ISL,2,0,11987.52,1,
5390,3,ISL,3,4,11987.52,1,
5390,4,ISL,4,5,11987.52,1,
5390,5,ISL,5,3,11987.52,1,
5390,6,ISL,0,3,13095.8,1,
5390,7,ISL,1,4,9983.82,1,
5390,8,ISL,2,5,8262.6,1,
5390,45,GSL,0,6,13106.16,0,-80.0
5390,46,GSL,1,6,4961.09,0,-15.88
5390,47,GSL,2,6,8311.78,0,-35.68
5390,48,GSL,3,6,4216.95,0,-11.24
5390,49,GSL,4,6,11909.2,0,-62.43
5390,50,GSL,5,6,10288.73,0,-48.74
5390,51,GSL,0,7,1509.64,1,15.16
5390,52,GSL,1,7,12125.85,0,-64.73
5390,53,GSL,2,7,10777.5,0,-52.43
5390,54,GSL,3,7,12299.88,0,-66.73
5390,55,GSL,4,7,4773.23,0,-14.74
5390,56,GSL,5,7,9560.28,0,-43.65
5400,0,ISL,0,1,11987.52,1,
5400,1,ISL,1,2,11987.52,1,
5400,2,ISL,2,0,11987.52,1,
5400,3,ISL,3,4,11987.52,1,
5400,4,ISL,4,5,11987.52,1,
5400,5,ISL,5,3,11987.52,1,
5400,6,ISL,0,3,13080.08,1,
5400,7,ISL,1,4,10049.22,1,
5400,8,ISL,2,5,8208.04,1,
5400,45,GSL,0,6,13095.39,0,-79.71
5400,46,GSL,1,6,4898.28,0,-15.5
5400,47,GSL,2,6,8365.84,0,-36.01
5400,48,GSL,3,6,4240.68,0,-11.39
5400,49,GSL,4,6,11932.63,0,-62.67
5400,50,GSL,5,6,10251.76,0,-48.47
5400,51,GSL,0,7,1571.2,1,14.0
5400,52,GSL,1,7,12154.24,0,-65.05
5400,53,GSL,2,7,10736.65,0,-52.11
5400,54,GSL,3,7,12283.65,0,-66.54
5400,55,GSL,4,7,4732.6,0,-14.49
5400,56,GSL,5,7,9601.26,0,-43.93
5410,0,ISL,0,1,11987.52,1,
5410,1,ISL,1,2,11987.52,1,
5410,2,ISL,2,0,11987.52,1,
5410,3,ISL,3,4,11987.52,1,
5410,4,ISL,4,5,11987.52,1,
5410,5,ISL,5,3,11987.52,1,
5410,6,ISL,0,3,13063.26,1,
5410,7,ISL,1,4,10114.49,1,
5410,8,ISL,2,5,8154.47,1,
5410,45,GSL,0,6,13084.26,0,-79.42
5410,46,GSL,1,6,4835.41,0,-15.12
5410,47,GSL,2,6,8419.66,0,-36.34
5410,48,GSL,3,6,4265.24,0,-11.55
5410,49,GSL,4,6,11955.78,0,-62.91
5410,50,GSL,5,6,10214.53,0,-48.2
5410,51,GSL,0,7,1633.35,1,12.89
5410,52,GSL,1,7,12182.29,0,-65.36
5410,53,GSL,2,7,10695.49,0,-51.79
5410,54,GSL,3,7,12267.1,0,-66.34
5410,55,GSL,4,7,4692.38,0,-14.24
5410,56,GSL,5,7,9642.07,0,-44.2
5420,0,ISL,0,1,11987.52,1,
5420,1,ISL,1,2,11987.52,1,
5420,2,ISL,2,0,11987.52,1,
5420,3,ISL,3,4,11987.52,1,
5420,4,ISL,4,5,11987.52,1,
5420,5,ISL,5,3,11987.52,1,
5420,6,ISL,0,3,13045.37,1,
5420,7,ISL,1,4,10179.59,1,
5420,8,ISL,2,5,8101.94,1,
5420,45,GSL,0,6,13072.76,0,-79.13
5420,46,GSL,1,6,4772.49,0,-14.73
5420,47,GSL,2,6,8473.25,0,-36.67
5420,48,GSL,3,6,4290.62,0,-11.71
5420,49,GSL,4,6,11978.63,0,-63.15
5420,50,GSL,5,6,10177.06,0,-47.93
5420,51,GSL,0,7,1696.03,1,11.84
5420,52,GSL,1,7,12210.01,0,-65.68
5420,53,GSL,2,7,10654.05,0,-51.47
5420,54,GSL,3,7,12250.23,0,-66.14
5420,55,GSL,4,7,4652.58,0,-13.99
5420,56,GSL,5,7,9682.72,0,-44.48
5430,0,ISL,0,1,11987.52,1,
5430,1,ISL,1,2,11987.52,1,
5430,2,ISL,2,0,11987.52,1,
5430,3,ISL,3,4,11987.52,1,
5430,4,ISL,4,5,11987.52,1,
5430,5,ISL,5,3,11987.52,1,
5430,6,ISL,0,3,13026.4,1,
5430,7,ISL,1,4,10244.51,1,
5430,8,ISL,2,5,8050.47,1,
5430,45,GSL,0,6,13060.9,0,-78.84
5430,46,GSL,1,6,4709.52,0,-14.35
5430,47,GSL,2,6,8526.61,0,-37.01
5430,48,GSL,3,6,4316.79,0,-11.88
5430,49,GSL,4,6,12001.2,0,-63.39
5430,50,GSL,5,6,10139.34,0,-47.66
5430,51,GSL,0,7,1759.17,1,10.84
5430,52,GSL,1,7,12237.4,0,-66.0
5430,53,GSL,2,7,10612.3,0,-51.15
5430,54,GSL,3,7,12233.04,0,-65.95
5430,55,GSL,4,7,4613.23,0,-13.75
5430,56,GSL,5,7,9723.2,0,-44.75
5440,0,ISL,0,1,11987.52,1,
5440,1,ISL,1,2,11987.52,1,
5440,2,ISL,2,0,11987.52,1,
5440,3,ISL,3,4,11987.52,1,
5440,4,ISL,4,5,11987.52,1,
5440,5,ISL,5,3,11987.52,1,
5440,6,ISL,0,3,13006.36,1,
5440,7,ISL,1,4,10309.2,1,
5440,8,ISL,2,5,8000.13,1,
5440,45,GSL,0,6,13048.67,0,-78.55
5440,46,GSL,1,6,4646.5,0,-13.96
5440,47,GSL,2,6,8579.73,0,-37.33
5440,48,GSL,3,6,4343.74,0,-12.05
5440,49,GSL,4,6,12023.48,0,-63.62
5440,50,GSL,5,6,10101.37,0,-47.39
5440,51,GSL,0,7,1822.73,0,9.89
5440,52,GSL,1,7,12264.45,0,-66.31
5440,53,GSL,2,7,10570.27,0,-50.83
5440,54,GSL,3,7,12215.53,0,-65.74
5440,55,GSL,4,7,4574.33,0,-13.51
5440,56,GSL,5,7,9763.5,0,-45.03
5450,0,ISL,0,1,11987.52,1,
5450,1,ISL,1,2,11987.52,1,
5450,2,ISL,2,0,11987.52,1,
5450,3,ISL,3,4,11987.52,1,
5450,4,ISL,4,5,11987.52,1,
5450,5,ISL,5,3,11987.52,1,
5450,6,ISL,0,3,12985.24,1,
5450,7,ISL,1,4,10373.66,1,
5450,8,ISL,2,5,7950.96,1,
5450,45,GSL,0,6,13036.09,0,-78.26
5450,46,GSL,1,6,4583.45,0,-13.56
5450,47,GSL,2,6,8632.62,0,-37.66
5450,48,GSL,3,6,4371.46,0,-12.23
5450,49,GSL,4,6,12045.46,0,-63.86
5450,50,GSL,5,6,10063.15,0,-47.12
5450,51,GSL,0,7,1886.64,0,8.98
5450,52,GSL,1,7,12291.17,0,-66.63
5450,53,GSL,2,7,10527.94,0,-50.51
5450,54,GSL,3,7,12197.71,0,-65.54
5450,55,GSL,4,7,4535.9,0,-13.27
5450,56,GSL,5,7,9803.63,0,-45.31
5460,0,ISL,0,1,11987.52,1,
5460,1,ISL,1,2,11987.52,1,
5460,2,ISL,2,0,11987.52,1,
5460,3,ISL,3,4,11987.52,1,
5460,4,ISL,4,5,11987.52,1,
5460,5,ISL,5,3,11987.52,1,
5460,6,ISL,0,3,12963.07,1,
5460,7,ISL,1,4,10437.84,1,
5460,8,ISL,2,5,7903.0,1,
5460,45,GSL,0,6,13023.14,0,-77.96
5460,46,GSL,1,6,4520.36,0,-13.17
5460,47,GSL,2,6,8685.26,0,-37.99
5460,48,GSL,3,6,4399.92,0,-12.41
5460,49,GSL,4,6,12067.15,0,-64.09
5460,50,GSL,5,6,10024.68,0,-46.85
5460,51,GSL,0,7,1950.88,0,8.11
5460,52,GSL,1,7,12317.55,0,-66.94
5460,53,GSL,2,7,10485.31,0,-50.19
5460,54,GSL,3,7,12179.56,0,-65.33
5460,55,GSL,4,7,4497.97,0,-13.03
5460,56,GSL,5,7,9843.58,0,-45.58
5470,0,ISL,0,1,11987.52,1,
5470,1,ISL,1,2,11987.52,1,
5470,2,ISL,2,0,11987.52,1,
5470,3,ISL,3,4,11987.52,1,
5470,4,ISL,4,5,11987.52,1,
5470,5,ISL,5,3,11987.52,1,
5470,6,ISL,0,3,12939.84,1,
5470,7,ISL,1,4,10501.73,1,
5470,8,ISL,2,5,7856.31,1,
5470,45,GSL,0,6,13009.83,0,-77.67
5470,46,GSL,1,6,4457.25,0,-12.77
5470,47,GSL,2,6,8737.67,0,-38.32
5470,48,GSL,3,6,4429.12,0,-12.6
5470,49,GSL,4,6,12088.54,0,-64.32
5470,50,GSL,5,6,9985.98,0,-46.57
5470,51,GSL,0,7,2015.39,0,7.27
5470,52,GSL,1,7,12343.59,0,-67.26
5470,53,GSL,2,7,10442.4,0,-49.87
5470,54,GSL,3,7,12161.1,0,-65.13
5470,55,GSL,4,7,4460.54,0,-12.79
5470,56,GSL,5,7,9883.36,0,-45.86
5480,0,ISL,0,1,11987.52,1,
5480,1,ISL,1,2,11987.52,1,
5480,2,ISL,2,0,11987.52,1,
5480,3,ISL,3,4,11987.52,1,
5480,4,ISL,4,5,11987.52,1,
5480,5,ISL,5,3,11987.52,1,
5480,6,ISL,0,3,12915.55,1,
5480,7,ISL,1,4,10565.29,1,
5480,8,ISL,2,5,7810.91,1,
5480,45,GSL,0,6,12996.16,0,-77.37
5480,46,GSL,1,6,4394.11,0,-12.37
5480,47,GSL,2,6,8789.83,0,-38.65
5480,48,GSL,3,6,4459.02,0,-12.78
5480,49,GSL,4,6,12109.64,0,-64.55
5480,50,GSL,5,6,9947.03,0,-46.3
5480,51,GSL,0,7,2080.16,0,6.46
5480,52,GSL,1,7,12369.29,0,-67.57
5480,53,GSL,2,7,10399.2,0,-49.55
5480,54,GSL,3,7,12142.33,0,-64.92
5480,55,GSL,4,7,4423.64,0,-12.56
5480,56,GSL,5,7,9922.95,0,-46.13
5490,0,ISL,0,1,11987.52,1,
5490,1,ISL,1,2,11987.52,1,
5490,2,ISL,2,0,11987.52,1,
5490,3,ISL,3,4,11987.52,1,
5490,4,ISL,4,5,11987.52,1,
5490,5,ISL,5,3,11987.52,1,
5490,6,ISL,0,3,12890.22,1,
5490,7,ISL,1,4,10628.51,1,
5490,8,ISL,2,5,7766.86,1,
5490,45,GSL,0,6,12982.14,0,-77.07
5490,46,GSL,1,6,4330.96,0,-11.97
5490,47,GSL,2,6,8841.75,0,-38.98
5490,48,GSL,3,6,4489.63,0,-12.98
5490,49,GSL,4,6,12130.45,0,-64.78
5490,50,GSL,5,6,9907.83,0,-46.03
5490,51,GSL,0,7,2145.14,0,5.69
5490,52,GSL,1,7,12394.65,0,-67.89
5490,53,GSL,2,7,10355.71,0,-49.23
5490,54,GSL,3,7,12123.24,0,-64.7
5490,55,GSL,4,7,4387.29,0,-12.33
5490,56,GSL,5,7,9962.35,0,-46.41
5500,0,ISL,0,1,11987.52,1,
5500,1,ISL,1,2,11987.52,1,
5500,2,ISL,2,0,11987.52,1,
5500,3,ISL,3,4,11987.52,1,
5500,4,ISL,4,5,11987.52,1,
5500,5,ISL,5,3,11987.52,1,
5500,6,ISL,0,3,12863.85,1,
5500,7,ISL,1,4,10691.36,1,
5500,8,ISL,2,5,7724.21,1,
5500,45,GSL,0,6,12967.75,0,-76.77
5500,46,GSL,1,6,4267.8,0,-11.57
5500,47,GSL,2,6,8893.43,0,-39.31
5500,48,GSL,3,6,4520.91,0,-13.17
5500,49,GSL,4,6,12150.95,0,-65.01
5500,50,GSL,5,6,9868.4,0,-45.75
5500,51,GSL,0,7,2210.32,0,4.94
5500,52,GSL,1,7,12419.67,0,-68.2
5500,53,GSL,2,7,10311.93,0,-48.91
5500,54,GSL,3,7,12103.83,0,-64.49
5500,55,GSL,4,7,4351.5,0,-12.1
5500,56,GSL,5,7,10001.57,0,-46.68
5510,0,ISL,0,1,11987.52,1,
5510,1,ISL,1,2,11987.52,1,
5510,2,ISL,2,0,11987.52,1,
5510,3,ISL,3,4,11987.52,1,
5510,4,ISL,4,5,11987.52,1,
5510,5,ISL,5,3,11987.52,1,
5510,6,ISL,0,3,12836.44,1,
5510,7,ISL,1,4,10753.82,1,
5510,8,ISL,2,5,7682.99,1,
5510,45,GSL,0,6,12953.0,0,-76.47
5510,46,GSL,1,6,4204.64,0,-11.16
5510,47,GSL,2,6,8944.86,0,-39.63
5510,48,GSL,3,6,4552.86,0,-13.37
5510,49,GSL,4,6,12171.16,0,-65.24
5510,50,GSL,5,6,9828.74,0,-45.48
5510,51,GSL,0,7,2275.67,0,4.22
5510,52,GSL,1,7,12444.35,0,-68.52
5510,53,GSL,2,7,10267.87,0,-48.59
5510,54,GSL,3,7,12084.11,0,-64.28
5510,55,GSL,4,7,4316.29,0,-11.88
5510,56,GSL,5,7,10040.6,0,-46.96
5520,0,ISL,0,1,11987.52,1,
5520,1,ISL,1,2,11987.52,1,
5520,2,ISL,2,0,11987.52,1,
5520,3,ISL,3,4,11987.52,1,
5520,4,ISL,4,5,11987.52,1,
5520,5,ISL,5,3,11987.52,1,
5520,6,ISL,0,3,12808.0,1,
5520,7,ISL,1,4,10815.86,1,
5520,8,ISL,2,5,7643.26,1,
5520,45,GSL,0,6,12937.89,0,-76.17
5520,46,GSL,1,6,4141.48,0,-10.75
5520,47,GSL,2,6,8996.04,0,-39.96
5520,48,GSL,3,6,4585.45,0,-13.58
5520,49,GSL,4,6,12191.07,0,-65.46
5520,50,GSL,5,6,9788.83,0,-45.2
5520,51,GSL,0,7,2341.17,0,3.52
5520,52,GSL,1,7,12468.69,0,-68.83
5520,53,GSL,2,7,10223.52,0,-48.26
5520,54,GSL,3,7,12064.07,0,-64.06
5520,55,GSL,4,7,4281.68,0,-11.66
5520,56,GSL,5,7,10079.44,0,-47.23
5530,0,ISL,0,1,11987.52,1,
5530,1,ISL,1,2,11987.52,1,
5530,2,ISL,2,0,11987.52,1,
5530,3,ISL,3,4,11987.52,1,
5530,4,ISL,4,5,11987.52,1,
5530,5,ISL,5,3,11987.52,1,
5530,6,ISL,0,3,12778.55,1,
5530,7,ISL,1,4,10877.46,1,
5530,8,ISL,2,5,7605.05,1,
5530,45,GSL,0,6,12922.43,0,-75.87
5530,46,GSL,1,6,4078.33,0,-10.33
5530,47,GSL,2,6,9046.97,0,-40.29
5530,48,GSL,3,6,4618.66,0,-13.78
5530,49,GSL,4,6,12210.67,0,-65.69
5530,50,GSL,5,6,9748.7,0,-44.93
5530,51,GSL,0,7,2406.8,0,2.84
5530,52,GSL,1,7,12492.69,0,-69.15
5530,53,GSL,2,7,10178.89,0,-47.94
5530,54,GSL,3,7,12043.72,0,-63.84
5530,55,GSL,4,7,4247.69,0,-11.44
5530,56,GSL,5,7,10118.09,0,-47.51
5540,0,ISL,0,1,11987.52,1,
5540,1,ISL,1,2,11987.52,1,
5540,2,ISL,2,0,11987.52,1,
5540,3,ISL,3,4,11987.52,1,
5540,4,ISL,4,5,11987.52,1,
5540,5,ISL,5,3,11987.52,1,
5540,6,ISL,0,3,12748.08,1,
5540,7,ISL,1,4,10938.6,1,
5540,8,ISL,2,5,7568.4,1,
5540,45,GSL,0,6,12906.6,0,-75.57
5540,46,GSL,1,6,4015.21,0,-9.92
5540,47,GSL,2,6,9097.66,0,-40.61
5540,48,GSL,3,6,4652.49,0,-13.99
5540,49,GSL,4,6,12229.98,0,-65.91
5540,50,GSL,5,6,9708.33,0,-44.65
5540,51,GSL,0,7,2472.55,0,2.18
5540,52,GSL,1,7,12516.34,0,-69.46
5540,53,GSL,2,7,10133.97,0,-47.62
5540,54,GSL,3,7,12023.05,0,-63.62
5540,55,GSL,4,7,4214.34,0,-11.22
5540,56,GSL,5,7,10156.54,0,-47.78
5550,0,ISL,0,1,11987.52,1,
5550,1,ISL,1,2,11987.52,1,
5550,2,ISL,2,0,11987.52,1,
5550,3,ISL,3,4,11987.52,1,
5550,4,ISL,4,5,11987.52,1,
5550,5,ISL,5,3,11987.52,1,
5550,6,ISL,0,3,12716.6,1,
5550,7,ISL,1,4,10999.26,1,
5550,8,ISL,2,5,7533.36,1,
5550,45,GSL,0,6,12890.42,0,-75.27
5550,46,GSL,1,6,3952.11,0,-9.5
5550,47,GSL,2,6,9148.09,0,-40.94
5550,48,GSL,3,6,4686.92,0,-14.21
5550,49,GSL,4,6,12248.98,0,-66.13
5550,50,GSL,5,6,9667.72,0,-44.38
5550,51,GSL,0,7,2538.39,0,1.54
5550,52,GSL,1,7,12539.65,0,-69.78
5550,53,GSL,2,7,10088.78,0,-47.3
5550,54,GSL,3,7,12002.07,0,-63.4
5550,55,GSL,4,7,4181.65,0,-11.01
5550,56,GSL,5,7,10194.79,0,-48.06
5560,0,ISL,0,1,11987.52,1,
5560,1,ISL,1,2,11987.52,1,
5560,2,ISL,2,0,11987.52,1,
5560,3,ISL,3,4,11987.52,1,
5560,4,ISL,4,5,11987.52,1,
5560,5,ISL,5,3,11987.52,1,
5560,6,ISL,0,3,12684.13,1,
5560,7,ISL,1,4,11059.42,1,
5560,8,ISL,2,5,7499.96,1,
5560,45,GSL,0,6,12873.89,0,-74.97
5560,46,GSL,1,6,3889.05,0,-9.07
5560,47,GSL,2,6,9198.26,0,-41.26
5560,48,GSL,3,6,4721.92,0,-14.42
5560,49,GSL,4,6,12267.68,0,-66.35
5560,50,GSL,5,6,9626.9,0,-44.1
5560,51,GSL,0,7,2604.31,0,0.91
5560,52,GSL,1,7,12562.61,0,-70.09
5560,53,GSL,2,7,10043.3,0,-46.98
5560,54,GSL,3,7,11980.78,0,-63.17
5560,55,GSL,4,7,4149.64,0,-10.8
5560,56,GSL,5,7,10232.84,0,-48.33
5570,0,ISL,0,1,11987.52,1,
5570,1,ISL,1,2,11987.52,1,
5570,2,ISL,2,0,11987.52,1,
5570,3,ISL,3,4,11987.52,1,
5570,4,ISL,4,5,11987.52,1,
5570,5,ISL,5,3,11987.52,1,
5570,6,ISL,0,3,12650.66,1,
5570,7,ISL,1,4,11119.05,1,
5570,8,ISL,2,5,7468.24,1,
5570,45,GSL,0,6,12856.99,0,-74.67
5570,46,GSL,1,6,3826.03,0,-8.65
5570,47,GSL,2,6,9248.18,0,-41.59
5570,48,GSL,3,6,4757.49,0,-14.64
5570,49,GSL,4,6,12286.07,0,-66.57
5570,50,GSL,5,6,9585.84,0,-43.82
5570,51,GSL,0,7,2670.31,0,0.3
5570,52,GSL,1,7,12585.23,0,-70.41
5570,53,GSL,2,7,9997.55,0,-46.65
5570,54,GSL,3,7,11959.17,0,-62.95
5570,55,GSL,4,7,4118.33,0,-10.6
5570,56,GSL,5,7,10270.69,0,-48.61
5580,0,ISL,0,1,11987.52,1,
5580,1,ISL,1,2,11987.52,1,
5580,2,ISL,2,0,11987.52,1,
5580,3,ISL,3,4,11987.52,1,
5580,4,ISL,4,5,11987.52,1,
5580,5,ISL,5,3,11987.52,1,
5580,6,ISL,0,3,12616.21,1,
5580,7,ISL,1,4,11178.14,1,
5580,8,ISL,2,5,7438.25,1,
5580,45,GSL,0,6,12839.74,0,-74.36
5580,46,GSL,1,6,3763.07,0,-8.21
5580,47,GSL,2,6,9297.84,0,-41.91
5580,48,GSL,3,6,4793.6,0,-14.86
5580,49,GSL,4,6,12304.16,0,-66.78
5580,50,GSL,5,6,9544.56,0,-43.55
5580,51,GSL,0,7,2736.36,0,-0.29
5580,52,GSL,1,7,12607.5,0,-70.72
5580,53,GSL,2,7,9951.52,0,-46.33
5580,54,GSL,3,7,11937.26,0,-62.72
5580,55,GSL,4,7,4087.74,0,-10.4
5580,56,GSL,5,7,10308.34,0,-48.88
5590,0,ISL,0,1,11987.52,1,
5590,1,ISL,1,2,11987.52,1,
5590,2,ISL,2,0,11987.52,1,
5590,3,ISL,3,4,11987.52,1,
5590,4,ISL,4,5,11987.52,1,
5590,5,ISL,5,3,11987.52,1,
5590,6,ISL,0,3,12580.79,1,
5590,7,ISL,1,4,11236.66,1,
5590,8,ISL,2,5,7410.01,1,
5590,45,GSL,0,6,12822.14,0,-74.06
5590,46,GSL,1,6,3700.18,0,-7.78
5590,47,GSL,2,6,9347.25,0,-42.24
5590,48,GSL,3,6,4830.25,0,-15.09
5590,49,GSL,4,6,12321.95,0,-67.0
5590,50,GSL,5,6,9503.05,0,-43.27
5590,51,GSL,0,7,2802.46,0,-0.87
5590,52,GSL,1,7,12629.43,0,-71.04
5590,53,GSL,2,7,9905.22,0,-46.01
5590,54,GSL,3,7,11915.03,0,-62.49
5590,55,GSL,4,7,4057.89,0,-10.2
5590,56,GSL,5,7,10345.78,0,-49.16
5600,0,ISL,0,1,11987.52,1,
5600,1,ISL,1,2,11987.52,1,
5600,2,ISL,2,0,11987.52,1,
5600,3,ISL,3,4,11987.52,1,
5600,4,ISL,4,5,11987.52,1,
5600,5,ISL,5,3,11987.52,1,
5600,6,ISL,0,3,12544.4,1,
5600,7,ISL,1,4,11294.61,1,
5600,8,ISL,2,5,7383.56,1,
5600,45,GSL,0,6,12804.18,0,-73.75
5600,46,GSL,1,6,3637.36,0,-7.34
5600,47,GSL,2,6,9396.39,0,-42.56
5600,48,GSL,3,6,4867.4,0,-15.31
5600,49,GSL,4,6,12339.42,0,-67.21
5600,50,GSL,5,6,9461.32,0,-42.99
5600,51,GSL,0,7,2868.6,0,-1.44
5600,52,GSL,1,7,12651.01,0,-71.35
5600,53,GSL,2,7,9858.64,0,-45.69
5600,54,GSL,3,7,11892.49,0,-62.26
5600,55,GSL,4,7,4028.8,0,-10.01
5600,56,GSL,5,7,10383.01,0,-49.43
5610,0,ISL,0,1,11987.52,1,
5610,1,ISL,1,2,11987.52,1,
5610,2,ISL,2,0,11987.52,1,
5610,3,ISL,3,4,11987.52,1,
5610,4,ISL,4,5,11987.52,1,
5610,5,ISL,5,3,11987.52,1,
5610,6,ISL,0,3,12507.06,1,
5610,7,ISL,1,4,11351.95,1,
5610,8,ISL,2,5,7358.93,1,
5610,45,GSL,0,6,12785.87,0,-73.45
5610,46,GSL,1,6,3574.63,0,-6.89
5610,47,GSL,2,6,9445.28,0,-42.88
5610,48,GSL,3,6,4905.06,0,-15.54
5610,49,GSL,4,6,12356.59,0,-67.42
5610,50,GSL,5,6,9419.38,0,-42.71
5610,51,GSL,0,7,2934.76,0,-2.0
5610,52,GSL,1,7,12672.24,0,-71.67
5610,53,GSL,2,7,9811.78,0,-45.36
5610,54,GSL,3,7,11869.65,0,-62.03
5610,55,GSL,4,7,4000.5,0,-9.82
5610,56,GSL,5,7,10420.04,0,-49.7
5620,0,ISL,0,1,11987.52,1,
5620,1,ISL,1,2,11987.52,1,
5620,2,ISL,2,0,11987.52,1,
5620,3,ISL,3,4,11987.52,1,
5620,4,ISL,4,5,11987.52,1,
5620,5,ISL,5,3,11987.52,1,
5620,6,ISL,0,3,12468.77,1,
5620,7,ISL,1,4,11408.67,1,
5620,8,ISL,2,5,7336.15,1,
5620,45,GSL,0,6,12767.2,0,-73.14
5620,46,GSL,1,6,3512.0,0,-6.45
5620,47,GSL,2,6,9493.9,0,-43.21
5620,48,GSL,3,6,4943.21,0,-15.78
5620,49,GSL,4,6,12373.45,0,-67.62
5620,50,GSL,5,6,9377.21,0,-42.43
5620,51,GSL,0,7,3000.95,0,-2.54
5620,52,GSL,1,7,12693.12,0,-71.98
5620,53,GSL,2,7,9764.66,0,-45.04
5620,54,GSL,3,7,11846.49,0,-61.8
5620,55,GSL,4,7,3972.99,0,-9.64
5620,56,GSL,5,7,10456.85,0,-49.98
5630,0,ISL,0,1,11987.52,1,
5630,1,ISL,1,2,11987.52,1,
5630,2,ISL,2,0,11987.52,1,
5630,3,ISL,3,4,11987.52,1,
5630,4,ISL,4,5,11987.52,1,
5630,5,ISL,5,3,11987.52,1,
5630,6,ISL,0,3,12429.55,1,
5630,7,ISL,1,4,11464.76,1,
5630,8,ISL,2,5,7315.25,1,
5630,45,GSL,0,6,12748.18,0,-72.84
5630,46,GSL,1,6,3449.48,0,-5.99
5630,47,GSL,2,6,9542.25,0,-43.53
5630,48,GSL,3,6,4981.82,0,-16.01
5630,49,GSL,4,6,12390.0,0,-67.83
5630,50,GSL,5,6,9334.83,0,-42.16
5630,51,GSL,0,7,3067.14,0,-3.08
5630,52,GSL,1,7,12713.66,0,-72.3
5630,53,GSL,2,7,9717.26,0,-44.71
5630,54,GSL,3,7,11823.03,0,-61.56
5630,55,GSL,4,7,3946.31,0,-9.46
5630,56,GSL,5,7,10493.44,0,-50.25
5640,0,ISL,0,1,11987.52,1,
5640,1,ISL,1,2,11987.52,1,
5640,2,ISL,2,0,11987.52,1,
5640,3,ISL,3,4,11987.52,1,
5640,4,ISL,4,5,11987.52,1,
5640,5,ISL,5,3,11987.52,1,
5640,6,ISL,0,3,12389.39,1,
5640,7,ISL,1,4,11520.19,1,
5640,8,ISL,2,5,7296.26,1,
5640,45,GSL,0,6,12728.81,0,-72.53
5640,46,GSL,1,6,3387.08,0,-5.53
5640,47,GSL,2,6,9590.34,0,-43.85
5640,48,GSL,3,6,5020.88,0,-16.25
5640,49,GSL,4,6,12406.24,0,-68.03
5640,50,GSL,5,6,9292.24,0,-41.88
5640,51,GSL,0,7,3133.34,0,-3.6
5640,52,GSL,1,7,12733.84,0,-72.61
5640,53,GSL,2,7,9669.6,0,-44.39
5640,54,GSL,3,7,11799.25,0,-61.33
5640,55,GSL,4,7,3920.48,0,-9.28
5640,56,GSL,5,7,10529.82,0,-50.52
5650,0,ISL,0,1,11987.52,1,
5650,1,ISL,1,2,11987.52,1,
5650,2,ISL,2,0,11987.52,1,
5650,3,ISL,3,4,11987.52,1,
5650,4,ISL,4,5,11987.52,1,
5650,5,ISL,5,3,11987.52,1,
5650,6,ISL,0,3,12348.33,1,
5650,7,ISL,1,4,11574.95,1,
5650,8,ISL,2,5,7279.19,1,
5650,45,GSL,0,6,12709.09,0,-72.23
5650,46,GSL,1,6,3324.82,0,-5.07
5650,47,GSL,2,6,9638.17,0,-44.18
5650,48,GSL,3,6,5060.39,0,-16.48
5650,49,GSL,4,6,12422.16,0,-68.23
5650,50,GSL,5,6,9249.43,0,-41.6
5650,51,GSL,0,7,3199.53,0,-4.12
5650,52,GSL,1,7,12753.67,0,-72.93
5650,53,GSL,2,7,9621.67,0,-44.07
5650,54,GSL,3,7,11775.17,0,-61.09
5650,55,GSL,4,7,3895.51,0,-9.12
5650,56,GSL,5,7,10565.98,0,-50.8
5660,0,ISL,0,1,11987.52,1,
5660,1,ISL,1,2,11987.52,1,
5660,2,ISL,2,0,11987.52,1,
5660,3,ISL,3,4,11987.52,1,
5660,4,ISL,4,5,11987.52,1,
5660,5,ISL,5,3,11987.52,1,
5660,6,ISL,0,3,12306.35,1,
5660,7,ISL,1,4,11629.02,1,
5660,8,ISL,2,5,7264.08,1,
5660,45,GSL,0,6,12689.01,0,-71.92
5660,46,GSL,1,6,3262.72,0,-4.6
5660,47,GSL,2,6,9685.73,0,-44.5
5660,48,GSL,3,6,5100.32,0,-16.73
5660,49,GSL,4,6,12437.78,0,-68.43
5660,50,GSL,5,6,9206.41,0,-41.32
5660,51,GSL,0,7,3265.72,0,-4.62
5660,52,GSL,1,7,12773.15,0,-73.24
5660,53,GSL,2,7,9573.47,0,-43.74
5660,54,GSL,3,7,11750.78,0,-60.85
5660,55,GSL,4,7,3871.42,0,-8.95
5660,56,GSL,5,7,10601.92,0,-51.07
5670,0,ISL,0,1,11987.52,1,
5670,1,ISL,1,2,11987.52,1,
5670,2,ISL,2,0,11987.52,1,
5670,3,ISL,3,4,11987.52,1,
5670,4,ISL,4,5,11987.52,1,
5670,5,ISL,5,3,11987.52,1,
5670,6,ISL,0,3,12263.48,1,
5670,7,ISL,1,4,11682.38,1,
5670,8,ISL,2,5,7250.94,1,
5670,45,GSL,0,6,12668.59,0,-71.61
5670,46,GSL,1,6,3200.78,0,-4.13
5670,47,GSL,2,6,9733.01,0,-44.82
5670,48,GSL,3,6,5140.67,0,-16.97
5670,49,GSL,4,6,12453.08,0,-68.63
5670,50,GSL,5,6,9163.19,0,-41.03
5670,51,GSL,0,7,3331.88,0,-5.12
5670,52,GSL,1,7,12792.28,0,-73.56
5670,53,GSL,2,7,9525.0,0,-43.42
5670,54,GSL,3,7,11726.09,0,-60.62
5670,55,GSL,4,7,3848.24,0,-8.8
5670,56,GSL,5,7,10637.64,0,-51.34
5680,0,ISL,0,1,11987.52,1,
5680,1,ISL,1,2,11987.52,1,
5680,2,ISL,2,0,11987.52,1,
5680,3,ISL,3,4,11987.52,1,
5680,4,ISL,4,5,11987.52,1,
5680,5,ISL,5,3,11987.52,1,
5680,6,ISL,0,3,12219.73,1,
5680,7,ISL,1,4,11735.03,1,
5680,8,ISL,2,5,7239.79,1,
5680,45,GSL,0,6,12647.81,0,-71.31
5680,46,GSL,1,6,3139.04,0,-3.65
5680,47,GSL,2,6,9780.03,0,-45.14
5680,48,GSL,3,6,5181.41,0,-17.21
5680,49,GSL,4,6,12468.06,0,-68.83
5680,50,GSL,5,6,9119.76,0,-40.75
5680,51,GSL,0,7,3398.02,0,-5.61
5680,52,GSL,1,7,12811.06,0,-73.87
5680,53,GSL,2,7,9476.27,0,-43.09
5680,54,GSL,3,7,11701.09,0,-60.37
5680,55,GSL,4,7,3825.98,0,-8.64
5680,56,GSL,5,7,10673.14,0,-51.62
5690,0,ISL,0,1,11987.52,1,
5690,1,ISL,1,2,11987.52,1,
5690,2,ISL,2,0,11987.52,1,
5690,3,ISL,3,4,11987.52,1,
5690,4,ISL,4,5,11987.52,1,
5690,5,ISL,5,3,11987.52,1,
5690,6,ISL,0,3,12175.11,1,
5690,7,ISL,1,4,11786.93,1,
5690,8,ISL,2,5,7230.64,1,
5690,45,GSL,0,6,12626.69,0,-71.0
5690,46,GSL,1,6,3077.49,0,-3.16
5690,47,GSL,2,6,9826.77,0,-45.47
5690,48,GSL,3,6,5222.54,0,-17.46
5690,49,GSL,4,6,12482.74,0,-69.02
5690,50,GSL,5,6,9076.12,0,-40.47
5690,51,GSL,0,7,3464.13,0,-6.1
5690,52,GSL,1,7,12829.49,0,-74.18
5690,53,GSL,2,7,9427.28,0,-42.77
5690,54,GSL,3,7,11675.79,0,-60.13
5690,55,GSL,4,7,3804.67,0,-8.5
5690,56,GSL,5,7,10708.41,0,-51.89
5700,0,ISL,0,1,11987.52,1,
5700,1,ISL,1,2,11987.52,1,
5700,2,ISL,2,0,11987.52,1,
5700,3,ISL,3,4,11987.52,1,
5700,4,ISL,4,5,11987.52,1,
5700,5,ISL,5,3,11987.52,1,
5700,6,ISL,0,3,12129.62,1,
5700,7,ISL,1,4,11838.09,1,
5700,8,ISL,2,5,7223.51,1,
5700,45,GSL,0,6,12605.22,0,-70.69
5700,46,GSL,1,6,3016.17,0,-2.66
5700,47,GSL,2,6,9873.24,0,-45.79
5700,48,GSL,3,6,5264.04,0,-17.71
5700,49,GSL,4,6,12497.09,0,-69.21
5700,50,GSL,5,6,9032.29,0,-40.19
5700,51,GSL,0,7,3530.21,0,-6.58
5700,52,GSL,1,7,12847.56,0,-74.5
5700,53,GSL,2,7,9378.03,0,-42.44
5700,54,GSL,3,7,11650.18,0,-59.89
5700,55,GSL,4,7,3784.32,0,-8.36
5700,56,GSL,5,7,10743.46,0,-52.16
5710,0,ISL,0,1,11987.52,1,
5710,1,ISL,1,2,11987.52,1,
5710,2,ISL,2,0,11987.52,1,
5710,3,ISL,3,4,11987.52,1,
5710,4,ISL,4,5,11987.52,1,
5710,5,ISL,5,3,11987.52,1,
5710,6,ISL,0,3,12083.29,1,
5710,7,ISL,1,4,11888.48,1,
5710,8,ISL,2,5,7218.4,1,
5710,45,GSL,0,6,12583.4,0,-70.38
5710,46,GSL,1,6,2955.1,0,-2.16
5710,47,GSL,2,6,9919.43,0,-46.11
5710,48,GSL,3,6,5305.9,0,-17.96
5710,49,GSL,4,6,12511.13,0,-69.39
5710,50,GSL,5,6,8988.25,0,-39.91
5710,51,GSL,0,7,3596.25,0,-7.05
5710,52,GSL,1,7,12865.28,0,-74.81
5710,53,GSL,2,7,9328.52,0,-42.11
5710,54,GSL,3,7,11624.27,0,-59.65
5710,55,GSL,4,7,3764.96,0,-8.23
5710,56,GSL,5,7,10778.27,0,-52.43
5720,0,ISL,0,1,11987.52,1,
5720,1,ISL,1,2,11987.52,1,
5720,2,ISL,2,0,11987.52,1,
5720,3,ISL,3,4,11987.52,1,
5720,4,ISL,4,5,11987.52,1,
5720,5,ISL,5,3,11987.52,1,
5720,6,ISL,0,3,12036.13,1,
5720,7,ISL,1,4,11938.09,1,
5720,8,ISL,2,5,7215.32,1,
5720,45,GSL,0,6,12561.23,0,-70.07
5720,46,GSL,1,6,2894.3,0,-1.66
5720,47,GSL,2,6,9965.35,0,-46.43
5720,48,GSL,3,6,5348.1,0,-18.21
5720,49,GSL,4,6,12524.86,0,-69.58
5720,50,GSL,5,6,8944.02,0,-39.63
5720,51,GSL,0,7,3662.25,0,-7.51
5720,52,GSL,1,7,12882.64,0,-75.13
5720,53,GSL,2,7,9278.75,0,-41.79
5720,54,GSL,3,7,11598.06,0,-59.4
5720,55,GSL,4,7,3746.59,0,-8.1
5720,56,GSL,5,7,10812.85,0,-52.71
5730,0,ISL,0,1,11987.52,1,
5730,1,ISL,1,2,11987.52,1,
5730,2,ISL,2,0,11987.52,1,
5730,3,ISL,3,4,11987.52,1,
5730,4,ISL,4,5,11987.52,1,
5730,5,ISL,5,3,11987.52,1,
5730,6,ISL,0,3,11988.14,1,
5730,7,ISL,1,4,11986.91,1,
5730,8,ISL,2,5,7214.27,1,
5730,45,GSL,0,6,12538.72,0,-69.77
5730,46,GSL,1,6,2833.78,0,-1.14
5730,47,GSL,2,6,10010.99,0,-46.75
5730,48,GSL,3,6,5390.64,0,-18.46
5730,49,GSL,4,6,12538.26,0,-69.76
5730,50,GSL,5,6,8899.59,0,-39.34
5730,51,GSL,0,7,3728.19,0,-7.97
5730,52,GSL,1,7,12899.65,0,-75.44
5730,53,GSL,2,7,9228.72,0,-41.46
5730,54,GSL,3,7,11571.54,0,-59.16
5730,55,GSL,4,7,3729.24,0,-7.98
5730,56,GSL,5,7,10847.2,0,-52.98
5740,0,ISL,0,1,11987.52,1,
5740,1,ISL,1,2,11987.52,1,
5740,2,ISL,2,0,11987.52,1,
5740,3,ISL,3,4,11987.52,1,
5740,4,ISL,4,5,11987.52,1,
5740,5,ISL,5,3,11987.52,1,
5740,6,ISL,0,3,11939.34,1,
5740,7,ISL,1,4,12034.92,1,
5740,8,ISL,2,5,7215.26,1,
5740,45,GSL,0,6,12515.86,0,-69.46
5740,46,GSL,1,6,2773.59,0,-0.62
5740,47,GSL,2,6,10056.35,0,-47.07
5740,48,GSL,3,6,5433.5,0,-18.71
5740,49,GSL,4,6,12551.35,0,-69.94
5740,50,GSL,5,6,8854.97,0,-39.06
5740,51,GSL,0,7,3794.08,0,-8.43
5740,52,GSL,1,7,12916.3,0,-75.76
5740,53,GSL,2,7,9178.44,0,-41.13
5740,54,GSL,3,7,11544.73,0,-58.91
5740,55,GSL,4,7,3712.93,0,-7.87
5740,56,GSL,5,7,10881.32,0,-53.25
5750,0,ISL,0,1,11987.52,1,
5750,1,ISL,1,2,11987.52,1,
5750,2,ISL,2,0,11987.52,1,
5750,3,ISL,3,4,11987.52,1,
5750,4,ISL,4,5,11987.52,1,
5750,5,ISL,5,3,11987.52,1,
5750,6,ISL,0,3,11889.75,1,
5750,7,ISL,1,4,12082.1,1,
5750,8,ISL,2,5,7218.29,1,
5750,45,GSL,0,6,12492.65,0,-69.15
5750,46,GSL,1,6,2713.74,0,-0.09
5750,47,GSL,2,6,10101.43,0,-47.39
5750,48,GSL,3,6,5476.66,0,-18.97
5750,49,GSL,4,6,12564.11,0,-70.11
5750,50,GSL,5,6,8810.16,0,-38.78
5750,51,GSL,0,7,3859.91,0,-8.88
5750,52,GSL,1,7,12932.6,0,-76.07
5750,53,GSL,2,7,9127.91,0,-40.81
5750,54,GSL,3,7,11517.61,0,-58.66
5750,55,GSL,4,7,3697.67,0,-7.76
5750,56,GSL,5,7,10915.2,0,-53.52
5760,0,ISL,0,1,11987.52,1,
5760,1,ISL,1,2,11987.52,1,
5760,2,ISL,2,0,11987.52,1,
5760,3,ISL,3,4,11987.52,1,
5760,4,ISL,4,5,11987.52,1,
5760,5,ISL,5,3,11987.52,1,
5760,6,ISL,0,3,11839.38,1,
5760,7,ISL,1,4,12128.46,1,
5760,8,ISL,2,5,7223.35,1,
5760,45,GSL,0,6,12469.11,0,-68.84
5760,46,GSL,1,6,2654.27,0,0.45
5760,47,GSL,2,6,10146.23,0,-47.71
5760,48,GSL,3,6,5520.13,0,-19.23
5760,49,GSL,4,6,12576.56,0,-70.29
5760,50,GSL,5,6,8765.15,0,-38.49
5760,51,GSL,0,7,3925.69,0,-9.32
5760,52,GSL,1,7,12948.54,0,-76.39
5760,53,GSL,2,7,9077.12,0,-40.48
5760,54,GSL,3,7,11490.19,0,-58.41
5760,55,GSL,4,7,3683.48,0,-7.66
5760,56,GSL,5,7,10948.84,0,-53.79
5770,0,ISL,0,1,11987.52,1,
5770,1,ISL,1,2,11987.52,1,
5770,2,ISL,2,0,11987.52,1,
5770,3,ISL,3,4,11987.52,1,
5770,4,ISL,4,5,11987.52,1,
5770,5,ISL,5,3,11987.52,1,
5770,6,ISL,0,3,11788.24,1,
5770,7,ISL,1,4,12173.96,1,
5770,8,ISL,2,5,7230.43,1,
5770,45,GSL,0,6,12445.21,0,-68.53
5770,46,GSL,1,6,2595.2,0,1.0
5770,47,GSL,2,6,10190.74,0,-48.03
5770,48,GSL,3,6,5563.88,0,-19.48
5770,49,GSL,4,6,12588.69,0,-70.46
5770,50,GSL,5,6,8719.97,0,-38.21
5770,51,GSL,0,7,3991.39,0,-9.76
5770,52,GSL,1,7,12964.12,0,-76.7
5770,53,GSL,2,7,9026.08,0,-40.15
5770,54,GSL,3,7,11462.48,0,-58.16
5770,55,GSL,4,7,3670.37,0,-7.57
5770,56,GSL,5,7,10982.24,0,-54.06
5780,0,ISL,0,1,11987.52,1,
5780,1,ISL,1,2,11987.52,1,
5780,2,ISL,2,0,11987.52,1,
5780,3,ISL,3,4,11987.52,1,
5780,4,ISL,4,5,11987.52,1,
5780,5,ISL,5,3,11987.52,1,
5780,6,ISL,0,3,11736.35,1,
5780,7,ISL,1,4,12218.61,1,
5780,8,ISL,2,5,7239.53,1,
5780,45,GSL,0,6,12420.98,0,-68.22
5780,46,GSL,1,6,2536.58,0,1.55
5780,47,GSL,2,6,10234.97,0,-48.35
5780,48,GSL,3,6,5607.9,0,-19.74
5780,49,GSL,4,6,12600.49,0,-70.62
5780,50,GSL,5,6,8674.6,0,-37.93
5780,51,GSL,0,7,4057.03,0,-10.19
5780,52,GSL,1,7,12979.35,0,-77.01
5780,53,GSL,2,7,8974.79,0,-39.82
5780,54,GSL,3,7,11434.47,0,-57.91
5780,55,GSL,4,7,3658.35,0,-7.49
5780,56,GSL,5,7,11015.4,0,-54.33
5790,0,ISL,0,1,11987.52,1,
5790,1,ISL,1,2,11987.52,1,
5790,2,ISL,2,0,11987.52,1,
5790,3,ISL,3,4,11987.52,1,
5790,4,ISL,4,5,11987.52,1,
5790,5,ISL,5,3,11987.52,1,
5790,6,ISL,0,3,11683.73,1,
5790,7,ISL,1,4,12262.38,1,
5790,8,ISL,2,5,7250.63,1,
5790,45,GSL,0,6,12396.4,0,-67.91
5790,46,GSL,1,6,2478.44,0,2.12
5790,47,GSL,2,6,10278.92,0,-48.67
5790,48,GSL,3,6,5652.19,0,-20.0
5790,49,GSL,4,6,12611.98,0,-70.79
5790,50,GSL,5,6,8629.05,0,-37.64
5790,51,GSL,0,7,4122.59,0,-10.62
5790,52,GSL,1,7,12994.21,0,-77.33
5790,53,GSL,2,7,8923.25,0,-39.49
5790,54,GSL,3,7,11406.16,0,-57.66
5790,55,GSL,4,7,3647.45,0,-7.41
5790,56,GSL,5,7,11048.32,0,-54.6
5800,0,ISL,0,1,11987.52,1,
5800,1,ISL,1,2,11987.52,1,
5800,2,ISL,2,0,11987.52,1,
5800,3,ISL,3,4,11987.52,1,
5800,4,ISL,4,5,11987.52,1,
5800,5,ISL,5,3,11987.52,1,
5800,6,ISL,0,3,11630.38,1,
5800,7,ISL,1,4,12305.27,1,
5800,8,ISL,2,5,7263.72,1,
5800,45,GSL,0,6,12371.49,0,-67.6
5800,46,GSL,1,6,2420.83,0,2.69
5800,47,GSL,2,6,10322.58,0,-48.99
5800,48,GSL,3,6,5696.73,0,-20.27
5800,49,GSL,4,6,12623.14,0,-70.95
5800,50,GSL,5,6,8583.32,0,-37.36
5800,51,GSL,0,7,4188.07,0,-11.05
5800,52,GSL,1,7,13008.72,0,-77.64
5800,53,GSL,2,7,8871.46,0,-39.17
5800,54,GSL,3,7,11377.55,0,-57.4
5800,55,GSL,4,7,3637.66,0,-7.34
5800,56,GSL,5,7,11080.99,0,-54.87
5810,0,ISL,0,1,11987.52,1,
5810,1,ISL,1,2,11987.52,1,
5810,2,ISL,2,0,11987.52,1,
5810,3,ISL,3,4,11987.52,1,
5810,4,ISL,4,5,11987.52,1,
5810,5,ISL,5,3,11987.52,1,
5810,6,ISL,0,3,11576.33,1,
5810,7,ISL,1,4,12347.27,1,
5810,8,ISL,2,5,7278.79,1,
5810,45,GSL,0,6,12346.23,0,-67.29
5810,46,GSL,1,6,2363.78,0,3.28
5810,47,GSL,2,6,10365.95,0,-49.3
5810,48,GSL,3,6,5741.51,0,-20.53
5810,49,GSL,4,6,12633.97,0,-71.1
5810,50,GSL,5,6,8537.41,0,-37.07
5810,51,GSL,0,7,4253.47,0,-11.47
5810,52,GSL,1,7,13022.87,0,-77.96
5810,53,GSL,2,7,8819.43,0,-38.84
5810,54,GSL,3,7,11348.65,0,-57.15
5810,55,GSL,4,7,3629.01,0,-7.28
5810,56,GSL,5,7,11113.42,0,-55.14
5820,0,ISL,0,1,11987.52,1,
5820,1,ISL,1,2,11987.52,1,
5820,2,ISL,2,0,11987.52,1,
5820,3,ISL,3,4,11987.52,1,
5820,4,ISL,4,5,11987.52,1,
5820,5,ISL,5,3,11987.52,1,
5820,6,ISL,0,3,11521.59,1,
5820,7,ISL,1,4,12388.36,1,
5820,8,ISL,2,5,7295.8,1,
5820,45,GSL,0,6,12320.63,0,-66.98
5820,46,GSL,1,6,2307.35,0,3.87
5820,47,GSL,2,6,10409.03,0,-49.62
5820,48,GSL,3,6,5786.53,0,-20.79
5820,49,GSL,4,6,12644.49,0,-71.26
5820,50,GSL,5,6,8491.33,0,-36.79
5820,51,GSL,0,7,4318.79,0,-11.89
5820,52,GSL,1,7,13036.66,0,-78.27
5820,53,GSL,2,7,8767.16,0,-38.51
5820,54,GSL,3,7,11319.46,0,-56.9
5820,55,GSL,4,7,3621.5,0,-7.23
5820,56,GSL,5,7,11145.59,0,-55.41
5830,0,ISL,0,1,11987.52,1,
5830,1,ISL,1,2,11987.52,1,
5830,2,ISL,2,0,11987.52,1,
5830,3,ISL,3,4,11987.52,1,
5830,4,ISL,4,5,11987.52,1,
5830,5,ISL,5,3,11987.52,1,
5830,6,ISL,0,3,11466.17,1,
5830,7,ISL,1,4,12428.54,1,
5830,8,ISL,2,5,7314.74,1,
5830,45,GSL,0,6,12294.7,0,-66.67
5830,46,GSL,1,6,2251.59,0,4.48
5830,47,GSL,2,6,10451.82,0,-49.94
5830,48,GSL,3,6,5831.76,0,-21.06
5830,49,GSL,4,6,12654.68,0,-71.41
5830,50,GSL,5,6,8445.08,0,-36.5
5830,51,GSL,0,7,4384.03,0,-12.31
5830,52,GSL,1,7,13050.1,0,-78.58
5830,53,GSL,2,7,8714.64,0,-38.18
5830,54,GSL,3,7,11289.97,0,-56.64
5830,55,GSL,4,7,3615.14,0,-7.18
5830,56,GSL,5,7,11177.52,0,-55.68
5840,0,ISL,0,1,11987.52,1,
5840,1,ISL,1,2,11987.52,1,
5840,2,ISL,2,0,11987.52,1,
5840,3,ISL,3,4,11987.52,1,
5840,4,ISL,4,5,11987.52,1,
5840,5,ISL,5,3,11987.52,1,
5840,6,ISL,0,3,11410.1,1,
5840,7,ISL,1,4,12467.79,1,
5840,8,ISL,2,5,7335.6,1,
5840,45,GSL,0,6,12268.42,0,-66.36
5840,46,GSL,1,6,2196.56,0,5.1
5840,47,GSL,2,6,10494.31,0,-50.26
5840,48,GSL,3,6,5877.21,0,-21.32
5840,49,GSL,4,6,12664.54,0,-71.55
5840,50,GSL,5,6,8398.66,0,-36.22
5840,51,GSL,0,7,4449.17,0,-12.72
5840,52,GSL,1,7,13063.17,0,-78.9
5840,53,GSL,2,7,8661.88,0,-37.85
5840,54,GSL,3,7,11260.19,0,-56.38
5840,55,GSL,4,7,3609.94,0,-7.14
5840,56,GSL,5,7,11209.2,0,-55.95
5850,0,ISL,0,1,11987.52,1,
5850,1,ISL,1,2,11987.52,1,
5850,2,ISL,2,0,11987.52,1,
5850,3,ISL,3,4,11987.52,1,
5850,4,ISL,4,5,11987.52,1,
5850,5,ISL,5,3,11987.52,1,
5850,6,ISL,0,3,11353.4,1,
5850,7,ISL,1,4,12506.1,1,
5850,8,ISL,2,5,7358.33,1,
5850,45,GSL,0,6,12241.81,0,-66.05
5850,46,GSL,1,6,2142.31,0,5.72
5850,47,GSL,2,6,10536.52,0,-50.58
5850,48,GSL,3,6,5922.86,0,-21.59
5850,49,GSL,4,6,12674.08,0,-71.7
5850,50,GSL,5,6,8352.07,0,-35.93
5850,51,GSL,0,7,4514.22,0,-13.13
5850,52,GSL,1,7,13075.88,0,-79.21
5850,53,GSL,2,7,8608.89,0,-37.52
5850,54,GSL,3,7,11230.12,0,-56.13
5850,55,GSL,4,7,3605.9,0,-7.12
5850,56,GSL,5,7,11240.62,0,-56.21
5860,0,ISL,0,1,11987.52,1,
5860,1,ISL,1,2,11987.52,1,
5860,2,ISL,2,0,11987.52,1,
5860,3,ISL,3,4,11987.52,1,
5860,4,ISL,4,5,11987.52,1,
5860,5,ISL,5,3,11987.52,1,
5860,6,ISL,0,3,11296.07,1,
5860,7,ISL,1,4,12543.47,1,
5860,8,ISL,2,5,7382.91,1,
5860,45,GSL,0,6,12214.86,0,-65.74
5860,46,GSL,1,6,2088.93,0,6.36
5860,47,GSL,2,6,10578.43,0,-50.89
5860,48,GSL,3,6,5968.7,0,-21.86
5860,49,GSL,4,6,12683.29,0,-71.83
5860,50,GSL,5,6,8305.32,0,-35.64
5860,51,GSL,0,7,4579.17,0,-13.54
5860,52,GSL,1,7,13088.23,0,-79.53
5860,53,GSL,2,7,8555.65,0,-37.19
5860,54,GSL,3,7,11199.75,0,-55.87
5860,55,GSL,4,7,3603.04,0,-7.1
5860,56,GSL,5,7,11271.79,0,-56.48
5870,0,ISL,0,1,11987.52,1,
5870,1,ISL,1,2,11987.52,1,
5870,2,ISL,2,0,11987.52,1,
5870,3,ISL,3,4,11987.52,1,
5870,4,ISL,4,5,11987.52,1,
5870,5,ISL,5,3,11987.52,1,
5870,6,ISL,0,3,11238.14,1,
5870,7,ISL,1,4,12579.88,1,
5870,8,ISL,2,5,7409.32,1,
5870,45,GSL,0,6,12187.58,0,-65.42
5870,46,GSL,1,6,2036.47,0,7.0
5870,47,GSL,2,6,10620.04,0,-51.21
5870,48,GSL,3,6,6014.73,0,-22.13
5870,49,GSL,4,6,12692.18,0,-71.97
5870,50,GSL,5,6,8258.41,0,-35.36
5870,51,GSL,0,7,4644.02,0,-13.94
5870,52,GSL,1,7,13100.22,0,-79.84
5870,53,GSL,2,7,8502.18,0,-36.85
5870,54,GSL,3,7,11169.1,0,-55.61
5870,55,GSL,4,7,3601.35,0,-7.08
5870,56,GSL,5,7,11302.71,0,-56.75
5880,0,ISL,0,1,11987.52,1,
5880,1,ISL,1,2,11987.52,1,
5880,2,ISL,2,0,11987.52,1,
5880,3,ISL,3,4,11987.52,1,
5880,4,ISL,4,5,11987.52,1,
5880,5,ISL,5,3,11987.52,1,
5880,6,ISL,0,3,11179.63,1,
5880,7,ISL,1,4,12615.33,1,
5880,8,ISL,2,5,7437.51,1,
5880,45,GSL,0,6,12159.96,0,-65.11
5880,46,GSL,1,6,1985.02,0,7.66
5880,47,GSL,2,6,10661.36,0,-51.53
5880,48,GSL,3,6,6060.93,0,-22.4
5880,49,GSL,4,6,12700.74,0,-72.1
5880,50,GSL,5,6,8211.34,0,-35.07
5880,51,GSL,0,7,4708.77,0,-14.34
5880,52,GSL,1,7,13111.84,0,-80.15
5880,53,GSL,2,7,8448.47,0,-36.52
5880,54,GSL,3,7,11138.15,0,-55.35
5880,55,GSL,4,7,3600.83,0,-7.08
5880,56,GSL,5,7,11333.36,0,-57.02
5890,0,ISL,0,1,11987.52,1,
5890,1,ISL,1,2,11987.52,1,
5890,2,ISL,2,0,11987.52,1,
5890,3,ISL,3,4,11987.52,1,
5890,4,ISL,4,5,11987.52,1,
5890,5,ISL,5,3,11987.52,1,
5890,6,ISL,0,3,11120.56,1,
5890,7,ISL,1,4,12649.8,1,
5890,8,ISL,2,5,7467.46,1,
5890,45,GSL,0,6,12132.01,0,-64.8
5890,46,GSL,1,6,1934.67,0,8.32
5890,47,GSL,2,6,10702.38,0,-51.84
5890,48,GSL,3,6,6107.29,0,-22.67
5890,49,GSL,4,6,12708.97,0,-72.23
5890,50,GSL,5,6,8164.12,0,-34.78
5890,51,GSL,0,7,4773.41,0,-14.74
5890,52,GSL,1,7,13123.11,0,-80.47
5890,53,GSL,2,7,8394.53,0,-36.19
5890,54,GSL,3,7,11106.92,0,-55.09
5890,55,GSL,4,7,3601.5,0,-7.09
5890,56,GSL,5,7,11363.76,0,-57.28
5900,0,ISL,0,1,11987.52,1,
5900,1,ISL,1,2,11987.52,1,
5900,2,ISL,2,0,11987.52,1,
5900,3,ISL,3,4,11987.52,1,
5900,4,ISL,4,5,11987.52,1,
5900,5,ISL,5,3,11987.52,1,
5900,6,ISL,0,3,11060.94,1,
5900,7,ISL,1,4,12683.29,1,
5900,8,ISL,2,5,7499.13,1,
5900,45,GSL,0,6,12103.73,0,-64.49
5900,46,GSL,1,6,1885.51,0,8.99
5900,47,GSL,2,6,10743.1,0,-52.16
5900,48,GSL,3,6,6153.81,0,-22.94
5900,49,GSL,4,6,12716.87,0,-72.35
5900,50,GSL,5,6,8116.74,0,-34.49
5900,51,GSL,0,7,4837.95,0,-15.13
5900,52,GSL,1,7,13134.01,0,-80.78
5900,53,GSL,2,7,8340.36,0,-35.86
5900,54,GSL,3,7,11075.41,0,-54.83
5900,55,GSL,4,7,3603.34,0,-7.1
5900,56,GSL,5,7,11393.9,0,-57.55
5910,0,ISL,0,1,11987.52,1,
5910,1,ISL,1,2,11987.52,1,
5910,2,ISL,2,0,11987.52,1,
5910,3,ISL,3,4,11987.52,1,
5910,4,ISL,4,5,11987.52,1,
5910,5,ISL,5,3,11987.52,1,
5910,6,ISL,0,3,11000.79,1,
5910,7,ISL,1,4,12715.79,1,
5910,8,ISL,2,5,7532.49,1,
5910,45,GSL,0,6,12075.11,0,-64.18
5910,46,GSL,1,6,1837.63,0,9.67
5910,47,GSL,2,6,10783.52,0,-52.48
5910,48,GSL,3,6,6200.48,0,-23.21
5910,49,GSL,4,6,12724.44,0,-72.46
5910,50,GSL,5,6,8069.22,0,-34.21
5910,51,GSL,0,7,4902.37,0,-15.53
5910,52,GSL,1,7,13144.55,0,-81.09
5910,53,GSL,2,7,8285.96,0,-35.52
5910,54,GSL,3,7,11043.6,0,-54.56
5910,55,GSL,4,7,3606.36,0,-7.12
5910,56,GSL,5,7,11423.78,0,-57.81
5920,0,ISL,0,1,11987.52,1,
5920,1,ISL,1,2,11987.52,1,
5920,2,ISL,2,0,11987.52,1,
5920,3,ISL,3,4,11987.52,1,
5920,4,ISL,4,5,11987.52,1,
5920,5,ISL,5,3,11987.52,1,
5920,6,ISL,0,3,10940.15,1,
5920,7,ISL,1,4,12747.29,1,
5920,8,ISL,2,5,7567.49,1,
5920,45,GSL,0,6,12046.17,0,-63.87
5920,46,GSL,1,6,1791.16,1,10.36
5920,47,GSL,2,6,10823.64,0,-52.79
5920,48,GSL,3,6,6247.29,0,-23.48
5920,49,GSL,4,6,12731.68,0,-72.58
5920,50,GSL,5,6,8021.55,0,-33.92
5920,51,GSL,0,7,4966.68,0,-15.92
5920,52,GSL,1,7,13154.73,0,-81.41
5920,53,GSL,2,7,8231.33,0,-35.19
5920,54,GSL,3,7,11011.51,0,-54.3
5920,55,GSL,4,7,3610.56,0,-7.15
5920,56,GSL,5,7,11453.39,0,-58.08
5930,0,ISL,0,1,11987.52,1,
5930,1,ISL,1,2,11987.52,1,
5930,2,ISL,2,0,11987.52,1,
5930,3,ISL,3,4,11987.52,1,
5930,4,ISL,4,5,11987.52,1,
5930,5,ISL,5,3,11987.52,1,
5930,6,ISL,0,3,10879.02,1,
5930,7,ISL,1,4,12777.79,1,
5930,8,ISL,2,5,7604.1,1,
5930,45,GSL,0,6,12016.89,0,-63.55
5930,46,GSL,1,6,1746.2,1,11.04
5930,47,GSL,2,6,10863.46,0,-53.11
5930,48,GSL,3,6,6294.23,0,-23.75
5930,49,GSL,4,6,12738.6,0,-72.69
5930,50,GSL,5,6,7973.73,0,-33.63
5930,51,GSL,0,7,5030.88,0,-16.31
5930,52,GSL,1,7,13164.54,0,-81.72
5930,53,GSL,2,7,8176.47,0,-34.86
5930,54,GSL,3,7,10979.14,0,-54.04
5930,55,GSL,4,7,3615.92,0,-7.19
5930,56,GSL,5,7,11482.74,0,-58.34
5940,0,ISL,0,1,11987.52,1,
5940,1,ISL,1,2,11987.52,1,
5940,2,ISL,2,0,11987.52,1,
5940,3,ISL,3,4,11987.52,1,
5940,4,ISL,4,5,11987.52,1,
5940,5,ISL,5,3,11987.52,1,
5940,6,ISL,0,3,10817.43,1,
5940,7,ISL,1,4,12807.27,1,
5940,8,ISL,2,5,7642.27,1,
5940,45,GSL,0,6,11987.28,0,-63.24
5940,46,GSL,1,6,1702.88,1,11.73
5940,47,GSL,2,6,10902.97,0,-53.42
5940,48,GSL,3,6,6341.3,0,-24.03
5940,49,GSL,4,6,12745.18,0,-72.79
5940,50,GSL,5,6,7925.78,0,-33.34
5940,51,GSL,0,7,5094.96,0,-16.69
5940,52,GSL,1,7,13173.99,0,-82.03
5940,53,GSL,2,7,8121.39,0,-34.52
5940,54,GSL,3,7,10946.48,0,-53.77
5940,55,GSL,4,7,3622.45,0,-7.23
5940,56,GSL,5,7,11511.82,0,-58.61
5950,0,ISL,0,1,11987.52,1,
5950,1,ISL,1,2,11987.52,1,
5950,2,ISL,2,0,11987.52,1,
5950,3,ISL,3,4,11987.52,1,
5950,4,ISL,4,5,11987.52,1,
5950,5,ISL,5,3,11987.52,1,
5950,6,ISL,0,3,10755.4,1,
5950,7,ISL,1,4,12835.73,1,
5950,8,ISL,2,5,7681.97,1,
5950,45,GSL,0,6,11957.35,0,-62.93
5950,46,GSL,1,6,1661.33,1,12.41
5950,47,GSL,2,6,10942.18,0,-53.74
5950,48,GSL,3,6,6388.48,0,-24.3
5950,49,GSL,4,6,12751.43,0,-72.89
5950,50,GSL,5,6,7877.68,0,-33.05
5950,51,GSL,0,7,5158.91,0,-17.08
5950,52,GSL,1,7,13183.08,0,-82.35
5950,53,GSL,2,7,8066.08,0,-34.19
5950,54,GSL,3,7,10913.55,0,-53.51
5950,55,GSL,4,7,3630.15,0,-7.29
5950,56,GSL,5,7,11540.63,0,-58.87
5960,0,ISL,0,1,11987.52,1,
5960,1,ISL,1,2,11987.52,1,
5960,2,ISL,2,0,11987.52,1,
5960,3,ISL,3,4,11987.52,1,
5960,4,ISL,4,5,11987.52,1,
5960,5,ISL,5,3,11987.52,1,
5960,6,ISL,0,3,10692.95,1,
5960,7,ISL,1,4,12863.16,1,
5960,8,ISL,2,5,7723.14,1,
5960,45,GSL,0,6,11927.09,0,-62.62
5960,46,GSL,1,6,1621.7,1,13.09
5960,47,GSL,2,6,10981.09,0,-54.05
5960,48,GSL,3,6,6435.77,0,-24.58
5960,49,GSL,4,6,12757.36,0,-72.99
5960,50,GSL,5,6,7829.46,0,-32.76
5960,51,GSL,0,7,5222.74,0,-17.46
5960,52,GSL,1,7,13191.8,0,-82.66
5960,53,GSL,2,7,8010.55,0,-33.85
5960,54,GSL,3,7,10880.33,0,-53.24
5960,55,GSL,4,7,3638.99,0,-7.35
5960,56,GSL,5,7,11569.18,0,-59.13
5970,0,ISL,0,1,11987.52,1,
5970,1,ISL,1,2,11987.52,1,
5970,2,ISL,2,0,11987.52,1,
5970,3,ISL,3,4,11987.52,1,
5970,4,ISL,4,5,11987.52,1,
5970,5,ISL,5,3,11987.52,1,
5970,6,ISL,0,3,10630.11,1,
5970,7,ISL,1,4,12889.56,1,
5970,8,ISL,2,5,7765.76,1,
5970,45,GSL,0,6,11896.5,0,-62.3
5970,46,GSL,1,6,1584.14,1,13.76
5970,47,GSL,2,6,11019.68,0,-54.37
5970,48,GSL,3,6,6483.15,0,-24.85
5970,49,GSL,4,6,12762.95,0,-73.08
5970,50,GSL,5,6,7781.1,0,-32.47
5970,51,GSL,0,7,5286.45,0,-17.84
5970,52,GSL,1,7,13200.16,0,-82.97
5970,53,GSL,2,7,7954.8,0,-33.52
5970,54,GSL,3,7,10846.83,0,-52.97
5970,55,GSL,4,7,3648.98,0,-7.42
5970,56,GSL,5,7,11597.45,0,-59.4
5980,0,ISL,0,1,11987.52,1,
5980,1,ISL,1,2,11987.52,1,
5980,2,ISL,2,0,11987.52,1,
5980,3,ISL,3,4,11987.52,1,
5980,4,ISL,4,5,11987.52,1,
5980,5,ISL,5,3,11987.52,1,
5980,6,ISL,0,3,10566.9,1,
5980,7,ISL,1,4,12914.92,1,
5980,8,ISL,2,5,7809.77,1,
5980,45,GSL,0,6,11865.59,0,-61.99
5980,46,GSL,1,6,1548.78,1,14.41
5980,47,GSL,2,6,11057.97,0,-54.68
5980,48,GSL,3,6,6530.64,0,-25.13
5980,49,GSL,4,6,12768.2,0,-73.16
5980,50,GSL,5,6,7732.62,0,-32.19
5980,51,GSL,0,7,5350.03,0,-18.22
5980,52,GSL,1,7,13208.15,0,-83.29
5980,53,GSL,2,7,7898.83,0,-33.18
5980,54,GSL,3,7,10813.05,0,-52.71
5980,55,GSL,4,7,3660.1,0,-7.5
5980,56,GSL,5,7,11625.45,0,-59.66
5990,0,ISL,0,1,11987.52,1,
5990,1,ISL,1,2,11987.52,1,
5990,2,ISL,2,0,11987.52,1,
5990,3,ISL,3,4,11987.52,1,
5990,4,ISL,4,5,11987.52,1,
5990,5,ISL,5,3,11987.52,1,
5990,6,ISL,0,3,10503.35,1,
5990,7,ISL,1,4,12939.23,1,
5990,8,ISL,2,5,7855.13,1,
5990,45,GSL,0,6,11834.35,0,-61.68
5990,46,GSL,1,6,1515.81,1,15.04
5990,47,GSL,2,6,11095.95,0,-55.0
5990,48,GSL,3,6,6578.21,0,-25.41
5990,49,GSL,4,6,12773.13,0,-73.24
5990,50,GSL,5,6,7684.01,0,-31.9
5990,51,GSL,0,7,5413.47,0,-18.59
5990,52,GSL,1,7,13215.78,0,-83.6
5990,53,GSL,2,7,7842.65,0,-32.84
5990,54,GSL,3,7,10779.0,0,-52.44
5990,55,GSL,4,7,3672.35,0,-7.58
5990,56,GSL,5,7,11653.19,0,-59.92
6000,0,ISL,0,1,11987.52,1,
6000,1,ISL,1,2,11987.52,1,
6000,2,ISL,2,0,11987.52,1,
6000,3,ISL,3,4,11987.52,1,
6000,4,ISL,4,5,11987.52,1,
6000,5,ISL,5,3,11987.52,1,
6000,6,ISL,0,3,10439.47,1,
6000,7,ISL,1,4,12962.49,1,
6000,8,ISL,2,5,7901.8,1,
6000,45,GSL,0,6,11802.79,0,-61.36
6000,46,GSL,1,6,1485.37,1,15.65
6000,47,GSL,2,6,11133.62,0,-55.31
6000,48,GSL,3,6,6625.85,0,-25.68
6000,49,GSL,4,6,12777.72,0,-73.32
6000,50,GSL,5,6,7635.28,0,-31.61
6000,51,GSL,0,7,5476.79,0,-18.97
6000,52,GSL,1,7,13223.04,0,-83.91
6000,53,GSL,2,7,7786.25,0,-32.51
6000,54,GSL,3,7,10744.67,0,-52.17
6000,55,GSL,4,7,3685.7,0,-7.68
6000,56,GSL,5,7,11680.64,0,-60.18
