gs,sat,start_s,end_s,duration_s
Tokyo,0,2010,2340,330
Tokyo,1,1830,2160,330
Tokyo,2,1650,1980,330
Tokyo,3,1470,1800,330
Tokyo,4,1290,1620,330
Tokyo,5,1110,1440,330
Tokyo,6,930,1260,330
Tokyo,7,750,1080,330
Tokyo,8,570,900,330
Tokyo,9,390,720,330
Tokyo,10,210,540,330
Tokyo,11,30,360,330
Tokyo,12,0,180,180
Tokyo,13,0,0,0
Tokyo,13,5880,5940,60
Tokyo,14,5670,5790,120
Tokyo,15,5490,5610,120
Tokyo,16,5280,5460,180
Tokyo,17,5100,5280,180
Tokyo,18,4920,5130,210
Tokyo,19,4710,4950,240
Tokyo,20,4530,4800,270
Tokyo,21,4350,4620,270
Tokyo,22,4170,4440,270
Tokyo,23,3990,4260,270
Tokyo,24,3810,4110,300
Tokyo,25,3630,3930,300
Tokyo,26,3450,3750,300
Tokyo,27,3270,3570,300
Tokyo,28,3090,3390,300
Tokyo,29,2910,3210,300
Tokyo,30,2730,3060,330
Tokyo,31,2550,2880,330
Tokyo,32,2370,2700,330
Tokyo,33,2190,2520,330
Tokyo,34,1890,2220,330
Tokyo,34,8040,8190,150
Tokyo,35,1710,2040,330
Tokyo,35,7860,8040,180
Tokyo,36,1530,1860,330
Tokyo,36,7680,7860,180
Tokyo,37,1350,1680,330
Tokyo,37,7470,7680,210
Tokyo,38,1170,1500,330
Tokyo,38,7290,7530,240
Tokyo,39,1020,1320,300
Tokyo,39,7110,7350,240
Tokyo,40,840,1110,270
Tokyo,40,6930,7170,240
Tokyo,41,660,930,270
Tokyo,41,6750,7020,270
Tokyo,42,480,750,270
Tokyo,42,6570,6840,270
Tokyo,43,300,570,270
Tokyo,43,6360,6660,300
Tokyo,44,120,390,270
Tokyo,44,6180,6480,300
Tokyo,45,0,210,210
Tokyo,45,6000,6330,330
Tokyo,46,0,30,30
Tokyo,46,5820,6150,330
Tokyo,47,5640,5970,330
Tokyo,48,5460,5790,330
Tokyo,49,5280,5610,330
Tokyo,50,5100,5430,330
Tokyo,51,4920,5250,330
Tokyo,52,4740,5100,360
Tokyo,53,4560,4920,360
Tokyo,54,4380,4740,360
Tokyo,55,4200,4560,360
Tokyo,56,4020,4380,360
Tokyo,57,3840,4200,360
Tokyo,58,3660,4020,360
Tokyo,59,3480,3840,360
Tokyo,60,3300,3660,360
Tokyo,61,3120,3480,360
Tokyo,62,2970,3300,330
Tokyo,63,2790,3120,330
Tokyo,64,2610,2940,330
Tokyo,65,2430,2760,330
Tokyo,66,2250,2580,330
Tokyo,66,8430,8490,60
Tokyo,67,2070,2400,330
Tokyo,67,8250,8340,90
Tokyo,68,1830,2040,210
Tokyo,68,7860,8190,330
Tokyo,69,1650,1830,180
Tokyo,69,7680,8010,330
Tokyo,70,1470,1650,180
Tokyo,70,7500,7830,330
Tokyo,71,1290,1470,180
Tokyo,71,7320,7650,330
Tokyo,72,1140,1290,150
Tokyo,72,7140,7470,330
Tokyo,73,960,1080,120
Tokyo,73,6960,7290,330
Tokyo,74,780,900,120
Tokyo,74,6780,7110,330
Tokyo,75,630,690,60
Tokyo,75,6600,6930,330
Tokyo,76,450,510,60
Tokyo,76,6420,6780,360
Tokyo,77,6240,6600,360
Tokyo,78,6060,6420,360
Tokyo,79,5880,6240,360
Tokyo,80,5700,6060,360
Tokyo,81,5520,5880,360
Tokyo,82,5340,5700,360
Tokyo,83,5160,5520,360
Tokyo,84,4980,5340,360
Tokyo,85,4800,5160,360
Tokyo,85,11010,11070,60
Tokyo,86,4650,4980,330
Tokyo,86,10800,10920,120
Tokyo,87,4470,4800,330
Tokyo,87,10620,10740,120
Tokyo,88,4290,4590,300
Tokyo,88,10440,10590,150
Tokyo,89,4110,4410,300
Tokyo,89,10230,10440,210
Tokyo,90,3930,4230,300
Tokyo,90,10050,10260,210
Tokyo,91,3750,4050,300
Tokyo,91,9870,10080,210
Tokyo,92,3570,3870,300
Tokyo,92,9690,9930,240
Tokyo,93,3390,3690,300
Tokyo,93,9480,9750,270
Tokyo,94,3210,3510,300
Tokyo,94,9300,9570,270
Tokyo,95,3060,3330,270
Tokyo,95,9120,9390,270
Tokyo,96,2880,3150,270
Tokyo,96,8940,9240,300
Tokyo,97,2700,2970,270
Tokyo,97,8760,9060,300
Tokyo,98,2520,2760,240
Tokyo,98,8580,8880,300
Tokyo,99,2340,2580,240
Tokyo,99,8400,8700,300
Tokyo,100,2160,2400,240
Tokyo,100,8220,8520,300
Tokyo,101,2010,2220,210
Tokyo,101,8040,8370,330
Tokyo,102,7740,8070,330
Tokyo,103,7560,7890,330
Tokyo,104,7380,7710,330
Tokyo,104,13590,13620,30
Tokyo,105,7200,7530,330
Tokyo,105,13380,13470,90
Tokyo,106,7020,7350,330
Tokyo,106,13200,13320,120
Tokyo,107,6840,7170,330
Tokyo,107,12990,13170,180
Tokyo,108,6660,6990,330
Tokyo,108,12810,12990,180
Tokyo,109,6510,6810,300
Tokyo,109,12630,12810,180
Tokyo,110,6330,6630,300
Tokyo,110,12420,12660,240
Tokyo,111,6150,6450,300
Tokyo,111,12240,12480,240
Tokyo,112,5970,6270,300
Tokyo,112,12060,12330,270
Tokyo,113,5790,6090,300
Tokyo,113,11880,12150,270
Tokyo,114,5610,5880,270
Tokyo,114,11700,11970,270
Tokyo,115,5430,5700,270
Tokyo,115,11520,11790,270
Tokyo,116,5250,5520,270
Tokyo,116,11340,11640,300
Tokyo,117,5100,5340,240
Tokyo,117,11160,11460,300
Tokyo,118,4920,5160,240
Tokyo,118,10980,11280,300
Tokyo,119,4740,4980,240
Tokyo,119,10770,11100,330
Tokyo,120,4560,4800,240
Tokyo,120,10590,10920,330
Tokyo,121,4380,4590,210
Tokyo,121,10410,10740,330
Tokyo,122,4230,4410,180
Tokyo,122,10230,10590,360
Tokyo,123,4050,4230,180
Tokyo,123,10050,10410,360
Tokyo,124,3870,4050,180
Tokyo,124,9870,10230,360
Tokyo,125,3690,3840,150
Tokyo,125,9690,10050,360
Tokyo,126,3540,3660,120
Tokyo,126,9510,9870,360
Tokyo,127,3360,3480,120
Tokyo,127,9330,9690,360
Tokyo,128,3180,3270,90
Tokyo,128,9150,9510,360
Tokyo,129,3030,3090,60
Tokyo,129,9000,9330,330
Tokyo,130,2880,2880,0
Tokyo,130,8820,9150,330
Tokyo,131,8640,8970,330
Tokyo,132,8460,8790,330
Tokyo,133,8280,8610,330
Tokyo,134,8100,8430,330
Tokyo,135,7920,8250,330
Tokyo,136,7650,7920,270
Tokyo,136,13710,14010,300
Tokyo,137,7470,7740,270
Tokyo,137,13530,13830,300
Tokyo,138,7320,7530,210
Tokyo,138,13350,13680,330
Tokyo,139,7140,7350,210
Tokyo,139,13170,13500,330
Tokyo,140,6960,7170,210
Tokyo,140,12990,13320,330
Tokyo,141,6780,6990,210
Tokyo,141,12810,13140,330
Tokyo,142,6600,6810,210
Tokyo,142,12630,12960,330
Tokyo,143,6450,6600,150
Tokyo,143,12450,12780,330
Tokyo,144,6270,6420,150
Tokyo,144,12270,12600,330
Tokyo,145,6090,6240,150
Tokyo,145,12090,12450,360
Tokyo,146,5910,6030,120
Tokyo,146,11910,12270,360
Tokyo,147,5760,5850,90
Tokyo,147,11730,12090,360
Tokyo,148,5580,5640,60
Tokyo,148,11550,11910,360
Tokyo,149,5430,5460,30
Tokyo,149,11370,11730,360
Tokyo,150,11190,11550,360
Tokyo,151,11010,11370,360
Tokyo,152,10830,11190,360
Tokyo,153,10650,11010,360
Tokyo,154,10470,10830,360
Tokyo,155,10320,10650,330
Tokyo,156,10140,10470,330
Tokyo,157,9960,10290,330
Tokyo,157,16170,16170,0
Tokyo,158,9780,10110,330
Tokyo,158,15960,16050,90
Tokyo,159,9600,9930,330
Tokyo,159,15750,15870,120
Tokyo,160,9420,9750,330
Tokyo,160,15570,15720,150
Tokyo,161,9240,9570,330
Tokyo,161,15390,15570,180
Tokyo,162,9060,9390,330
Tokyo,162,15180,15390,210
Tokyo,163,8880,9210,330
Tokyo,163,15000,15210,210
Tokyo,164,8700,9000,300
Tokyo,164,14820,15060,240
Tokyo,165,8550,8820,270
Tokyo,165,14640,14880,240
Tokyo,166,8370,8640,270
Tokyo,166,14460,14700,240
Tokyo,167,8190,8460,270
Tokyo,167,14250,14550,300
Tokyo,168,8010,8280,270
Tokyo,168,14070,14370,300
Tokyo,169,7830,8100,270
Tokyo,169,13890,14190,300
Tokyo,170,13590,13920,330
Tokyo,171,13410,13740,330
Tokyo,172,13230,13590,360
Tokyo,173,13050,13410,360
Tokyo,174,12870,13230,360
Tokyo,175,12690,13020,330
Tokyo,176,12510,12840,330
Tokyo,177,12330,12660,330
Tokyo,178,12150,12480,330
Tokyo,179,12000,12300,300
Tokyo,180,11820,12120,300
Tokyo,180,17940,18000,60
Tokyo,181,11640,11940,300
Tokyo,181,17760,17970,210
Tokyo,182,11460,11760,300
Tokyo,182,17580,17790,210
Tokyo,183,11280,11580,300
Tokyo,183,17400,17610,210
Tokyo,184,11100,11400,300
Tokyo,184,17190,17460,270
Tokyo,185,10920,11220,300
Tokyo,185,17010,17280,270
Tokyo,186,10740,11040,300
Tokyo,186,16830,17100,270
Tokyo,187,10560,10860,300
Tokyo,187,16650,16920,270
Tokyo,188,10410,10650,240
Tokyo,188,16470,16770,300
Tokyo,189,10230,10470,240
Tokyo,189,16290,16590,300
Tokyo,190,10050,10290,240
Tokyo,190,16110,16410,300
Tokyo,191,9870,10110,240
Tokyo,191,15930,16230,300
Tokyo,192,9690,9930,240
Tokyo,192,15750,16050,300
Tokyo,193,9510,9750,240
Tokyo,193,15570,15900,330
Tokyo,194,9360,9540,180
Tokyo,194,15390,15720,330
Tokyo,195,9180,9360,180
Tokyo,195,15210,15540,330
Tokyo,196,9000,9180,180
Tokyo,196,15030,15360,330
Tokyo,197,8820,9000,180
Tokyo,197,14850,15180,330
Tokyo,198,8670,8790,120
Tokyo,198,14670,15000,330
Tokyo,199,8490,8610,120
Tokyo,199,14490,14820,330
Tokyo,200,8310,8430,120
Tokyo,200,14310,14640,330
Tokyo,201,8160,8220,60
Tokyo,201,14130,14460,330
Tokyo,202,7980,8010,30
Tokyo,202,13950,14280,330
Tokyo,203,13770,14100,330
Tokyo,204,13500,13770,270
Tokyo,205,13320,13590,270
Tokyo,206,13140,13410,270
Tokyo,207,12960,13230,270
Tokyo,208,12780,13050,270
Tokyo,209,12630,12870,240
Tokyo,210,12450,12690,240
Tokyo,211,12270,12480,210
Tokyo,212,12090,12300,210
Tokyo,213,11910,12120,210
Tokyo,213,17940,18000,60
Tokyo,214,11730,11940,210
Tokyo,214,17760,18000,240
Tokyo,215,11580,11760,180
Tokyo,215,17580,17940,360
Tokyo,216,11400,11550,150
Tokyo,216,17400,17760,360
Tokyo,217,11220,11370,150
Tokyo,217,17220,17580,360
Tokyo,218,11070,11190,120
Tokyo,218,17040,17400,360
Tokyo,219,10890,10980,90
Tokyo,219,16860,17220,360
Tokyo,220,10710,10800,90
Tokyo,220,16680,17040,360
Tokyo,221,10560,10590,30
Tokyo,221,16500,16860,360
Tokyo,222,16320,16680,360
Tokyo,223,16140,16500,360
Tokyo,224,15990,16320,330
Tokyo,225,15810,16140,330
Tokyo,226,15630,15960,330
Tokyo,227,15450,15780,330
Tokyo,228,15270,15600,330
Tokyo,229,15090,15420,330
Tokyo,230,14910,15240,330
Tokyo,231,14730,15060,330
Tokyo,232,14550,14880,330
Tokyo,233,14370,14700,330
Tokyo,234,14190,14520,330
Tokyo,235,14010,14340,330
Tokyo,236,13860,14160,300
Tokyo,237,13680,13980,300
Tokyo,238,13440,13560,120
Tokyo,239,13290,13380,90
Tokyo,240,13110,13170,60
Tokyo,246,18000,18000,0
Tokyo,247,17820,18000,180
Tokyo,248,17640,18000,360
Tokyo,249,17490,17820,330
Tokyo,250,17310,17640,330
Tokyo,251,17130,17460,330
Tokyo,252,16950,17280,330
Tokyo,253,16770,17070,300
Tokyo,254,16590,16890,300
Tokyo,255,16410,16710,300
Tokyo,256,16230,16530,300
Tokyo,257,16050,16350,300
Tokyo,258,15900,16170,270
Tokyo,259,15720,15990,270
Tokyo,260,15540,15810,270
Tokyo,261,15360,15630,270
Tokyo,262,15180,15420,240
Tokyo,263,15000,15240,240
Tokyo,264,14820,15060,240
Tokyo,265,14670,14880,210
Tokyo,266,14490,14700,210
Tokyo,267,14310,14520,210
Tokyo,268,14130,14310,180
Tokyo,269,13980,14130,150
Tokyo,270,13800,13950,150
Tokyo,271,13620,13740,120
Tokyo,272,990,1050,60
Tokyo,273,780,870,90
Tokyo,274,600,690,90
Tokyo,275,390,540,150
Tokyo,276,210,360,150
Tokyo,277,30,180,150
Tokyo,278,0,30,30
Tokyo,280,17940,18000,60
Tokyo,281,17760,18000,240
Tokyo,282,17580,17820,240
Tokyo,283,17400,17640,240
Tokyo,284,17220,17460,240
Tokyo,285,17040,17250,210
Tokyo,286,16890,17070,180
Tokyo,287,16710,16890,180
Tokyo,288,16530,16710,180
Tokyo,289,16350,16500,150
Tokyo,290,16200,16320,120
Tokyo,291,16020,16140,120
Tokyo,292,15840,15930,90
Tokyo,293,15690,15750,60
Tokyo,294,15540,15540,0
Tokyo,305,1170,1200,30
Tokyo,306,720,1020,300
Tokyo,307,540,840,300
Tokyo,308,360,660,300
Tokyo,309,180,480,300
Tokyo,310,0,300,300
Tokyo,311,0,120,120
Tokyo,324,3750,3750,0
Tokyo,325,3540,3600,60
Tokyo,326,3360,3450,90
Tokyo,327,3150,3270,120
Tokyo,328,2970,3090,120
Tokyo,329,2790,2940,150
Tokyo,330,2580,2760,180
Tokyo,331,2400,2580,180
Tokyo,332,2220,2400,180
Tokyo,333,2040,2250,210
Tokyo,334,1830,2070,240
Tokyo,335,1650,1890,240
Tokyo,336,1470,1710,240
Tokyo,337,1290,1530,240
Tokyo,338,1110,1350,240
Tokyo,339,930,1200,270
Tokyo,340,570,930,360
Tokyo,341,390,750,360
Tokyo,342,210,570,360
Tokyo,343,30,390,360
Tokyo,344,0,210,210
Tokyo,344,6120,6180,60
Tokyo,345,0,30,30
Tokyo,345,5910,6000,90
Tokyo,346,5730,5850,120
Tokyo,347,5550,5670,120
Tokyo,348,5340,5490,150
Tokyo,349,5160,5310,150
Tokyo,350,4980,5160,180
Tokyo,351,4770,4980,210
Tokyo,352,4590,4800,210
Tokyo,353,4410,4620,210
Tokyo,354,4230,4470,240
Tokyo,355,4050,4290,240
Tokyo,356,3840,4110,270
Tokyo,357,3660,3930,270
Tokyo,358,3480,3750,270
Tokyo,359,3300,3570,270
Tokyo,360,3120,3390,270
Tokyo,361,2940,3240,300
Tokyo,362,2760,3060,300
Tokyo,363,2580,2880,300
Tokyo,364,2400,2700,300
Tokyo,365,2190,2520,330
Tokyo,366,2010,2340,330
Tokyo,367,1830,2160,330
Tokyo,368,1650,1980,330
Tokyo,369,1470,1800,330
Tokyo,370,1290,1650,360
Tokyo,371,1110,1470,360
Tokyo,372,930,1290,360
Tokyo,373,750,1110,360
Tokyo,374,480,810,330
Tokyo,374,6600,6840,240
Tokyo,375,300,630,330
Tokyo,375,6420,6660,240
Tokyo,376,150,450,300
Tokyo,376,6240,6510,270
Tokyo,377,0,240,240
Tokyo,377,6060,6330,270
Tokyo,378,0,60,60
Tokyo,378,5880,6150,270
Tokyo,379,5700,5970,270
Tokyo,380,5490,5790,300
Tokyo,381,5310,5610,300
Tokyo,382,5130,5430,300
Tokyo,383,4950,5280,330
Tokyo,384,4770,5100,330
Tokyo,385,4590,4920,330
Tokyo,386,4410,4740,330
Tokyo,387,4230,4560,330
Tokyo,388,4050,4380,330
Tokyo,389,3870,4200,330
Tokyo,390,3690,4020,330
Tokyo,391,3510,3840,330
Tokyo,392,3330,3660,330
Tokyo,393,3150,3480,330
Tokyo,394,2970,3300,330
Tokyo,395,2790,3150,360
Tokyo,396,2610,2970,360
Tokyo,397,2430,2790,360
Tokyo,397,8700,8730,30
Tokyo,398,2250,2610,360
Tokyo,398,8490,8580,90
Tokyo,399,2070,2430,360
Tokyo,399,8310,8400,90
Tokyo,400,1890,2250,360
Tokyo,400,8100,8220,120
Tokyo,401,1710,2070,360
Tokyo,401,7920,8070,150
Tokyo,402,1530,1890,360
Tokyo,402,7740,7890,150
Tokyo,403,1350,1710,360
Tokyo,403,7530,7710,180
Tokyo,404,1200,1530,330
Tokyo,404,7350,7560,210
Tokyo,405,1020,1350,330
Tokyo,405,7170,7380,210
Tokyo,406,840,1170,330
Tokyo,406,6990,7200,210
Tokyo,407,660,990,330
Tokyo,407,6780,7020,240
Tokyo,408,6450,6780,330
Tokyo,409,6240,6600,360
Tokyo,410,6060,6420,360
Tokyo,411,5880,6240,360
Tokyo,412,5700,6060,360
Tokyo,413,5520,5880,360
Tokyo,414,5370,5700,330
Tokyo,415,5190,5520,330
Tokyo,416,5010,5340,330
Tokyo,416,11280,11310,30
Tokyo,417,4830,5160,330
Tokyo,417,11070,11130,60
Tokyo,418,4650,4980,330
Tokyo,418,10860,10980,120
Tokyo,419,4470,4800,330
Tokyo,419,10680,10800,120
Tokyo,420,4290,4620,330
Tokyo,420,10500,10620,120
Tokyo,421,4110,4440,330
Tokyo,421,10290,10470,180
Tokyo,422,3930,4260,330
Tokyo,422,10110,10290,180
Tokyo,423,3750,4080,330
Tokyo,423,9930,10110,180
Tokyo,424,3570,3900,330
Tokyo,424,9750,9930,180
Tokyo,425,3390,3720,330
Tokyo,425,9540,9750,210
Tokyo,426,3240,3540,300
Tokyo,426,9360,9600,240
Tokyo,427,3060,3360,300
Tokyo,427,9180,9420,240
Tokyo,428,2880,3180,300
Tokyo,428,9000,9240,240
Tokyo,429,2700,3000,300
Tokyo,429,8820,9060,240
Tokyo,430,2520,2820,300
Tokyo,430,8610,8880,270
Tokyo,431,2370,2640,270
Tokyo,431,8430,8700,270
Tokyo,432,2190,2460,270
Tokyo,432,8250,8550,300
Tokyo,433,2010,2280,270
Tokyo,433,8070,8370,300
Tokyo,434,1830,2100,270
Tokyo,434,7890,8190,300
Tokyo,435,1680,1890,210
Tokyo,435,7710,8010,300
Tokyo,436,1500,1710,210
Tokyo,436,7530,7830,300
Tokyo,437,1320,1530,210
Tokyo,437,7350,7650,300
Tokyo,438,1170,1350,180
Tokyo,438,7170,7470,300
Tokyo,439,990,1140,150
Tokyo,439,6990,7290,300
Tokyo,440,840,960,120
Tokyo,440,6810,7140,330
Tokyo,441,690,750,60
Tokyo,441,6630,6960,330
Tokyo,442,6330,6660,330
Tokyo,442,12480,12690,210
Tokyo,443,6150,6480,330
Tokyo,443,12300,12510,210
Tokyo,444,5970,6300,330
Tokyo,444,12120,12330,210
Tokyo,445,5790,6120,330
Tokyo,445,11940,12150,210
Tokyo,446,5610,5940,330
Tokyo,446,11760,11970,210
Tokyo,447,5430,5760,330
Tokyo,447,11550,11820,270
Tokyo,448,5280,5580,300
Tokyo,448,11370,11640,270
Tokyo,449,5100,5400,300
Tokyo,449,11190,11460,270
Tokyo,450,4920,5220,300
Tokyo,450,11010,11280,270
Tokyo,451,4740,5040,300
Tokyo,451,10830,11100,270
Tokyo,452,4590,4830,240
Tokyo,452,10650,10920,270
Tokyo,453,4410,4650,240
Tokyo,453,10470,10740,270
Tokyo,454,4230,4470,240
Tokyo,454,10290,10590,300
Tokyo,455,4080,4290,210
Tokyo,455,10080,10410,330
Tokyo,456,3900,4110,210
Tokyo,456,9900,10230,330
Tokyo,457,3720,3900,180
Tokyo,457,9720,10050,330
Tokyo,458,3570,3720,150
Tokyo,458,9540,9870,330
Tokyo,459,3420,3540,120
Tokyo,459,9360,9690,330
Tokyo,460,3240,3330,90
Tokyo,460,9180,9510,330
Tokyo,461,3120,3120,0
Tokyo,461,9000,9330,330
Tokyo,462,8820,9150,330
Tokyo,463,8640,8970,330
Tokyo,464,8460,8820,360
Tokyo,465,8280,8640,360
Tokyo,466,8100,8460,360
Tokyo,467,7920,8280,360
Tokyo,468,7740,8100,360
Tokyo,469,7560,7920,360
Tokyo,469,13830,13860,30
Tokyo,470,7380,7740,360
Tokyo,470,13650,13710,60
Tokyo,471,7200,7560,360
Tokyo,471,13440,13530,90
Tokyo,472,7020,7380,360
Tokyo,472,13260,13380,120
Tokyo,473,6840,7200,360
Tokyo,473,13050,13200,150
Tokyo,474,6690,7020,330
Tokyo,474,12870,13020,150
Tokyo,475,6510,6840,330
Tokyo,475,12690,12840,150
Tokyo,476,6300,6480,180
Tokyo,476,12300,12630,330
Tokyo,477,6120,6300,180
Tokyo,477,12120,12450,330
Tokyo,478,5970,6090,120
Tokyo,478,11940,12270,330
Tokyo,479,5820,5910,90
Tokyo,479,11760,12090,330
Tokyo,480,5670,5700,30
Tokyo,480,11580,11910,330
Tokyo,481,11400,11730,330
Tokyo,482,11220,11550,330
Tokyo,483,11040,11370,330
Tokyo,484,10860,11190,330
Tokyo,485,10680,11010,330
Tokyo,486,10500,10830,330
Tokyo,487,10320,10650,330
Tokyo,488,10140,10470,330
Tokyo,488,16410,16410,0
Tokyo,489,9960,10290,330
Tokyo,489,16200,16260,60
Tokyo,490,9780,10140,360
Tokyo,490,16020,16110,90
Tokyo,491,9600,9960,360
Tokyo,491,15810,15930,120
Tokyo,492,9420,9780,360
Tokyo,492,15630,15750,120
Tokyo,493,9240,9600,360
Tokyo,493,15450,15600,150
Tokyo,494,9060,9420,360
Tokyo,494,15240,15420,180
Tokyo,495,8880,9240,360
Tokyo,495,15060,15240,180
Tokyo,496,8700,9060,360
Tokyo,496,14880,15060,180
Tokyo,497,8550,8880,330
Tokyo,497,14700,14910,210
Tokyo,498,8370,8700,330
Tokyo,498,14490,14730,240
Tokyo,499,8190,8520,330
Tokyo,499,14310,14550,240
Tokyo,500,8010,8310,300
Tokyo,500,14130,14370,240
Tokyo,501,7830,8130,300
Tokyo,501,13950,14190,240
Tokyo,502,7650,7950,300
Tokyo,502,13770,14040,270
Tokyo,503,7500,7770,270
Tokyo,503,13590,13860,270
Tokyo,504,7320,7590,270
Tokyo,504,13410,13680,270
Tokyo,505,7140,7410,270
Tokyo,505,13200,13500,300
Tokyo,506,6960,7230,270
Tokyo,506,13020,13320,300
Tokyo,507,6810,7050,240
Tokyo,507,12840,13140,300
Tokyo,508,6630,6870,240
Tokyo,508,12660,12960,300
Tokyo,509,6480,6660,180
Tokyo,509,12480,12780,300
Tokyo,510,12180,12510,330
Tokyo,511,12000,12330,330
Tokyo,512,11820,12150,330
Tokyo,512,18000,18000,0
Tokyo,513,11640,11970,330
Tokyo,513,17820,18000,180
Tokyo,514,11460,11790,330
Tokyo,514,17640,17820,180
Tokyo,515,11280,11610,330
Tokyo,515,17460,17640,180
Tokyo,516,11100,11430,330
Tokyo,516,17250,17460,210
Tokyo,517,10920,11250,330
Tokyo,517,17070,17280,210
Tokyo,518,10740,11070,330
Tokyo,518,16890,17130,240
Tokyo,519,10590,10890,300
Tokyo,519,16710,16950,240
Tokyo,520,10410,10710,300
Tokyo,520,16530,16770,240
Tokyo,521,10230,10530,300
Tokyo,521,16320,16590,270
Tokyo,522,10050,10350,300
Tokyo,522,16140,16410,270
Tokyo,523,9900,10170,270
Tokyo,523,15960,16230,270
Tokyo,524,9720,9990,270
Tokyo,524,15780,16080,300
Tokyo,525,9540,9810,270
Tokyo,525,15600,15900,300
Tokyo,526,9360,9600,240
Tokyo,526,15420,15720,300
Tokyo,527,9210,9420,210
Tokyo,527,15240,15540,300
Tokyo,528,9030,9240,210
Tokyo,528,15060,15360,300
Tokyo,529,8850,9060,210
Tokyo,529,14880,15180,300
Tokyo,530,8700,8850,150
Tokyo,530,14700,15000,300
Tokyo,531,8550,8670,120
Tokyo,531,14490,14820,330
Tokyo,532,8370,8490,120
Tokyo,532,14310,14640,330
Tokyo,533,8220,8280,60
Tokyo,533,14130,14490,360
Tokyo,534,13950,14310,360
Tokyo,535,13770,14130,360
Tokyo,536,13590,13950,360
Tokyo,537,13410,13770,360
Tokyo,538,13230,13590,360
Tokyo,539,13050,13410,360
Tokyo,540,12870,13230,360
Tokyo,541,12690,13050,360
Tokyo,542,12510,12870,360
Tokyo,543,12360,12690,330
Tokyo,544,12120,12360,240
Tokyo,545,11940,12180,240
Tokyo,545,17970,18000,30
Tokyo,546,11760,12000,240
Tokyo,546,17790,18000,210
Tokyo,547,11610,11820,210
Tokyo,547,17610,17940,330
Tokyo,548,11430,11610,180
Tokyo,548,17430,17760,330
Tokyo,549,11250,11430,180
Tokyo,549,17250,17580,330
Tokyo,550,11100,11250,150
Tokyo,550,17070,17400,330
Tokyo,551,10950,11040,90
Tokyo,551,16890,17220,330
Tokyo,552,10800,10830,30
Tokyo,552,16710,17040,330
Tokyo,553,16530,16860,330
Tokyo,554,16350,16680,330
Tokyo,555,16170,16500,330
Tokyo,556,15990,16320,330
Tokyo,557,15810,16140,330
Tokyo,558,15630,15990,360
Tokyo,559,15450,15810,360
Tokyo,560,15270,15630,360
Tokyo,561,15090,15450,360
Tokyo,562,14910,15270,360
Tokyo,563,14730,15090,360
Tokyo,564,14550,14910,360
Tokyo,565,14370,14730,360
Tokyo,566,14190,14550,360
Tokyo,567,14040,14370,330
Tokyo,568,13860,14190,330
Tokyo,569,13680,14010,330
Tokyo,570,13500,13830,330
Tokyo,571,13320,13650,330
Tokyo,572,13140,13470,330
Tokyo,573,12960,13290,330
Tokyo,574,12810,13110,300
Tokyo,575,12630,12930,300
Tokyo,576,12450,12720,270
Tokyo,577,12270,12540,270
Tokyo,579,17850,18000,150
Tokyo,580,17670,18000,330
Tokyo,581,17490,17820,330
Tokyo,582,17310,17640,330
Tokyo,583,17130,17460,330
Tokyo,584,16950,17280,330
Tokyo,585,16770,17100,330
Tokyo,586,16590,16920,330
Tokyo,587,16410,16740,330
Tokyo,588,16230,16560,330
Tokyo,589,16080,16380,300
Tokyo,590,15900,16200,300
Tokyo,591,15720,16020,300
Tokyo,592,15540,15840,300
Tokyo,593,15360,15660,300
Tokyo,594,15180,15480,300
Tokyo,595,15030,15300,270
Tokyo,596,14850,15120,270
Tokyo,597,14670,14940,270
Tokyo,598,14490,14760,270
Tokyo,599,14340,14580,240
Tokyo,600,14160,14370,210
Tokyo,601,14010,14190,180
Tokyo,602,13830,14010,180
Tokyo,603,13680,13800,120
Tokyo,604,13500,13620,120
Tokyo,605,13350,13410,60
Tokyo,612,17940,18000,60
Tokyo,613,17760,18000,240
Tokyo,614,17580,17880,300
Tokyo,615,17400,17700,300
Tokyo,616,17250,17490,240
Tokyo,617,17070,17310,240
Tokyo,618,16890,17130,240
Tokyo,619,16740,16950,210
Tokyo,620,16560,16770,210
Tokyo,621,16410,16560,150
Tokyo,622,16230,16380,150
Tokyo,623,16080,16200,120
Tokyo,624,15900,15990,90
Tokyo,625,15780,15780,0
Tokyo,1095,930,960,30
Tokyo,1096,720,810,90
Tokyo,1097,540,660,120
Tokyo,1098,330,480,150
Tokyo,1099,150,330,180
Tokyo,1100,0,150,150
Tokyo,1101,0,0,0
Tokyo,1122,1980,2220,240
Tokyo,1123,1770,2040,270
Tokyo,1124,1590,1890,300
Tokyo,1125,1410,1710,300
Tokyo,1126,1230,1530,300
Tokyo,1127,1050,1350,300
Tokyo,1128,870,1170,300
Tokyo,1129,690,1020,330
Tokyo,1130,510,840,330
Tokyo,1131,330,660,330
Tokyo,1132,150,480,330
Tokyo,1133,0,300,300
Tokyo,1134,0,120,120
Tokyo,1148,3510,3510,0
Tokyo,1149,3300,3390,90
Tokyo,1150,3090,3210,120
Tokyo,1151,2910,3060,150
Tokyo,1152,2730,2880,150
Tokyo,1153,2520,2730,210
Tokyo,1154,2340,2550,210
Tokyo,1155,2160,2400,240
New-York,420,60,90,30
New-York,442,2040,2190,150
New-York,443,1860,2040,180
New-York,444,1680,1860,180
New-York,445,1470,1680,210
New-York,446,1290,1530,240
New-York,447,1110,1350,240
New-York,448,930,1170,240
New-York,449,750,1020,270
New-York,450,570,840,270
New-York,451,390,660,270
New-York,452,180,480,300
New-York,453,0,300,300
New-York,454,0,150,150
New-York,473,2640,2670,30
New-York,474,2430,2520,90
New-York,475,2220,2370,150
New-York,476,1860,2190,330
New-York,477,1680,2010,330
New-York,478,1500,1830,330
New-York,479,1320,1650,330
New-York,480,1140,1470,330
New-York,481,960,1290,330
New-York,482,780,1110,330
New-York,483,600,930,330
New-York,484,420,780,360
New-York,485,240,600,360
New-York,486,60,420,360
New-York,487,0,240,240
New-York,488,0,60,60
New-York,492,5220,5220,0
New-York,493,5010,5070,60
New-York,494,4800,4920,120
New-York,495,4620,4770,150
New-York,496,4410,4590,180
New-York,497,4230,4440,210
New-York,498,4050,4260,210
New-York,499,3870,4080,210
New-York,500,3690,3930,240
New-York,501,3480,3750,270
New-York,502,3300,3570,270
New-York,503,3120,3390,270
New-York,504,2940,3240,300
New-York,505,2760,3060,300
New-York,506,2580,2880,300
New-York,507,2400,2700,300
New-York,508,2220,2520,300
New-York,509,2040,2370,330
New-York,510,1740,2070,330
New-York,511,1560,1890,330
New-York,512,1380,1710,330
New-York,512,7560,7650,90
New-York,513,1200,1530,330
New-York,513,7380,7470,90
New-York,514,1020,1350,330
New-York,514,7170,7320,150
New-York,515,840,1170,330
New-York,515,6990,7170,180
New-York,516,660,990,330
New-York,516,6810,6990,180
New-York,517,480,810,330
New-York,517,6630,6810,180
New-York,518,300,630,330
New-York,518,6420,6660,240
New-York,519,120,450,330
New-York,519,6240,6480,240
New-York,520,0,270,270
New-York,520,6060,6300,240
New-York,521,0,90,90
New-York,521,5880,6150,270
New-York,522,5700,5970,270
New-York,523,5520,5790,270
New-York,524,5340,5610,270
New-York,525,5160,5460,300
New-York,526,4980,5280,300
New-York,527,4800,5100,300
New-York,528,4620,4920,300
New-York,529,4440,4740,300
New-York,530,4260,4560,300
New-York,531,4050,4410,360
New-York,532,3870,4230,360
New-York,533,3690,4050,360
New-York,534,3540,3870,330
New-York,535,3360,3690,330
New-York,536,3180,3510,330
New-York,537,3000,3330,330
New-York,538,2820,3150,330
New-York,539,2640,2970,330
New-York,540,2460,2790,330
New-York,541,2280,2610,330
New-York,542,2100,2430,330
New-York,543,1920,2250,330
New-York,544,1620,1950,330
New-York,544,7710,8010,300
New-York,545,1470,1770,300
New-York,545,7530,7830,300
New-York,546,1290,1590,300
New-York,546,7350,7680,330
New-York,547,1110,1380,270
New-York,547,7170,7500,330
New-York,548,930,1200,270
New-York,548,6990,7320,330
New-York,549,750,1020,270
New-York,549,6810,7140,330
New-York,550,570,840,270
New-York,550,6630,6960,330
New-York,551,390,660,270
New-York,551,6450,6780,330
New-York,552,210,480,270
New-York,552,6270,6600,330
New-York,553,30,300,270
New-York,553,6090,6420,330
New-York,554,0,120,120
New-York,554,5910,6270,360
New-York,555,5730,6090,360
New-York,556,5550,5910,360
New-York,557,5370,5730,360
New-York,558,5190,5550,360
New-York,559,5010,5370,360
New-York,560,4830,5190,360
New-York,561,4650,5010,360
New-York,562,4470,4830,360
New-York,563,4290,4650,360
New-York,564,4110,4470,360
New-York,565,3960,4290,330
New-York,565,10140,10200,60
New-York,566,3780,4110,330
New-York,566,9960,10050,90
New-York,567,3600,3930,330
New-York,567,9750,9900,150
New-York,568,3420,3750,330
New-York,568,9570,9720,150
New-York,569,3240,3570,330
New-York,569,9360,9570,210
New-York,570,3060,3390,330
New-York,570,9180,9390,210
New-York,571,2880,3210,330
New-York,571,9000,9210,210
New-York,572,2700,3030,330
New-York,572,8820,9060,240
New-York,573,2520,2850,330
New-York,573,8640,8880,240
New-York,574,2340,2670,330
New-York,574,8460,8700,240
New-York,575,2160,2490,330
New-York,575,8280,8550,270
New-York,576,1980,2310,330
New-York,576,8070,8370,300
New-York,577,1800,2130,330
New-York,577,7890,8190,300
New-York,578,1530,1770,240
New-York,578,7590,7950,360
New-York,579,1380,1590,210
New-York,579,7410,7770,360
New-York,580,1200,1410,210
New-York,580,7230,7590,360
New-York,581,1020,1200,180
New-York,581,7050,7410,360
New-York,582,840,1020,180
New-York,582,6870,7230,360
New-York,583,660,840,180
New-York,583,6690,7050,360
New-York,584,480,660,180
New-York,584,6510,6870,360
New-York,584,12720,12750,30
New-York,585,300,480,180
New-York,585,6330,6690,360
New-York,585,12510,12600,90
New-York,586,120,300,180
New-York,586,6150,6510,360
New-York,586,12330,12450,120
New-York,587,0,120,120
New-York,587,5970,6330,360
New-York,587,12120,12300,180
New-York,588,5790,6150,360
New-York,588,11940,12120,180
New-York,589,5610,5970,360
New-York,589,11760,11970,210
New-York,590,5460,5790,330
New-York,590,11580,11790,210
New-York,591,5280,5610,330
New-York,591,11400,11610,210
New-York,592,5100,5430,330
New-York,592,11190,11460,270
New-York,593,4920,5250,330
New-York,593,11010,11280,270
New-York,594,4740,5040,300
New-York,594,10830,11100,270
New-York,595,4560,4860,300
New-York,595,10650,10920,270
New-York,596,4380,4680,300
New-York,596,10470,10770,300
New-York,597,4200,4500,300
New-York,597,10290,10590,300
New-York,598,4020,4320,300
New-York,598,10110,10410,300
New-York,599,3840,4140,300
New-York,599,9930,10230,300
New-York,600,3660,3960,300
New-York,600,9750,10050,300
New-York,601,3480,3780,300
New-York,601,9570,9870,300
New-York,602,3300,3600,300
New-York,602,9390,9720,330
New-York,603,3150,3420,270
New-York,603,9210,9540,330
New-York,604,2970,3240,270
New-York,604,9030,9360,330
New-York,605,2790,3060,270
New-York,605,8850,9180,330
New-York,606,2610,2880,270
New-York,606,8670,9000,330
New-York,607,2430,2670,240
New-York,607,8490,8820,330
New-York,608,2250,2490,240
New-York,608,8310,8640,330
New-York,609,2070,2310,240
New-York,609,8130,8460,330
New-York,610,1890,2130,240
New-York,610,7950,8280,330
New-York,611,1710,1950,240
New-York,611,7770,8100,330
New-York,612,1470,1560,90
New-York,612,7470,7800,330
New-York,612,13590,13830,240
New-York,613,1290,1380,90
New-York,613,7290,7620,330
New-York,613,13410,13680,270
New-York,614,1110,1200,90
New-York,614,7110,7440,330
New-York,614,13230,13500,270
New-York,615,930,1020,90
New-York,615,6960,7260,300
New-York,615,13050,13320,270
New-York,616,750,840,90
New-York,616,6780,7080,300
New-York,616,12870,13140,270
New-York,617,570,630,60
New-York,617,6600,6900,300
New-York,617,12690,12990,300
New-York,618,390,450,60
New-York,618,6420,6720,300
New-York,618,12480,12810,330
New-York,619,210,270,60
New-York,619,6240,6540,300
New-York,619,12300,12630,330
New-York,620,30,90,60
New-York,620,6060,6360,300
New-York,620,12120,12450,330
New-York,621,5880,6180,300
New-York,621,11940,12270,330
New-York,622,5700,5970,270
New-York,622,11760,12090,330
New-York,623,5520,5790,270
New-York,623,11580,11910,330
New-York,624,5340,5610,270
New-York,624,11400,11760,360
New-York,625,5160,5430,270
New-York,625,11220,11580,360
New-York,626,5010,5250,240
New-York,626,11040,11400,360
New-York,627,4830,5070,240
New-York,627,10860,11220,360
New-York,628,4650,4890,240
New-York,628,10680,11040,360
New-York,629,4470,4710,240
New-York,629,10500,10860,360
New-York,630,4290,4530,240
New-York,630,10320,10680,360
New-York,631,4110,4350,240
New-York,631,10140,10500,360
New-York,632,3930,4140,210
New-York,632,9990,10320,330
New-York,633,3750,3960,210
New-York,633,9810,10140,330
New-York,634,3570,3780,210
New-York,634,9630,9960,330
New-York,635,3390,3600,210
New-York,635,9450,9780,330
New-York,636,3240,3420,180
New-York,636,9270,9600,330
New-York,637,3060,3240,180
New-York,637,9090,9420,330
New-York,637,15300,15330,30
New-York,638,2880,3060,180
New-York,638,8910,9240,330
New-York,638,15090,15180,90
New-York,639,2700,2850,150
New-York,639,8730,9060,330
New-York,639,14910,15030,120
New-York,640,2520,2670,150
New-York,640,8550,8880,330
New-York,640,14700,14850,150
New-York,641,2340,2490,150
New-York,641,8370,8700,330
New-York,641,14520,14700,180
New-York,642,2160,2310,150
New-York,642,8190,8520,330
New-York,642,14340,14520,180
New-York,643,1980,2130,150
New-York,643,8010,8340,330
New-York,643,14130,14340,210
New-York,644,1800,1950,150
New-York,644,7830,8160,330
New-York,644,13950,14190,240
New-York,645,1650,1740,90
New-York,645,7650,7980,330
New-York,645,13770,14010,240
New-York,646,1380,1380,0
New-York,646,7380,7650,270
New-York,646,13440,13770,330
New-York,647,1200,1200,0
New-York,647,7200,7470,270
New-York,647,13260,13620,360
New-York,648,990,1020,30
New-York,648,7020,7260,240
New-York,648,13080,13440,360
New-York,649,810,840,30
New-York,649,6870,7080,210
New-York,649,12900,13260,360
New-York,650,630,660,30
New-York,650,6690,6900,210
New-York,650,12720,13080,360
New-York,651,450,480,30
New-York,651,6510,6720,210
New-York,651,12540,12900,360
New-York,652,270,300,30
New-York,652,6330,6540,210
New-York,652,12360,12720,360
New-York,653,90,120,30
New-York,653,6150,6360,210
New-York,653,12180,12540,360
New-York,654,5970,6180,210
New-York,654,12000,12360,360
New-York,655,5790,5970,180
New-York,655,11820,12180,360
New-York,656,5610,5790,180
New-York,656,11640,12000,360
New-York,656,17880,17880,0
New-York,657,5430,5610,180
New-York,657,11460,11820,360
New-York,657,17670,17730,60
New-York,658,5250,5430,180
New-York,658,11280,11640,360
New-York,658,17460,17580,120
New-York,659,5100,5250,150
New-York,659,11130,11460,330
New-York,659,17280,17430,150
New-York,660,4920,5070,150
New-York,660,10950,11280,330
New-York,660,17100,17250,150
New-York,661,4740,4890,150
New-York,661,10770,11100,330
New-York,661,16890,17100,210
New-York,662,4560,4680,120
New-York,662,10590,10920,330
New-York,662,16710,16920,210
New-York,663,4380,4500,120
New-York,663,10410,10740,330
New-York,663,16530,16740,210
New-York,664,4200,4320,120
New-York,664,10230,10560,330
New-York,664,16350,16590,240
New-York,665,4020,4140,120
New-York,665,10050,10380,330
New-York,665,16170,16410,240
New-York,666,3840,3960,120
New-York,666,9870,10200,330
New-York,666,15960,16230,270
New-York,667,3660,3780,120
New-York,667,9690,10020,330
New-York,667,15780,16050,270
New-York,668,3510,3570,60
New-York,668,9510,9840,330
New-York,668,15600,15900,300
New-York,669,3330,3390,60
New-York,669,9330,9660,330
New-York,669,15420,15720,300
New-York,670,3150,3210,60
New-York,670,9150,9480,330
New-York,670,15240,15540,300
New-York,671,2970,3030,60
New-York,671,8970,9270,300
New-York,671,15060,15360,300
New-York,672,2790,2850,60
New-York,672,8820,9090,270
New-York,672,14880,15180,300
New-York,673,2610,2670,60
New-York,673,8640,8910,270
New-York,673,14700,15030,330
New-York,674,2430,2460,30
New-York,674,8460,8730,270
New-York,674,14520,14850,330
New-York,675,2250,2280,30
New-York,675,8280,8550,270
New-York,675,14340,14670,330
New-York,676,2070,2100,30
New-York,676,8100,8370,270
New-York,676,14160,14490,330
New-York,677,1890,1920,30
New-York,677,7920,8190,270
New-York,677,13980,14310,330
New-York,678,1740,1740,0
New-York,678,7740,8010,270
New-York,678,13800,14130,330
New-York,679,1560,1560,0
New-York,679,7560,7830,270
New-York,679,13620,13950,330
New-York,680,1170,1260,90
New-York,680,7290,7440,150
New-York,680,13320,13680,360
New-York,681,990,1080,90
New-York,681,7140,7260,120
New-York,681,13140,13500,360
New-York,682,810,930,120
New-York,682,6960,7080,120
New-York,682,12960,13290,330
New-York,683,630,750,120
New-York,683,6780,6900,120
New-York,683,12780,13110,330
New-York,684,420,570,150
New-York,684,6600,6720,120
New-York,684,12630,12930,300
New-York,685,240,390,150
New-York,685,6420,6510,90
New-York,685,12450,12750,300
New-York,686,60,210,150
New-York,686,6240,6330,90
New-York,686,12270,12570,300
New-York,687,0,30,30
New-York,687,6060,6150,90
New-York,687,12090,12390,300
New-York,688,5880,5970,90
New-York,688,11910,12210,300
New-York,688,18000,18000,0
New-York,689,5700,5790,90
New-York,689,11730,12030,300
New-York,689,17820,18000,180
New-York,690,5520,5610,90
New-York,690,11550,11850,300
New-York,690,17640,17940,300
New-York,691,5370,5400,30
New-York,691,11370,11670,300
New-York,691,17460,17760,300
New-York,692,5190,5220,30
New-York,692,11190,11490,300
New-York,692,17280,17580,300
New-York,693,5010,5040,30
New-York,693,11010,11310,300
New-York,693,17100,17400,300
New-York,694,4830,4860,30
New-York,694,10830,11130,300
New-York,694,16920,17220,300
New-York,695,4650,4680,30
New-York,695,10650,10950,300
New-York,695,16740,17070,330
New-York,696,4470,4500,30
New-York,696,10500,10770,270
New-York,696,16560,16890,330
New-York,697,4290,4290,0
New-York,697,10320,10560,240
New-York,697,16380,16710,330
New-York,698,4110,4110,0
New-York,698,10140,10380,240
New-York,698,16200,16530,330
New-York,699,3930,3930,0
New-York,699,9960,10200,240
New-York,699,16020,16350,330
New-York,700,3750,3750,0
New-York,700,9780,10020,240
New-York,700,15840,16170,330
New-York,701,3570,3570,0
New-York,701,9600,9840,240
New-York,701,15660,15990,330
New-York,702,3390,3390,0
New-York,702,9420,9660,240
New-York,702,15480,15810,330
New-York,703,3210,3210,0
New-York,703,9240,9480,240
New-York,703,15300,15630,330
New-York,704,3030,3030,0
New-York,704,9060,9300,240
New-York,704,15120,15450,330
New-York,705,2850,2850,0
New-York,705,8880,9120,240
New-York,705,14940,15270,330
New-York,706,2640,2700,60
New-York,706,8730,8910,180
New-York,706,14760,15090,330
New-York,707,2460,2520,60
New-York,707,8550,8730,180
New-York,707,14580,14910,330
New-York,708,2280,2340,60
New-York,708,8370,8550,180
New-York,708,14400,14760,360
New-York,709,2100,2160,60
New-York,709,8190,8370,180
New-York,709,14220,14580,360
New-York,710,1920,1980,60
New-York,710,8010,8190,180
New-York,710,14040,14400,360
New-York,711,1740,1800,60
New-York,711,7830,8010,180
New-York,711,13860,14220,360
New-York,712,1530,1620,90
New-York,712,7650,7830,180
New-York,712,13680,14040,360
New-York,713,1350,1440,90
New-York,713,7470,7620,150
New-York,713,13500,13860,360
New-York,714,960,1200,240
New-York,714,7230,7230,0
New-York,714,13230,13500,270
New-York,715,780,1020,240
New-York,715,7050,7050,0
New-York,715,13050,13320,270
New-York,716,600,840,240
New-York,716,6870,6870,0
New-York,716,12870,13140,270
New-York,717,420,660,240
New-York,717,6690,6690,0
New-York,717,12690,12960,270
New-York,718,240,480,240
New-York,718,6510,6510,0
New-York,718,12510,12780,270
New-York,719,60,300,240
New-York,719,6330,6330,0
New-York,719,12360,12600,240
New-York,720,0,120,120
New-York,720,6150,6150,0
New-York,720,12180,12420,240
New-York,721,5970,5970,0
New-York,721,12000,12240,240
New-York,722,5790,5790,0
New-York,722,11820,12030,210
New-York,722,17850,18000,150
New-York,723,5580,5610,30
New-York,723,11640,11850,210
New-York,723,17670,18000,330
New-York,724,5400,5430,30
New-York,724,11460,11670,210
New-York,724,17490,17850,360
New-York,725,5220,5250,30
New-York,725,11280,11490,210
New-York,725,17310,17670,360
New-York,726,5040,5070,30
New-York,726,11100,11310,210
New-York,726,17130,17490,360
New-York,727,4860,4890,30
New-York,727,10920,11130,210
New-York,727,16980,17310,330
New-York,728,4680,4710,30
New-York,728,10740,10950,210
New-York,728,16800,17130,330
New-York,729,4470,4560,90
New-York,729,10590,10740,150
New-York,729,16620,16950,330
New-York,730,4290,4380,90
New-York,730,10410,10560,150
New-York,730,16440,16770,330
New-York,731,4110,4200,90
New-York,731,10230,10380,150
New-York,731,16260,16590,330
New-York,732,3930,4020,90
New-York,732,10050,10200,150
New-York,732,16080,16410,330
New-York,733,3750,3840,90
New-York,733,9870,10020,150
New-York,733,15900,16230,330
New-York,734,3570,3660,90
New-York,734,9690,9840,150
New-York,734,15720,16050,330
New-York,735,3360,3480,120
New-York,735,9510,9660,150
New-York,735,15540,15870,330
New-York,736,3180,3300,120
New-York,736,9330,9450,120
New-York,736,15360,15690,330
New-York,737,3000,3120,120
New-York,737,9150,9270,120
New-York,737,15180,15510,330
New-York,738,2820,2970,150
New-York,738,9000,9090,90
New-York,738,15000,15330,330
New-York,739,2640,2790,150
New-York,739,8820,8910,90
New-York,739,14820,15150,330
New-York,740,2460,2610,150
New-York,740,8640,8730,90
New-York,740,14640,14970,330
New-York,741,2250,2430,180
New-York,741,8460,8550,90
New-York,741,14460,14790,330
New-York,742,2070,2250,180
New-York,742,8280,8340,60
New-York,742,14310,14610,300
New-York,743,1890,2070,180
New-York,743,8100,8160,60
New-York,743,14130,14430,300
New-York,744,1710,1890,180
New-York,744,7920,7980,60
New-York,744,13950,14250,300
New-York,745,1530,1710,180
New-York,745,7740,7800,60
New-York,745,13770,14070,300
New-York,746,1350,1530,180
New-York,746,7560,7620,60
New-York,746,13590,13860,270
New-York,747,1170,1350,180
New-York,747,7380,7440,60
New-York,747,13410,13680,270
New-York,748,810,1110,300
New-York,748,7050,7110,60
New-York,748,13140,13320,180
New-York,749,630,930,300
New-York,749,6870,6930,60
New-York,749,12960,13140,180
New-York,750,420,750,330
New-York,750,6690,6750,60
New-York,750,12780,12960,180
New-York,751,240,570,330
New-York,751,6510,6570,60
New-York,751,12600,12780,180
New-York,752,60,390,330
New-York,752,6300,6420,120
New-York,752,12450,12600,150
New-York,753,0,210,210
New-York,753,6120,6240,120
New-York,753,12270,12390,120
New-York,754,0,30,30
New-York,754,5940,6060,120
New-York,754,12090,12210,120
New-York,755,5760,5880,120
New-York,755,11910,12030,120
New-York,755,17940,18000,60
New-York,756,5580,5700,120
New-York,756,11730,11850,120
New-York,756,17760,18000,240
New-York,757,5400,5520,120
New-York,757,11550,11670,120
New-York,757,17580,17910,330
New-York,758,5190,5340,150
New-York,758,11370,11490,120
New-York,758,17400,17730,330
New-York,759,5010,5160,150
New-York,759,11190,11280,90
New-York,759,17220,17550,330
New-York,760,4830,4980,150
New-York,760,11010,11100,90
New-York,760,17040,17340,300
New-York,761,4650,4830,180
New-York,761,10860,10920,60
New-York,761,16860,17160,300
New-York,762,4470,4650,180
New-York,762,10680,10740,60
New-York,762,16680,16980,300
New-York,763,4290,4470,180
New-York,763,10500,10560,60
New-York,763,16500,16800,300
New-York,764,4110,4290,180
New-York,764,10320,10380,60
New-York,764,16320,16620,300
New-York,765,3900,4110,210
New-York,765,10140,10170,30
New-York,765,16140,16440,300
New-York,766,3720,3930,210
New-York,766,9960,9990,30
New-York,766,15990,16260,270
New-York,767,3540,3750,210
New-York,767,9780,9810,30
New-York,767,15810,16080,270
New-York,768,3360,3570,210
New-York,768,9600,9630,30
New-York,768,15630,15900,270
New-York,769,3180,3390,210
New-York,769,9420,9450,30
New-York,769,15450,15720,270
New-York,770,3000,3210,210
New-York,770,9240,9270,30
New-York,770,15270,15540,270
New-York,771,2820,3060,240
New-York,771,9060,9090,30
New-York,771,15090,15360,270
New-York,772,2640,2880,240
New-York,772,8880,8880,0
New-York,772,14910,15150,240
New-York,773,2430,2700,270
New-York,773,8700,8700,0
New-York,773,14730,14970,240
New-York,774,2250,2520,270
New-York,774,8520,8520,0
New-York,774,14550,14790,240
New-York,775,2070,2340,270
New-York,775,8340,8370,30
New-York,775,14370,14610,240
New-York,776,1890,2160,270
New-York,776,8160,8190,30
New-York,776,14220,14430,210
New-York,777,1710,1980,270
New-York,777,7980,8010,30
New-York,777,14040,14250,210
New-York,778,1530,1800,270
New-York,778,7800,7830,30
New-York,778,13860,14070,210
New-York,779,1350,1620,270
New-York,779,7620,7650,30
New-York,779,13680,13890,210
New-York,780,1170,1440,270
New-York,780,7410,7470,60
New-York,780,13500,13680,180
New-York,781,990,1290,300
New-York,781,7230,7290,60
New-York,781,13320,13500,180
New-York,782,660,990,330
New-York,782,6840,7020,180
New-York,782,13050,13110,60
New-York,783,480,810,330
New-York,783,6660,6840,180
New-York,783,12870,12930,60
New-York,784,300,630,330
New-York,784,6480,6690,210
New-York,784,12720,12750,30
New-York,785,120,450,330
New-York,785,6300,6510,210
New-York,785,12540,12570,30
New-York,786,0,270,270
New-York,786,6120,6330,210
New-York,786,12360,12390,30
New-York,787,0,120,120
New-York,787,5940,6150,210
New-York,787,12180,12210,30
New-York,788,5760,5970,210
New-York,788,12000,12000,0
New-York,788,18000,18000,0
New-York,789,5550,5790,240
New-York,789,11820,11820,0
New-York,789,17850,18000,150
New-York,790,5370,5610,240
New-York,790,11640,11640,0
New-York,790,17670,17910,240
New-York,791,5190,5430,240
New-York,791,11460,11460,0
New-York,791,17490,17730,240
New-York,792,5010,5250,240
New-York,792,11280,11280,0
New-York,792,17310,17550,240
New-York,793,4830,5070,240
New-York,793,11100,11100,0
New-York,793,17130,17370,240
New-York,794,4650,4920,270
New-York,794,10920,10920,0
New-York,794,16950,17190,240
New-York,795,4470,4740,270
New-York,795,10740,10740,0
New-York,795,16770,17010,240
New-York,796,4290,4560,270
New-York,796,10560,10560,0
New-York,796,16590,16800,210
New-York,797,4110,4380,270
New-York,797,10350,10380,30
New-York,797,16410,16620,210
New-York,798,3900,4200,300
New-York,798,10170,10200,30
New-York,798,16230,16440,210
New-York,799,3720,4020,300
New-York,799,9990,10050,60
New-York,799,16080,16260,180
New-York,800,3540,3840,300
New-York,800,9810,9870,60
New-York,800,15900,16080,180
New-York,801,3360,3660,300
New-York,801,9630,9690,60
New-York,801,15720,15900,180
New-York,802,3180,3480,300
New-York,802,9450,9510,60
New-York,802,15540,15720,180
New-York,803,3000,3300,300
New-York,803,9240,9330,90
New-York,803,15360,15510,150
New-York,804,2820,3120,300
New-York,804,9060,9150,90
New-York,804,15180,15330,150
New-York,805,2640,2970,330
New-York,805,8880,8970,90
New-York,805,15000,15150,150
New-York,806,2460,2790,330
New-York,806,8700,8790,90
New-York,806,14820,14970,150
New-York,807,2280,2610,330
New-York,807,8520,8610,90
New-York,807,14640,14790,150
New-York,808,2100,2430,330
New-York,808,8340,8430,90
New-York,808,14490,14610,120
New-York,809,1920,2250,330
New-York,809,8130,8280,150
New-York,809,14310,14430,120
New-York,810,1740,2070,330
New-York,810,7950,8100,150
New-York,810,14130,14220,90
New-York,811,1560,1890,330
New-York,811,7770,7920,150
New-York,811,13950,14040,90
New-York,812,1380,1710,330
New-York,812,7590,7740,150
New-York,812,13770,13860,90
New-York,813,1200,1530,330
New-York,813,7410,7560,150
New-York,813,13590,13680,90
New-York,814,1020,1350,330
New-York,814,7230,7380,150
New-York,814,13410,13500,90
New-York,815,840,1170,330
New-York,815,7020,7200,180
New-York,815,13230,13320,90
New-York,816,540,870,330
New-York,816,6660,6930,270
New-York,816,12930,12960,30
New-York,817,360,690,330
New-York,817,6480,6780,300
New-York,817,12750,12780,30
New-York,818,210,510,300
New-York,818,6300,6600,300
New-York,818,12570,12600,30
New-York,819,30,330,300
New-York,819,6120,6420,300
New-York,819,12390,12420,30
New-York,820,0,150,150
New-York,820,5940,6240,300
New-York,820,12180,12240,60
New-York,821,5760,6060,300
New-York,821,12000,12060,60
New-York,822,5580,5880,300
New-York,822,11820,11910,90
New-York,822,17940,18000,60
New-York,823,5400,5700,300
New-York,823,11640,11730,90
New-York,823,17760,17910,150
New-York,824,5220,5520,300
New-York,824,11460,11550,90
New-York,824,17580,17730,150
New-York,825,5040,5340,300
New-York,825,11280,11370,90
New-York,825,17400,17550,150
New-York,826,4830,5160,330
New-York,826,11070,11190,120
New-York,826,17220,17370,150
New-York,827,4650,4980,330
New-York,827,10890,11010,120
New-York,827,17040,17160,120
New-York,828,4470,4800,330
New-York,828,10710,10830,120
New-York,828,16860,16980,120
New-York,829,4290,4650,360
New-York,829,10530,10650,120
New-York,829,16680,16800,120
New-York,830,4110,4470,360
New-York,830,10350,10470,120
New-York,830,16500,16620,120
New-York,831,3930,4290,360
New-York,831,10170,10320,150
New-York,831,16350,16440,90
New-York,832,3750,4110,360
New-York,832,9960,10140,180
New-York,832,16170,16260,90
New-York,833,3570,3930,360
New-York,833,9780,9960,180
New-York,833,15990,16050,60
New-York,834,3390,3750,360
New-York,834,9600,9780,180
New-York,834,15810,15870,60
New-York,835,3210,3570,360
New-York,835,9420,9600,180
New-York,835,15630,15690,60
New-York,836,3030,3390,360
New-York,836,9240,9420,180
New-York,836,15450,15510,60
New-York,837,2850,3210,360
New-York,837,9060,9240,180
New-York,837,15270,15330,60
New-York,838,2670,3030,360
New-York,838,8880,9060,180
New-York,838,15090,15150,60
New-York,839,2490,2850,360
New-York,839,8670,8880,210
New-York,839,14910,14940,30
New-York,840,2310,2670,360
New-York,840,8490,8700,210
New-York,840,14730,14760,30
New-York,841,2160,2490,330
New-York,841,8310,8550,240
New-York,841,14580,14580,0
New-York,842,1980,2310,330
New-York,842,8130,8370,240
New-York,842,14400,14400,0
New-York,843,1800,2130,330
New-York,843,7950,8190,240
New-York,843,14220,14220,0
New-York,844,1620,1950,330
New-York,844,7770,8010,240
New-York,844,14040,14040,0
New-York,845,1440,1770,330
New-York,845,7590,7830,240
New-York,845,13860,13860,0
New-York,846,1260,1590,330
New-York,846,7410,7650,240
New-York,846,13680,13680,0
New-York,847,1080,1410,330
New-York,847,7200,7470,270
New-York,847,13470,13500,30
New-York,848,900,1230,330
New-York,848,7020,7290,270
New-York,848,13290,13320,30
New-York,849,720,1050,330
New-York,849,6840,7110,270
New-York,849,13110,13140,30
New-York,850,510,720,210
New-York,850,6510,6840,330
New-York,850,12720,12870,150
New-York,851,360,510,150
New-York,851,6330,6660,330
New-York,851,12540,12690,150
New-York,852,180,330,150
New-York,852,6150,6480,330
New-York,852,12360,12510,150
New-York,853,30,120,90
New-York,853,5970,6300,330
New-York,853,12180,12330,150
New-York,854,5790,6120,330
New-York,854,12000,12180,180
New-York,855,5610,5970,360
New-York,855,11790,12000,210
New-York,856,5430,5790,360
New-York,856,11610,11820,210
New-York,856,17850,17880,30
New-York,857,5250,5610,360
New-York,857,11430,11640,210
New-York,857,17670,17700,30
New-York,858,5070,5430,360
New-York,858,11250,11460,210
New-York,858,17490,17520,30
New-York,859,4890,5250,360
New-York,859,11070,11280,210
New-York,859,17310,17340,30
New-York,860,4710,5070,360
New-York,860,10890,11100,210
New-York,860,17130,17160,30
New-York,861,4530,4890,360
New-York,861,10710,10920,210
New-York,861,16950,16980,30
New-York,862,4350,4710,360
New-York,862,10530,10740,210
New-York,862,16770,16770,0
New-York,863,4170,4530,360
New-York,863,10320,10560,240
New-York,863,16590,16590,0
New-York,864,3990,4350,360
New-York,864,10140,10410,270
New-York,864,16410,16410,0
New-York,865,3810,4170,360
New-York,865,9960,10230,270
New-York,865,16230,16230,0
New-York,866,3660,3990,330
New-York,866,9780,10050,270
New-York,866,16050,16050,0
New-York,867,3480,3810,330
New-York,867,9600,9870,270
New-York,867,15870,15870,0
New-York,868,3300,3630,330
New-York,868,9420,9690,270
New-York,868,15690,15690,0
New-York,869,3120,3450,330
New-York,869,9240,9510,270
New-York,869,15510,15540,30
New-York,870,2940,3270,330
New-York,870,9060,9330,270
New-York,870,15330,15360,30
New-York,871,2760,3090,330
New-York,871,8880,9150,270
New-York,871,15120,15180,60
New-York,872,2580,2910,330
New-York,872,8700,8970,270
New-York,872,14940,15000,60
New-York,873,2430,2730,300
New-York,873,8490,8790,300
New-York,873,14760,14820,60
New-York,874,2250,2550,300
New-York,874,8310,8610,300
New-York,874,14580,14640,60
New-York,875,2070,2370,300
New-York,875,8130,8460,330
New-York,875,14400,14460,60
New-York,876,1890,2190,300
New-York,876,7950,8280,330
New-York,876,14220,14280,60
New-York,877,1710,2010,300
New-York,877,7770,8100,330
New-York,877,14010,14100,90
New-York,878,1560,1800,240
New-York,878,7590,7920,330
New-York,878,13830,13920,90
New-York,879,1380,1620,240
New-York,879,7410,7740,330
New-York,879,13650,13770,120
New-York,880,1200,1440,240
New-York,880,7230,7560,330
New-York,880,13470,13590,120
New-York,881,1020,1260,240
New-York,881,7050,7380,330
New-York,881,13290,13410,120
New-York,882,870,1080,210
New-York,882,6870,7200,330
New-York,882,13110,13230,120
New-York,883,690,900,210
New-York,883,6690,7020,330
New-York,883,12900,13050,150
New-York,884,6390,6750,360
New-York,884,12540,12780,240
New-York,885,6210,6570,360
New-York,885,12360,12600,240
New-York,886,6030,6390,360
New-York,886,12180,12420,240
New-York,887,5850,6210,360
New-York,887,12000,12270,270
New-York,888,5700,6030,330
New-York,888,11790,12090,300
New-York,889,5520,5850,330
New-York,889,11610,11910,300
New-York,889,17880,17910,30
New-York,890,5340,5670,330
New-York,890,11430,11730,300
New-York,890,17700,17730,30
New-York,891,5160,5460,300
New-York,891,11250,11550,300
New-York,891,17520,17550,30
New-York,892,4980,5280,300
New-York,892,11070,11370,300
New-York,892,17340,17400,60
New-York,893,4800,5100,300
New-York,893,10890,11190,300
New-York,893,17160,17220,60
New-York,894,4620,4920,300
New-York,894,10710,11010,300
New-York,894,16950,17040,90
New-York,895,4470,4740,270
New-York,895,10530,10830,300
New-York,895,16770,16860,90
New-York,896,4290,4560,270
New-York,896,10350,10650,300
New-York,896,16590,16680,90
New-York,897,4110,4380,270
New-York,897,10170,10470,300
New-York,897,16410,16500,90
New-York,898,3930,4200,270
New-York,898,9990,10290,300
New-York,898,16230,16320,90
New-York,899,3780,4020,240
New-York,899,9810,10140,330
New-York,899,16050,16140,90
New-York,900,3600,3840,240
New-York,900,9630,9960,330
New-York,900,15840,15960,120
New-York,901,3420,3660,240
New-York,901,9450,9780,330
New-York,901,15660,15810,150
New-York,902,3270,3450,180
New-York,902,9270,9600,330
New-York,902,15480,15630,150
New-York,903,3090,3270,180
New-York,903,9090,9420,330
New-York,903,15300,15450,150
New-York,904,2910,3090,180
New-York,904,8910,9240,330
New-York,904,15120,15270,150
New-York,905,2760,2910,150
New-York,905,8730,9060,330
New-York,905,14940,15090,150
New-York,906,2610,2700,90
New-York,906,8550,8880,330
New-York,906,14730,14910,180
New-York,907,2430,2520,90
New-York,907,8370,8700,330
New-York,907,14550,14730,180
New-York,908,8190,8520,330
New-York,908,14370,14550,180
New-York,909,8010,8340,330
New-York,909,14190,14370,180
New-York,910,7830,8160,330
New-York,910,14010,14190,180
New-York,911,7650,7980,330
New-York,911,13830,14040,210
New-York,912,7470,7800,330
New-York,912,13650,13860,210
New-York,913,7290,7620,330
New-York,913,13440,13680,240
New-York,914,7110,7440,330
New-York,914,13260,13500,240
New-York,915,6930,7260,330
New-York,915,13080,13320,240
New-York,916,6750,7080,330
New-York,916,12900,13140,240
New-York,917,6570,6900,330
New-York,917,12720,12960,240
New-York,918,6330,6600,270
New-York,918,12360,12690,330
New-York,919,6150,6390,240
New-York,919,12180,12510,330
New-York,920,6000,6210,210
New-York,920,12000,12330,330
New-York,921,5820,6030,210
New-York,921,11820,12150,330
New-York,922,5670,5850,180
New-York,922,11640,11970,330
New-York,922,17880,18000,120
New-York,923,5490,5670,180
New-York,923,11460,11820,360
New-York,923,17670,17820,150
New-York,924,5310,5460,150
New-York,924,11280,11640,360
New-York,924,17490,17670,180
New-York,925,5160,5280,120
New-York,925,11100,11460,360
New-York,925,17310,17490,180
New-York,926,5010,5070,60
New-York,926,10920,11280,360
New-York,926,17130,17310,180
New-York,927,4860,4860,0
New-York,927,10740,11100,360
New-York,927,16950,17130,180
New-York,928,10560,10920,360
New-York,928,16770,16950,180
New-York,929,10380,10740,360
New-York,929,16560,16770,210
New-York,930,10200,10560,360
New-York,930,16380,16590,210
New-York,931,10020,10380,360
New-York,931,16200,16410,210
New-York,932,9840,10200,360
New-York,932,16020,16230,210
New-York,933,9660,10020,360
New-York,933,15840,16050,210
New-York,934,9480,9840,360
New-York,934,15660,15900,240
New-York,935,9330,9660,330
New-York,935,15480,15720,240
New-York,936,9150,9480,330
New-York,936,15300,15540,240
New-York,937,8970,9300,330
New-York,937,15090,15360,270
New-York,938,8790,9120,330
New-York,938,14910,15180,270
New-York,939,8610,8940,330
New-York,939,14730,15000,270
New-York,940,8430,8760,330
New-York,940,14550,14820,270
New-York,941,8250,8580,330
New-York,941,14370,14640,270
New-York,942,8070,8400,330
New-York,942,14190,14460,270
New-York,943,7890,8220,330
New-York,943,14010,14280,270
New-York,944,7740,8040,300
New-York,944,13830,14130,300
New-York,945,7560,7860,300
New-York,945,13650,13950,300
New-York,946,7380,7680,300
New-York,946,13470,13770,300
New-York,947,7200,7500,300
New-York,947,13290,13590,300
New-York,948,7020,7320,300
New-York,948,13110,13410,300
New-York,949,6840,7140,300
New-York,949,12900,13230,330
New-York,950,6690,6960,270
New-York,950,12720,13050,330
New-York,951,6510,6780,270
New-York,951,12540,12870,330
New-York,952,12240,12600,360
New-York,953,12060,12420,360
New-York,954,11880,12240,360
New-York,955,11700,12060,360
New-York,955,17850,18000,150
New-York,956,11520,11880,360
New-York,956,17670,17910,240
New-York,957,11340,11700,360
New-York,957,17490,17760,270
New-York,958,11160,11520,360
New-York,958,17310,17580,270
New-York,959,11010,11340,330
New-York,959,17130,17400,270
New-York,960,10830,11160,330
New-York,960,16950,17220,270
New-York,961,10650,10980,330
New-York,961,16770,17040,270
New-York,962,10470,10800,330
New-York,962,16590,16860,270
New-York,963,10290,10620,330
New-York,963,16380,16680,300
New-York,964,10110,10440,330
New-York,964,16200,16500,300
New-York,965,9930,10260,330
New-York,965,16020,16320,300
New-York,966,9780,10080,300
New-York,966,15840,16140,300
New-York,967,9600,9900,300
New-York,967,15660,15960,300
New-York,968,9420,9690,270
New-York,968,15480,15810,330
New-York,969,9240,9510,270
New-York,969,15300,15630,330
New-York,970,9060,9330,270
New-York,970,15120,15450,330
New-York,971,8910,9150,240
New-York,971,14940,15270,330
New-York,972,8730,8970,240
New-York,972,14760,15090,330
New-York,973,8550,8790,240
New-York,973,14580,14910,330
New-York,974,8400,8610,210
New-York,974,14400,14730,330
New-York,975,8220,8430,210
New-York,975,14220,14550,330
New-York,976,8040,8220,180
New-York,976,14040,14370,330
New-York,977,7890,8040,150
New-York,977,13860,14190,330
New-York,978,7740,7860,120
New-York,978,13680,14010,330
New-York,979,7560,7650,90
New-York,979,13500,13830,330
New-York,980,7410,7440,30
New-York,980,13320,13650,330
New-York,981,13140,13470,330
New-York,982,12960,13290,330
New-York,983,12780,13140,360
New-York,984,12600,12960,360
New-York,985,12420,12780,360
New-York,986,12150,12450,300
New-York,987,12000,12270,270
New-York,988,11820,12090,270
New-York,988,17880,18000,120
New-York,989,11640,11910,270
New-York,989,17700,18000,300
New-York,990,11460,11730,270
New-York,990,17520,17820,300
New-York,991,11310,11550,240
New-York,991,17340,17640,300
New-York,992,11130,11370,240
New-York,992,17160,17490,330
New-York,993,10950,11160,210
New-York,993,16950,17310,360
New-York,994,10800,10980,180
New-York,994,16770,17130,360
New-York,995,10620,10800,180
New-York,995,16590,16950,360
New-York,996,10440,10620,180
New-York,996,16410,16770,360
New-York,997,10290,10410,120
New-York,997,16230,16590,360
New-York,998,10140,10230,90
New-York,998,16050,16410,360
New-York,999,9990,10020,30
New-York,999,15870,16230,360
New-York,1000,15690,16050,360
New-York,1001,15510,15870,360
New-York,1002,15330,15690,360
New-York,1003,15180,15510,330
New-York,1004,15000,15330,330
New-York,1005,14820,15150,330
New-York,1006,14640,14970,330
New-York,1007,14460,14790,330
New-York,1008,14280,14610,330
New-York,1009,14100,14430,330
New-York,1010,13920,14250,330
New-York,1011,13740,14070,330
New-York,1012,13560,13890,330
New-York,1013,13380,13710,330
New-York,1014,13200,13530,330
New-York,1015,13050,13350,300
New-York,1016,12870,13170,300
New-York,1017,12690,12990,300
New-York,1018,12510,12810,300
New-York,1019,12330,12630,300
New-York,1021,17910,18000,90
New-York,1022,17730,18000,270
New-York,1023,17550,17910,360
New-York,1024,17370,17730,360
New-York,1025,17190,17550,360
New-York,1026,17010,17370,360
New-York,1027,16830,17190,360
New-York,1028,16650,17010,360
New-York,1029,16500,16830,330
New-York,1030,16320,16650,330
New-York,1031,16140,16470,330
New-York,1032,15960,16290,330
New-York,1033,15780,16110,330
New-York,1034,15600,15930,330
New-York,1035,15420,15750,330
New-York,1036,15240,15570,330
New-York,1037,15090,15390,300
New-York,1038,14910,15210,300
New-York,1039,14730,15030,300
New-York,1040,14550,14850,300
New-York,1041,14370,14670,300
New-York,1042,14220,14490,270
New-York,1043,14040,14280,240
New-York,1044,13860,14100,240
New-York,1045,13680,13920,240
New-York,1046,13530,13740,210
New-York,1047,13350,13560,210
New-York,1048,13200,13380,180
New-York,1049,13020,13170,150
New-York,1050,12870,12990,120
New-York,1051,12690,12810,120
New-York,1052,12540,12600,60
New-York,1054,18000,18000,0
New-York,1055,17820,18000,180
New-York,1056,17640,17970,330
New-York,1057,17460,17760,300
New-York,1058,17310,17580,270
New-York,1059,17130,17400,270
New-York,1060,16950,17220,270
New-York,1061,16770,17040,270
New-York,1062,16590,16860,270
New-York,1063,16440,16680,240
New-York,1064,16260,16500,240
New-York,1065,16080,16320,240
New-York,1066,15930,16140,210
New-York,1067,15750,15930,180
New-York,1068,15600,15750,150
New-York,1069,15420,15570,150
New-York,1070,15270,15360,90
New-York,1071,15090,15180,90
New-York,1088,18000,18000,0
New-York,1089,17820,17940,120
New-York,1090,17670,17730,60
Sao-Paulo,0,5130,5460,330
Sao-Paulo,1,4950,5280,330
Sao-Paulo,2,4770,5100,330
Sao-Paulo,3,4590,4920,330
Sao-Paulo,4,4410,4740,330
Sao-Paulo,5,4260,4560,300
Sao-Paulo,6,4080,4350,270
Sao-Paulo,7,3900,4170,270
Sao-Paulo,7,10080,10110,30
Sao-Paulo,8,3720,3990,270
Sao-Paulo,8,9870,9990,120
Sao-Paulo,9,3540,3810,270
Sao-Paulo,9,9660,9810,150
Sao-Paulo,10,3390,3630,240
Sao-Paulo,10,9480,9660,180
Sao-Paulo,11,3210,3420,210
Sao-Paulo,11,9300,9480,180
Sao-Paulo,12,3030,3240,210
Sao-Paulo,12,9090,9330,240
Sao-Paulo,13,2880,3060,180
Sao-Paulo,13,8910,9150,240
Sao-Paulo,14,2700,2850,150
Sao-Paulo,14,8730,9000,270
Sao-Paulo,15,2520,2670,150
Sao-Paulo,15,8550,8820,270
Sao-Paulo,16,2370,2460,90
Sao-Paulo,16,8370,8640,270
Sao-Paulo,17,2220,2280,60
Sao-Paulo,17,8190,8460,270
Sao-Paulo,18,7980,8310,330
Sao-Paulo,19,7800,8130,330
Sao-Paulo,20,7620,7950,330
Sao-Paulo,21,7440,7770,330
Sao-Paulo,22,7260,7590,330
Sao-Paulo,23,7080,7440,360
Sao-Paulo,24,6900,7260,360
Sao-Paulo,25,6720,7080,360
Sao-Paulo,26,6540,6900,360
Sao-Paulo,27,6360,6720,360
Sao-Paulo,28,6180,6540,360
Sao-Paulo,29,6000,6360,360
Sao-Paulo,30,5820,6180,360
Sao-Paulo,31,5670,6000,330
Sao-Paulo,32,5490,5820,330
Sao-Paulo,33,5310,5640,330
Sao-Paulo,34,5100,5250,150
Sao-Paulo,34,11100,11370,270
Sao-Paulo,35,4950,5040,90
Sao-Paulo,35,10920,11220,300
Sao-Paulo,36,4770,4830,60
Sao-Paulo,36,10740,11040,300
Sao-Paulo,37,10560,10860,300
Sao-Paulo,38,10380,10680,300
Sao-Paulo,39,10200,10530,330
Sao-Paulo,40,10020,10350,330
Sao-Paulo,41,9840,10170,330
Sao-Paulo,42,9660,9990,330
Sao-Paulo,43,9480,9810,330
Sao-Paulo,44,9300,9630,330
Sao-Paulo,45,9120,9450,330
Sao-Paulo,46,8940,9270,330
Sao-Paulo,47,8760,9120,360
Sao-Paulo,48,8580,8940,360
Sao-Paulo,49,8400,8760,360
Sao-Paulo,50,8220,8580,360
Sao-Paulo,51,8040,8400,360
Sao-Paulo,52,7860,8220,360
Sao-Paulo,53,7680,8040,360
Sao-Paulo,54,7530,7860,330
Sao-Paulo,55,7350,7680,330
Sao-Paulo,56,7170,7470,300
Sao-Paulo,57,6990,7290,300
Sao-Paulo,58,6810,7110,300
Sao-Paulo,59,6630,6930,300
Sao-Paulo,60,6450,6750,300
Sao-Paulo,60,12660,12690,30
Sao-Paulo,61,6300,6570,270
Sao-Paulo,61,12450,12540,90
Sao-Paulo,62,6120,6390,270
Sao-Paulo,62,12240,12390,150
Sao-Paulo,63,5940,6180,240
Sao-Paulo,63,12060,12210,150
Sao-Paulo,64,5760,6000,240
Sao-Paulo,64,11850,12060,210
Sao-Paulo,65,5610,5820,210
Sao-Paulo,65,11670,11880,210
Sao-Paulo,66,5430,5640,210
Sao-Paulo,66,11490,11730,240
Sao-Paulo,67,5250,5430,180
Sao-Paulo,67,11310,11550,240
Sao-Paulo,68,10980,11310,330
Sao-Paulo,69,10800,11130,330
Sao-Paulo,70,10620,10950,330
Sao-Paulo,71,10440,10770,330
Sao-Paulo,72,10260,10590,330
Sao-Paulo,73,10080,10410,330
Sao-Paulo,74,9900,10230,330
Sao-Paulo,75,9720,10050,330
Sao-Paulo,76,9570,9870,300
Sao-Paulo,77,9390,9690,300
Sao-Paulo,78,9210,9510,300
Sao-Paulo,79,9030,9330,300
Sao-Paulo,80,8850,9120,270
Sao-Paulo,80,15030,15120,90
Sao-Paulo,81,8670,8940,270
Sao-Paulo,81,14820,14940,120
Sao-Paulo,82,8520,8760,240
Sao-Paulo,82,14610,14790,180
Sao-Paulo,83,8340,8580,240
Sao-Paulo,83,14430,14640,210
Sao-Paulo,84,8160,8400,240
Sao-Paulo,84,14250,14460,210
Sao-Paulo,85,8010,8190,180
Sao-Paulo,85,14040,14280,240
Sao-Paulo,86,7830,8010,180
Sao-Paulo,86,13860,14130,270
Sao-Paulo,87,7650,7800,150
Sao-Paulo,87,13680,13950,270
Sao-Paulo,88,7500,7620,120
Sao-Paulo,88,13500,13770,270
Sao-Paulo,89,7350,7410,60
Sao-Paulo,89,13320,13620,300
Sao-Paulo,90,13140,13440,300
Sao-Paulo,91,12960,13260,300
Sao-Paulo,92,12780,13080,300
Sao-Paulo,93,12600,12900,300
Sao-Paulo,94,12390,12750,360
Sao-Paulo,95,12210,12570,360
Sao-Paulo,96,12030,12390,360
Sao-Paulo,97,11850,12210,360
Sao-Paulo,98,11670,12030,360
Sao-Paulo,99,11490,11850,360
Sao-Paulo,100,11340,11670,330
Sao-Paulo,101,11160,11490,330
Sao-Paulo,102,10920,11130,210
Sao-Paulo,102,17010,17190,180
Sao-Paulo,103,10740,10950,210
Sao-Paulo,103,16800,17040,240
Sao-Paulo,104,10560,10770,210
Sao-Paulo,104,16620,16860,240
Sao-Paulo,105,10410,10590,180
Sao-Paulo,105,16440,16680,240
Sao-Paulo,106,10230,10380,150
Sao-Paulo,106,16260,16530,270
Sao-Paulo,107,10080,10200,120
Sao-Paulo,107,16080,16350,270
Sao-Paulo,108,9900,9990,90
Sao-Paulo,108,15870,16170,300
Sao-Paulo,109,9750,9780,30
Sao-Paulo,109,15690,15990,300
Sao-Paulo,110,15510,15840,330
Sao-Paulo,111,15330,15660,330
Sao-Paulo,112,15150,15480,330
Sao-Paulo,113,14970,15300,330
Sao-Paulo,114,14790,15120,330
Sao-Paulo,115,14610,14940,330
Sao-Paulo,116,14430,14790,360
Sao-Paulo,117,14250,14610,360
Sao-Paulo,118,14070,14430,360
Sao-Paulo,119,13890,14250,360
Sao-Paulo,120,13710,14070,360
Sao-Paulo,121,13530,13890,360
Sao-Paulo,122,13350,13710,360
Sao-Paulo,123,13170,13530,360
Sao-Paulo,124,12990,13350,360
Sao-Paulo,125,12840,13170,330
Sao-Paulo,126,12660,12990,330
Sao-Paulo,127,12480,12810,330
Sao-Paulo,128,12300,12630,330
Sao-Paulo,129,12120,12450,330
Sao-Paulo,130,11940,12270,330
Sao-Paulo,131,11760,12060,300
Sao-Paulo,132,11610,11880,270
Sao-Paulo,133,11430,11700,270
Sao-Paulo,133,17580,17670,90
Sao-Paulo,134,11250,11520,270
Sao-Paulo,134,17400,17520,120
Sao-Paulo,135,11070,11340,270
Sao-Paulo,135,17190,17370,180
Sao-Paulo,136,16830,17160,330
Sao-Paulo,137,16650,16980,330
Sao-Paulo,138,16470,16800,330
Sao-Paulo,139,16290,16620,330
Sao-Paulo,140,16110,16440,330
Sao-Paulo,141,15930,16260,330
Sao-Paulo,142,15750,16110,360
Sao-Paulo,143,15570,15900,330
Sao-Paulo,144,15390,15720,330
Sao-Paulo,145,15210,15540,330
Sao-Paulo,146,15030,15360,330
Sao-Paulo,147,14880,15180,300
Sao-Paulo,148,14700,15000,300
Sao-Paulo,149,14520,14820,300
Sao-Paulo,150,14340,14640,300
Sao-Paulo,151,14160,14460,300
Sao-Paulo,152,13980,14280,300
Sao-Paulo,153,13830,14100,270
Sao-Paulo,154,13650,13890,240
Sao-Paulo,155,13470,13710,240
Sao-Paulo,156,13290,13530,240
Sao-Paulo,157,13140,13350,210
Sao-Paulo,158,12960,13140,180
Sao-Paulo,159,12810,12960,150
Sao-Paulo,160,12630,12750,120
Sao-Paulo,161,12480,12570,90
Sao-Paulo,162,12330,12360,30
Sao-Paulo,164,17910,18000,90
Sao-Paulo,165,17730,18000,270
Sao-Paulo,166,17550,17880,330
Sao-Paulo,167,17370,17700,330
Sao-Paulo,168,17190,17520,330
Sao-Paulo,169,17010,17340,330
Sao-Paulo,170,16740,17040,300
Sao-Paulo,171,16560,16830,270
Sao-Paulo,172,16380,16650,270
Sao-Paulo,173,16200,16470,270
Sao-Paulo,174,16050,16290,240
Sao-Paulo,175,15870,16110,240
Sao-Paulo,176,15690,15900,210
Sao-Paulo,177,15540,15720,180
Sao-Paulo,178,15360,15540,180
Sao-Paulo,179,15210,15330,120
Sao-Paulo,180,15030,15120,90
Sao-Paulo,181,14880,14940,60
Sao-Paulo,197,17970,18000,30
Sao-Paulo,198,17790,18000,210
Sao-Paulo,199,17610,17940,330
Sao-Paulo,200,17430,17760,330
Sao-Paulo,201,17250,17580,330
Sao-Paulo,202,17070,17400,330
Sao-Paulo,203,16920,17220,300
Sao-Paulo,231,17940,18000,60
Sao-Paulo,232,17760,17910,150
Sao-Paulo,233,17610,17700,90
Sao-Paulo,234,17430,17490,60
Sao-Paulo,347,2310,2370,60
Sao-Paulo,348,2100,2220,120
Sao-Paulo,349,1920,2040,120
Sao-Paulo,350,1710,1890,180
Sao-Paulo,351,1530,1710,180
Sao-Paulo,352,1320,1530,210
Sao-Paulo,353,1140,1380,240
Sao-Paulo,354,960,1200,240
Sao-Paulo,355,780,1020,240
Sao-Paulo,356,570,870,300
Sao-Paulo,357,390,690,300
Sao-Paulo,358,210,510,300
Sao-Paulo,359,30,330,300
Sao-Paulo,360,0,150,150
Sao-Paulo,374,3330,3600,270
Sao-Paulo,375,3150,3420,270
Sao-Paulo,376,2970,3240,270
Sao-Paulo,377,2790,3090,300
Sao-Paulo,378,2610,2910,300
Sao-Paulo,379,2430,2730,300
Sao-Paulo,380,2220,2550,330
Sao-Paulo,381,2040,2370,330
Sao-Paulo,382,1860,2190,330
Sao-Paulo,383,1680,2010,330
Sao-Paulo,384,1500,1860,360
Sao-Paulo,385,1320,1680,360
Sao-Paulo,386,1140,1500,360
Sao-Paulo,387,960,1320,360
Sao-Paulo,388,780,1140,360
Sao-Paulo,389,600,960,360
Sao-Paulo,390,420,780,360
Sao-Paulo,391,240,600,360
Sao-Paulo,392,60,420,360
Sao-Paulo,393,0,240,240
Sao-Paulo,394,0,60,60
Sao-Paulo,400,4890,4920,30
Sao-Paulo,401,4680,4770,90
Sao-Paulo,402,4470,4620,150
Sao-Paulo,403,4290,4440,150
Sao-Paulo,404,4080,4290,210
Sao-Paulo,405,3900,4110,210
Sao-Paulo,406,3720,3930,210
Sao-Paulo,407,3540,3780,240
Sao-Paulo,408,3180,3540,360
Sao-Paulo,409,3000,3360,360
Sao-Paulo,410,2820,3180,360
Sao-Paulo,411,2640,3000,360
Sao-Paulo,412,2460,2820,360
Sao-Paulo,413,2280,2640,360
Sao-Paulo,414,2100,2460,360
Sao-Paulo,415,1950,2280,330
Sao-Paulo,416,1770,2100,330
Sao-Paulo,417,1590,1920,330
Sao-Paulo,418,1410,1710,300
Sao-Paulo,419,1230,1530,300
Sao-Paulo,419,7470,7470,0
Sao-Paulo,420,1080,1350,270
Sao-Paulo,420,7260,7350,90
Sao-Paulo,421,900,1170,270
Sao-Paulo,421,7050,7170,120
Sao-Paulo,422,720,990,270
Sao-Paulo,422,6870,7020,150
Sao-Paulo,423,540,810,270
Sao-Paulo,423,6660,6840,180
Sao-Paulo,424,390,630,240
Sao-Paulo,424,6480,6690,210
Sao-Paulo,425,210,420,210
Sao-Paulo,425,6270,6510,240
Sao-Paulo,426,60,240,180
Sao-Paulo,426,6090,6330,240
Sao-Paulo,427,0,60,60
Sao-Paulo,427,5910,6150,240
Sao-Paulo,428,5730,6000,270
Sao-Paulo,429,5550,5820,270
Sao-Paulo,430,5340,5640,300
Sao-Paulo,431,5160,5460,300
Sao-Paulo,432,4980,5280,300
Sao-Paulo,433,4800,5130,330
Sao-Paulo,434,4620,4950,330
Sao-Paulo,435,4440,4770,330
Sao-Paulo,436,4260,4590,330
Sao-Paulo,437,4080,4410,330
Sao-Paulo,438,3900,4230,330
Sao-Paulo,439,3720,4050,330
Sao-Paulo,440,3540,3870,330
Sao-Paulo,441,3360,3690,330
Sao-Paulo,442,3120,3360,240
Sao-Paulo,442,9240,9420,180
Sao-Paulo,443,2940,3180,240
Sao-Paulo,443,9030,9240,210
Sao-Paulo,444,2790,3000,210
Sao-Paulo,444,8850,9060,210
Sao-Paulo,445,2610,2820,210
Sao-Paulo,445,8670,8910,240
Sao-Paulo,446,2460,2610,150
Sao-Paulo,446,8490,8730,240
Sao-Paulo,447,2280,2430,150
Sao-Paulo,447,8280,8550,270
Sao-Paulo,448,2130,2220,90
Sao-Paulo,448,8100,8370,270
Sao-Paulo,449,7920,8220,300
Sao-Paulo,450,7740,8040,300
Sao-Paulo,451,7560,7860,300
Sao-Paulo,452,7380,7680,300
Sao-Paulo,453,7200,7500,300
Sao-Paulo,454,7020,7320,300
Sao-Paulo,455,6840,7170,330
Sao-Paulo,456,6630,6990,360
Sao-Paulo,457,6450,6810,360
Sao-Paulo,458,6270,6630,360
Sao-Paulo,459,6090,6450,360
Sao-Paulo,460,5910,6270,360
Sao-Paulo,461,5760,6090,330
Sao-Paulo,462,5580,5910,330
Sao-Paulo,463,5400,5730,330
Sao-Paulo,464,5220,5550,330
Sao-Paulo,465,5040,5370,330
Sao-Paulo,466,4860,5190,330
Sao-Paulo,467,4680,5010,330
Sao-Paulo,468,4500,4830,330
Sao-Paulo,469,4320,4650,330
Sao-Paulo,470,4140,4470,330
Sao-Paulo,471,3990,4290,300
Sao-Paulo,472,3810,4110,300
Sao-Paulo,473,3630,3930,300
Sao-Paulo,473,9810,9900,90
Sao-Paulo,474,3450,3750,300
Sao-Paulo,474,9630,9750,120
Sao-Paulo,475,3300,3570,270
Sao-Paulo,475,9420,9570,150
Sao-Paulo,476,9030,9360,330
Sao-Paulo,477,8850,9210,360
Sao-Paulo,478,8670,9030,360
Sao-Paulo,479,8490,8850,360
Sao-Paulo,480,8310,8670,360
Sao-Paulo,481,8130,8490,360
Sao-Paulo,482,7950,8310,360
Sao-Paulo,483,7770,8130,360
Sao-Paulo,484,7590,7950,360
Sao-Paulo,485,7410,7770,360
Sao-Paulo,486,7260,7590,330
Sao-Paulo,487,7080,7410,330
Sao-Paulo,488,6900,7230,330
Sao-Paulo,489,6720,7050,330
Sao-Paulo,490,6540,6870,330
Sao-Paulo,491,6360,6690,330
Sao-Paulo,492,6210,6510,300
Sao-Paulo,492,12390,12450,60
Sao-Paulo,493,6030,6300,270
Sao-Paulo,493,12180,12300,120
Sao-Paulo,494,5850,6120,270
Sao-Paulo,494,12000,12150,150
Sao-Paulo,495,5700,5940,240
Sao-Paulo,495,11790,11970,180
Sao-Paulo,496,5520,5760,240
Sao-Paulo,496,11610,11820,210
Sao-Paulo,497,5340,5580,240
Sao-Paulo,497,11430,11640,210
Sao-Paulo,498,5190,5370,180
Sao-Paulo,498,11250,11460,210
Sao-Paulo,499,5010,5190,180
Sao-Paulo,499,11040,11310,270
Sao-Paulo,500,4860,4980,120
Sao-Paulo,500,10860,11130,270
Sao-Paulo,501,4710,4800,90
Sao-Paulo,501,10680,10950,270
Sao-Paulo,502,4560,4560,0
Sao-Paulo,502,10500,10770,270
Sao-Paulo,503,10320,10590,270
Sao-Paulo,504,10110,10440,330
Sao-Paulo,505,9930,10260,330
Sao-Paulo,506,9750,10080,330
Sao-Paulo,507,9570,9900,330
Sao-Paulo,508,9390,9720,330
Sao-Paulo,509,9210,9540,330
Sao-Paulo,510,8940,9240,300
Sao-Paulo,511,8760,9060,300
Sao-Paulo,511,14970,15030,60
Sao-Paulo,512,8610,8880,270
Sao-Paulo,512,14760,14880,120
Sao-Paulo,513,8430,8700,270
Sao-Paulo,513,14580,14700,120
Sao-Paulo,514,8250,8520,270
Sao-Paulo,514,14370,14550,180
Sao-Paulo,515,8070,8340,270
Sao-Paulo,515,14190,14370,180
Sao-Paulo,516,7920,8130,210
Sao-Paulo,516,13980,14220,240
Sao-Paulo,517,7740,7950,210
Sao-Paulo,517,13800,14040,240
Sao-Paulo,518,7590,7770,180
Sao-Paulo,518,13620,13860,240
Sao-Paulo,519,7410,7560,150
Sao-Paulo,519,13440,13680,240
Sao-Paulo,520,7260,7380,120
Sao-Paulo,520,13260,13530,270
Sao-Paulo,521,7110,7170,60
Sao-Paulo,521,13050,13350,300
Sao-Paulo,522,12870,13170,300
Sao-Paulo,523,12690,12990,300
Sao-Paulo,524,12510,12810,300
Sao-Paulo,525,12330,12660,330
Sao-Paulo,526,12150,12480,330
Sao-Paulo,527,11970,12300,330
Sao-Paulo,528,11790,12120,330
Sao-Paulo,529,11610,11940,330
Sao-Paulo,530,11430,11760,330
Sao-Paulo,531,11250,11580,330
Sao-Paulo,532,11070,11400,330
Sao-Paulo,533,10890,11220,330
Sao-Paulo,534,10710,11040,330
Sao-Paulo,535,10530,10860,330
Sao-Paulo,536,10350,10680,330
Sao-Paulo,537,10170,10530,360
Sao-Paulo,538,9990,10350,360
Sao-Paulo,539,9810,10170,360
Sao-Paulo,540,9630,9960,330
Sao-Paulo,541,9450,9780,330
Sao-Paulo,542,9300,9600,300
Sao-Paulo,543,9120,9420,300
Sao-Paulo,544,14910,15210,300
Sao-Paulo,545,14700,15030,330
Sao-Paulo,546,14520,14850,330
Sao-Paulo,547,14340,14700,360
Sao-Paulo,548,14160,14520,360
Sao-Paulo,549,13980,14340,360
Sao-Paulo,550,13800,14160,360
Sao-Paulo,551,13620,13980,360
Sao-Paulo,552,13440,13800,360
Sao-Paulo,553,13260,13620,360
Sao-Paulo,554,13080,13440,360
Sao-Paulo,555,12930,13260,330
Sao-Paulo,556,12750,13080,330
Sao-Paulo,557,12570,12900,330
Sao-Paulo,558,12390,12720,330
Sao-Paulo,559,12210,12540,330
Sao-Paulo,560,12030,12360,330
Sao-Paulo,561,11850,12180,330
Sao-Paulo,562,11670,12000,330
Sao-Paulo,563,11520,11820,300
Sao-Paulo,564,11340,11640,300
Sao-Paulo,564,17550,17580,30
Sao-Paulo,565,11160,11460,300
Sao-Paulo,565,17340,17430,90
Sao-Paulo,566,10980,11280,300
Sao-Paulo,566,17130,17280,150
Sao-Paulo,567,10830,11070,240
Sao-Paulo,567,16950,17100,150
Sao-Paulo,568,10650,10890,240
Sao-Paulo,568,16740,16950,210
Sao-Paulo,569,10470,10710,240
Sao-Paulo,569,16560,16770,210
Sao-Paulo,570,10320,10530,210
Sao-Paulo,570,16380,16590,210
Sao-Paulo,571,10140,10320,180
Sao-Paulo,571,16200,16440,240
Sao-Paulo,572,9990,10140,150
Sao-Paulo,572,15990,16260,270
Sao-Paulo,573,9840,9930,90
Sao-Paulo,573,15810,16080,270
Sao-Paulo,574,9690,9720,30
Sao-Paulo,574,15630,15900,270
Sao-Paulo,575,15450,15750,300
Sao-Paulo,576,15270,15570,300
Sao-Paulo,577,15090,15390,300
Sao-Paulo,578,14790,15120,330
Sao-Paulo,579,14610,14940,330
Sao-Paulo,580,14430,14760,330
Sao-Paulo,581,14250,14580,330
Sao-Paulo,582,14070,14400,330
Sao-Paulo,583,13890,14190,300
Sao-Paulo,584,13740,14010,270
Sao-Paulo,585,13560,13830,270
Sao-Paulo,586,13380,13650,270
Sao-Paulo,587,13230,13470,240
Sao-Paulo,588,13050,13290,240
Sao-Paulo,589,12870,13080,210
Sao-Paulo,590,12720,12900,180
Sao-Paulo,591,12540,12720,180
Sao-Paulo,592,12390,12510,120
Sao-Paulo,593,12240,12300,60
Sao-Paulo,595,17820,18000,180
Sao-Paulo,596,17640,17970,330
Sao-Paulo,597,17460,17790,330
Sao-Paulo,598,17280,17610,330
Sao-Paulo,599,17100,17430,330
Sao-Paulo,600,16920,17250,330
Sao-Paulo,601,16740,17070,330
Sao-Paulo,602,16560,16890,330
Sao-Paulo,603,16380,16710,330
Sao-Paulo,604,16200,16560,360
Sao-Paulo,605,16020,16380,360
Sao-Paulo,606,15840,16200,360
Sao-Paulo,607,15660,16020,360
Sao-Paulo,608,15480,15840,360
Sao-Paulo,609,15300,15660,360
Sao-Paulo,610,15120,15480,360
Sao-Paulo,611,14940,15300,360
Sao-Paulo,612,14790,14880,90
Sao-Paulo,628,17880,18000,120
Sao-Paulo,629,17700,18000,300
Sao-Paulo,630,17520,17850,330
Sao-Paulo,631,17340,17670,330
Sao-Paulo,632,17160,17490,330
Sao-Paulo,633,16980,17310,330
Sao-Paulo,634,16830,17130,300
Sao-Paulo,635,16650,16950,300
Sao-Paulo,636,16470,16770,300
Sao-Paulo,637,16290,16590,300
Sao-Paulo,638,16140,16410,270
Sao-Paulo,639,15960,16230,270
Sao-Paulo,640,15780,16050,270
Sao-Paulo,641,15600,15840,240
Sao-Paulo,642,15450,15660,210
Sao-Paulo,643,15270,15480,210
Sao-Paulo,644,15120,15270,150
Sao-Paulo,645,14970,15090,120
Sao-Paulo,661,18000,18000,0
Sao-Paulo,662,17850,18000,150
Sao-Paulo,663,17670,17850,180
Sao-Paulo,664,17520,17670,150
Sao-Paulo,665,17370,17460,90
Sao-Paulo,666,17220,17220,0
Sao-Paulo,1051,0,30,30
Sao-Paulo,1071,2370,2430,60
Sao-Paulo,1072,2160,2280,120
Sao-Paulo,1073,1950,2130,180
Sao-Paulo,1074,1770,1950,180
Sao-Paulo,1075,1590,1800,210
Sao-Paulo,1076,1380,1620,240
Sao-Paulo,1077,1200,1470,270
Sao-Paulo,1078,1020,1290,270
Sao-Paulo,1079,840,1110,270
Sao-Paulo,1080,660,930,270
Sao-Paulo,1081,480,780,300
Sao-Paulo,1082,300,600,300
Sao-Paulo,1083,90,420,330
Sao-Paulo,1084,0,240,240
Sao-Paulo,1085,0,60,60
Sao-Paulo,1090,4920,5010,90
Sao-Paulo,1091,4740,4860,120
Sao-Paulo,1092,4530,4680,150
Sao-Paulo,1093,4350,4530,180
Sao-Paulo,1094,4140,4350,210
Sao-Paulo,1095,3960,4200,240
Sao-Paulo,1096,3780,4020,240
Sao-Paulo,1097,3600,3870,270
Sao-Paulo,1098,3420,3690,270
Sao-Paulo,1099,3210,3510,300
Sao-Paulo,1100,3030,3330,300
Sao-Paulo,1101,2850,3180,330
Sao-Paulo,1102,2670,3000,330
Sao-Paulo,1103,2490,2820,330
Sao-Paulo,1104,2310,2640,330
Sao-Paulo,1105,2130,2460,330
Sao-Paulo,1106,1950,2280,330
Sao-Paulo,1107,1770,2100,330
Sao-Paulo,1108,1590,1950,360
Sao-Paulo,1109,1410,1770,360
Sao-Paulo,1110,1230,1590,360
Sao-Paulo,1111,1050,1410,360
Sao-Paulo,1112,870,1230,360
Sao-Paulo,1113,690,1050,360
Sao-Paulo,1114,510,870,360
Sao-Paulo,1115,330,690,360
Sao-Paulo,1116,150,510,360
Sao-Paulo,1117,0,330,330
Sao-Paulo,1118,0,150,150
Sao-Paulo,1122,5070,5370,300
Sao-Paulo,1123,4890,5220,330
Sao-Paulo,1124,4710,5040,330
Sao-Paulo,1125,4530,4860,330
Sao-Paulo,1126,4350,4680,330
Sao-Paulo,1127,4170,4500,330
Sao-Paulo,1128,3990,4320,330
Sao-Paulo,1129,3810,4140,330
Sao-Paulo,1130,3630,3960,330
Sao-Paulo,1131,3450,3780,330
Sao-Paulo,1132,3270,3600,330
Sao-Paulo,1133,3090,3420,330
Sao-Paulo,1134,2910,3240,330
Sao-Paulo,1135,2730,3060,330
Sao-Paulo,1136,2550,2880,330
Sao-Paulo,1137,2370,2700,330
Sao-Paulo,1138,2190,2520,330
Sao-Paulo,1139,2040,2340,300
Sao-Paulo,1140,1860,2160,300
Sao-Paulo,1141,1680,1980,300
Sao-Paulo,1142,1500,1800,300
Sao-Paulo,1143,1320,1620,300
Sao-Paulo,1143,7500,7560,60
Sao-Paulo,1144,1170,1440,270
Sao-Paulo,1144,7290,7410,120
Sao-Paulo,1145,990,1230,240
Sao-Paulo,1145,7110,7260,150
Sao-Paulo,1146,810,1050,240
Sao-Paulo,1146,6900,7080,180
Sao-Paulo,1147,630,870,240
Sao-Paulo,1147,6720,6930,210
Sao-Paulo,1148,480,690,210
Sao-Paulo,1148,6540,6750,210
Sao-Paulo,1149,300,480,180
Sao-Paulo,1149,6360,6600,240
Sao-Paulo,1150,120,300,180
Sao-Paulo,1150,6150,6420,270
Sao-Paulo,1151,0,90,90
Sao-Paulo,1151,5970,6240,270
Sao-Paulo,1152,5790,6090,300
Sao-Paulo,1153,5610,5910,300
Sao-Paulo,1154,5430,5730,300
Sao-Paulo,1155,5250,5550,300
Sydney,0,15180,15510,330
Sydney,1,15000,15330,330
Sydney,2,14820,15150,330
Sydney,3,14640,14970,330
Sydney,4,14460,14790,330
Sydney,5,14280,14610,330
Sydney,6,14100,14430,330
Sydney,7,13920,14250,330
Sydney,8,13740,14070,330
Sydney,9,13560,13890,330
Sydney,10,13380,13710,330
Sydney,11,13200,13530,330
Sydney,12,13020,13350,330
Sydney,13,12840,13170,330
Sydney,14,12690,12990,300
Sydney,15,12510,12810,300
Sydney,16,12330,12630,300
Sydney,17,12150,12450,300
Sydney,18,11970,12270,300
Sydney,19,11820,12090,270
Sydney,19,17910,18000,90
Sydney,20,11640,11910,270
Sydney,20,17730,17970,240
Sydney,21,11460,11730,270
Sydney,21,17520,17820,300
Sydney,22,11280,11550,270
Sydney,22,17340,17640,300
Sydney,23,11130,11370,240
Sydney,23,17160,17460,300
Sydney,24,10950,11160,210
Sydney,24,16980,17280,300
Sydney,25,10800,10980,180
Sydney,25,16800,17100,300
Sydney,26,10620,10800,180
Sydney,26,16620,16920,300
Sydney,27,10470,10590,120
Sydney,27,16440,16740,300
Sydney,28,10290,10410,120
Sydney,28,16260,16590,330
Sydney,29,10140,10200,60
Sydney,29,16080,16410,330
Sydney,30,15900,16230,330
Sydney,31,15720,16050,330
Sydney,32,15540,15870,330
Sydney,33,15360,15690,330
Sydney,34,15060,15390,330
Sydney,35,14910,15210,300
Sydney,36,14730,15030,300
Sydney,37,14550,14850,300
Sydney,38,14370,14670,300
Sydney,39,14190,14490,300
Sydney,40,14040,14280,240
Sydney,41,13860,14100,240
Sydney,42,13680,13920,240
Sydney,43,13530,13740,210
Sydney,44,13350,13560,210
Sydney,45,13170,13350,180
Sydney,46,13020,13170,150
Sydney,47,12870,12990,120
Sydney,48,12720,12780,60
Sydney,52,17910,18000,90
Sydney,53,17730,18000,270
Sydney,54,17550,17910,360
Sydney,55,17370,17730,360
Sydney,56,17190,17550,360
Sydney,57,17010,17370,360
Sydney,58,16830,17190,360
Sydney,59,16650,17010,360
Sydney,60,16470,16830,360
Sydney,61,16290,16650,360
Sydney,62,16140,16470,330
Sydney,63,15960,16290,330
Sydney,64,15780,16110,330
Sydney,65,15600,15930,330
Sydney,66,15420,15750,330
Sydney,67,15240,15570,330
Sydney,68,15120,15120,0
Sydney,85,18000,18000,0
Sydney,86,17820,18000,180
Sydney,87,17640,17970,330
Sydney,88,17460,17790,330
Sydney,89,17280,17610,330
Sydney,90,17100,17400,300
Sydney,91,16950,17220,270
Sydney,92,16770,17040,270
Sydney,93,16590,16860,270
Sydney,94,16440,16680,240
Sydney,95,16260,16500,240
Sydney,96,16080,16320,240
Sydney,97,15930,16110,180
Sydney,98,15750,15930,180
Sydney,99,15600,15750,150
Sydney,100,15420,15540,120
Sydney,101,15270,15360,90
Sydney,119,18000,18000,0
Sydney,120,17820,17910,90
Sydney,121,17700,17700,0
Sydney,568,1020,1080,60
Sydney,569,840,930,90
Sydney,570,630,780,150
Sydney,571,450,630,180
Sydney,572,240,450,210
Sydney,573,60,270,210
Sydney,574,0,120,120
Sydney,587,3600,3660,60
Sydney,588,3390,3510,120
Sydney,589,3210,3360,150
Sydney,590,3000,3180,180
Sydney,591,2820,3030,210
Sydney,592,2640,2850,210
Sydney,593,2460,2670,210
Sydney,594,2250,2520,270
Sydney,595,2070,2340,270
Sydney,596,1890,2160,270
Sydney,597,1710,2010,300
Sydney,598,1530,1830,300
Sydney,599,1350,1650,300
Sydney,600,1170,1470,300
Sydney,601,990,1290,300
Sydney,602,810,1140,330
Sydney,603,630,960,330
Sydney,604,450,780,330
Sydney,605,270,600,330
Sydney,606,90,420,330
Sydney,607,0,240,240
Sydney,608,0,60,60
Sydney,612,5010,5250,240
Sydney,613,4830,5070,240
Sydney,614,4650,4920,270
Sydney,615,4470,4740,270
Sydney,616,4290,4560,270
Sydney,617,4110,4380,270
Sydney,618,3930,4230,300
Sydney,619,3720,4050,330
Sydney,620,3540,3870,330
Sydney,621,3360,3690,330
Sydney,622,3180,3510,330
Sydney,623,3000,3330,330
Sydney,624,2820,3180,360
Sydney,625,2640,3000,360
Sydney,626,2460,2820,360
Sydney,627,2280,2640,360
Sydney,628,2100,2460,360
Sydney,629,1920,2280,360
Sydney,630,1740,2100,360
Sydney,631,1560,1920,360
Sydney,632,1380,1740,360
Sydney,633,1230,1560,330
Sydney,634,1050,1380,330
Sydney,635,870,1200,330
Sydney,636,690,1020,330
Sydney,637,510,840,330
Sydney,638,330,660,330
Sydney,639,150,480,330
Sydney,640,0,300,300
Sydney,640,6180,6210,30
Sydney,641,0,120,120
Sydney,641,5970,6060,90
Sydney,642,5790,5910,120
Sydney,643,5580,5760,180
Sydney,644,5400,5580,180
Sydney,645,5220,5430,210
Sydney,646,4860,5190,330
Sydney,647,4680,5040,360
Sydney,648,4500,4860,360
Sydney,649,4320,4680,360
Sydney,650,4140,4500,360
Sydney,651,3960,4320,360
Sydney,652,3780,4140,360
Sydney,653,3600,3960,360
Sydney,654,3420,3780,360
Sydney,655,3240,3600,360
Sydney,656,3060,3420,360
Sydney,657,2910,3240,330
Sydney,658,2730,3060,330
Sydney,659,2550,2880,330
Sydney,659,8760,8760,0
Sydney,660,2370,2700,330
Sydney,660,8550,8640,90
Sydney,661,2190,2520,330
Sydney,661,8340,8490,150
Sydney,662,2010,2310,300
Sydney,662,8160,8310,150
Sydney,663,1830,2130,300
Sydney,663,7950,8160,210
Sydney,664,1650,1950,300
Sydney,664,7770,7980,210
Sydney,665,1470,1770,300
Sydney,665,7590,7800,210
Sydney,666,1320,1590,270
Sydney,666,7410,7650,240
Sydney,667,1140,1410,270
Sydney,667,7230,7470,240
Sydney,668,960,1230,270
Sydney,668,7020,7290,270
Sydney,669,780,1050,270
Sydney,669,6840,7140,300
Sydney,670,600,870,270
Sydney,670,6660,6960,300
Sydney,671,420,660,240
Sydney,671,6480,6780,300
Sydney,672,270,480,210
Sydney,672,6300,6600,300
Sydney,673,90,300,210
Sydney,673,6120,6450,330
Sydney,674,0,120,120
Sydney,674,5940,6270,330
Sydney,675,5760,6090,330
Sydney,676,5580,5910,330
Sydney,677,5400,5730,330
Sydney,678,5220,5550,330
Sydney,679,5040,5370,330
Sydney,680,4770,5070,300
Sydney,680,10920,11040,120
Sydney,681,4590,4890,300
Sydney,681,10710,10890,180
Sydney,682,4410,4710,300
Sydney,682,10530,10710,180
Sydney,683,4230,4530,300
Sydney,683,10350,10560,210
Sydney,684,4050,4350,300
Sydney,684,10170,10380,210
Sydney,685,3870,4170,300
Sydney,685,9960,10200,240
Sydney,686,3690,3990,300
Sydney,686,9780,10050,270
Sydney,687,3510,3780,270
Sydney,687,9600,9870,270
Sydney,688,3360,3600,240
Sydney,688,9420,9690,270
Sydney,689,3180,3420,240
Sydney,689,9240,9510,270
Sydney,690,3000,3240,240
Sydney,690,9060,9360,300
Sydney,691,2820,3060,240
Sydney,691,8880,9180,300
Sydney,692,2640,2880,240
Sydney,692,8700,9000,300
Sydney,693,2490,2670,180
Sydney,693,8520,8820,300
Sydney,694,2310,2490,180
Sydney,694,8340,8640,300
Sydney,695,2130,2310,180
Sydney,695,8160,8490,330
Sydney,696,1950,2100,150
Sydney,696,7980,8310,330
Sydney,697,1800,1920,120
Sydney,697,7800,8130,330
Sydney,698,1620,1740,120
Sydney,698,7620,7950,330
Sydney,699,1470,1530,60
Sydney,699,7440,7770,330
Sydney,700,1290,1320,30
Sydney,700,7260,7590,330
Sydney,701,7080,7410,330
Sydney,702,6900,7230,330
Sydney,703,6720,7050,330
Sydney,704,6540,6870,330
Sydney,705,6360,6690,330
Sydney,706,6180,6510,330
Sydney,707,6000,6330,330
Sydney,708,5820,6150,330
Sydney,709,5640,5970,330
Sydney,710,5460,5790,330
Sydney,711,5280,5610,330
Sydney,712,5100,5430,330
Sydney,713,4920,5250,330
Sydney,713,11130,11190,60
Sydney,714,4710,4860,150
Sydney,714,10710,11040,330
Sydney,715,4530,4680,150
Sydney,715,10530,10860,330
Sydney,716,4350,4500,150
Sydney,716,10350,10680,330
Sydney,717,4200,4290,90
Sydney,717,10170,10530,360
Sydney,718,4020,4110,90
Sydney,718,9990,10350,360
Sydney,719,3870,3900,30
Sydney,719,9810,10170,360
Sydney,720,9630,9990,360
Sydney,721,9450,9810,360
Sydney,722,9270,9630,360
Sydney,723,9090,9450,360
Sydney,724,8910,9270,360
Sydney,725,8730,9090,360
Sydney,726,8550,8910,360
Sydney,727,8400,8730,330
Sydney,728,8220,8550,330
Sydney,729,8040,8370,330
Sydney,730,7860,8190,330
Sydney,731,7680,8010,330
Sydney,732,7500,7830,330
Sydney,732,13680,13770,90
Sydney,733,7320,7650,330
Sydney,733,13500,13620,120
Sydney,734,7140,7470,330
Sydney,734,13290,13440,150
Sydney,735,6960,7290,330
Sydney,735,13110,13290,180
Sydney,736,6780,7110,330
Sydney,736,12930,13110,180
Sydney,737,6630,6900,270
Sydney,737,12720,12960,240
Sydney,738,6450,6720,270
Sydney,738,12540,12780,240
Sydney,739,6270,6540,270
Sydney,739,12360,12600,240
Sydney,740,6090,6360,270
Sydney,740,12180,12450,270
Sydney,741,5910,6180,270
Sydney,741,12000,12270,270
Sydney,742,5730,6000,270
Sydney,742,11820,12090,270
Sydney,743,5580,5820,240
Sydney,743,11610,11910,300
Sydney,744,5400,5610,210
Sydney,744,11430,11730,300
Sydney,745,5220,5430,210
Sydney,745,11250,11580,330
Sydney,746,5040,5250,210
Sydney,746,11070,11400,330
Sydney,747,4860,5070,210
Sydney,747,10890,11220,330
Sydney,748,10590,10950,360
Sydney,749,10410,10770,360
Sydney,750,10260,10590,330
Sydney,751,10080,10410,330
Sydney,751,16260,16320,60
Sydney,752,9900,10200,300
Sydney,752,16050,16170,120
Sydney,753,9720,10020,300
Sydney,753,15870,16020,150
Sydney,754,9540,9840,300
Sydney,754,15690,15840,150
Sydney,755,9360,9660,300
Sydney,755,15480,15690,210
Sydney,756,9180,9480,300
Sydney,756,15300,15510,210
Sydney,757,9000,9300,300
Sydney,757,15120,15330,210
Sydney,758,8820,9120,300
Sydney,758,14940,15180,240
Sydney,759,8670,8940,270
Sydney,759,14730,15000,270
Sydney,760,8490,8760,270
Sydney,760,14550,14820,270
Sydney,761,8310,8550,240
Sydney,761,14370,14670,300
Sydney,762,8130,8370,240
Sydney,762,14190,14490,300
Sydney,763,7950,8190,240
Sydney,763,14010,14310,300
Sydney,764,7800,8010,210
Sydney,764,13830,14130,300
Sydney,765,7620,7830,210
Sydney,765,13650,13950,300
Sydney,766,7440,7620,180
Sydney,766,13470,13800,330
Sydney,767,7260,7440,180
Sydney,767,13290,13620,330
Sydney,768,7110,7260,150
Sydney,768,13110,13440,330
Sydney,769,6930,7080,150
Sydney,769,12930,13260,330
Sydney,770,6750,6870,120
Sydney,770,12750,13080,330
Sydney,771,6600,6690,90
Sydney,771,12570,12900,330
Sydney,772,6420,6480,60
Sydney,772,12390,12720,330
Sydney,773,12210,12540,330
Sydney,774,12030,12360,330
Sydney,775,11850,12210,360
Sydney,776,11670,12030,360
Sydney,777,11490,11850,360
Sydney,778,11310,11670,360
Sydney,779,11130,11490,360
Sydney,780,10950,11310,360
Sydney,781,10770,11130,360
Sydney,782,10530,10770,240
Sydney,782,16590,16890,300
Sydney,783,10350,10590,240
Sydney,783,16410,16710,300
Sydney,784,10170,10380,210
Sydney,784,16200,16530,330
Sydney,785,10020,10200,180
Sydney,785,16020,16350,330
Sydney,786,9840,10020,180
Sydney,786,15840,16170,330
Sydney,787,9660,9840,180
Sydney,787,15660,15990,330
Sydney,788,9480,9630,150
Sydney,788,15480,15840,360
Sydney,789,9330,9450,120
Sydney,789,15300,15660,360
Sydney,790,9150,9240,90
Sydney,790,15120,15480,360
Sydney,791,9000,9060,60
Sydney,791,14940,15300,360
Sydney,792,8850,8850,0
Sydney,792,14760,15120,360
Sydney,793,14580,14940,360
Sydney,794,14400,14760,360
Sydney,795,14250,14580,330
Sydney,796,14070,14400,330
Sydney,797,13890,14220,330
Sydney,798,13710,14040,330
Sydney,799,13530,13860,330
Sydney,800,13350,13680,330
Sydney,801,13170,13500,330
Sydney,802,12990,13320,330
Sydney,803,12810,13140,330
Sydney,804,12630,12960,330
Sydney,805,12450,12780,330
Sydney,806,12270,12600,330
Sydney,807,12120,12420,300
Sydney,808,11940,12240,300
Sydney,809,11760,12060,300
Sydney,809,17880,18000,120
Sydney,810,11580,11880,300
Sydney,810,17670,17910,240
Sydney,811,11400,11700,300
Sydney,811,17490,17730,240
Sydney,812,11220,11490,270
Sydney,812,17310,17580,270
Sydney,813,11040,11310,270
Sydney,813,17130,17400,270
Sydney,814,10890,11130,240
Sydney,814,16950,17220,270
Sydney,815,10710,10950,240
Sydney,815,16770,17040,270
Sydney,816,16440,16800,360
Sydney,817,16260,16620,360
Sydney,818,16080,16440,360
Sydney,819,15900,16260,360
Sydney,820,15750,16080,330
Sydney,821,15570,15900,330
Sydney,822,15390,15720,330
Sydney,823,15210,15540,330
Sydney,824,15030,15360,330
Sydney,825,14850,15180,330
Sydney,826,14670,15000,330
Sydney,827,14490,14790,300
Sydney,828,14310,14610,300
Sydney,829,14160,14430,270
Sydney,830,13980,14250,270
Sydney,831,13800,14070,270
Sydney,832,13620,13890,270
Sydney,833,13440,13710,270
Sydney,834,13260,13530,270
Sydney,835,13080,13320,240
Sydney,836,12930,13140,210
Sydney,837,12750,12960,210
Sydney,838,12570,12780,210
Sydney,839,12390,12600,210
Sydney,840,12240,12390,150
Sydney,841,12060,12210,150
Sydney,842,11880,12030,150
Sydney,842,17880,18000,120
Sydney,843,11730,11820,90
Sydney,843,17700,18000,300
Sydney,844,11550,11640,90
Sydney,844,17520,17880,360
Sydney,845,11400,11430,30
Sydney,845,17340,17700,360
Sydney,846,17160,17520,360
Sydney,847,16980,17340,360
Sydney,848,16800,17160,360
Sydney,849,16620,16980,360
Sydney,850,16350,16650,300
Sydney,851,16200,16470,270
Sydney,852,16020,16260,240
Sydney,853,15840,16080,240
Sydney,854,15660,15900,240
Sydney,855,15480,15720,240
Sydney,856,15300,15540,240
Sydney,857,15150,15330,180
Sydney,858,14970,15150,180
Sydney,859,14790,14970,180
Sydney,860,14610,14790,180
Sydney,861,14460,14580,120
Sydney,862,14280,14400,120
Sydney,863,14130,14190,60
Sydney,864,13950,14010,60
Sydney,875,17940,18000,60
Sydney,876,17760,18000,240
Sydney,877,17580,17910,330
Sydney,878,17430,17730,300
Sydney,879,17250,17550,300
Sydney,880,17070,17370,300
Sydney,881,16890,17190,300
Sydney,882,16710,17010,300
Sydney,883,16530,16830,300
Sydney,909,17880,18000,120
Sydney,910,17700,17910,210
Sydney,911,17550,17730,180
Sydney,912,17370,17550,180
Sydney,913,17190,17340,150
Sydney,914,17010,17160,150
Sydney,915,16860,16950,90
Sydney,916,16680,16770,90
Sydney,917,16530,16560,30
Sydney,926,2400,2400,0
Sydney,927,2190,2250,60
Sydney,928,1980,2070,90
Sydney,929,1800,1920,120
Sydney,930,1590,1740,150
Sydney,931,1410,1560,150
Sydney,932,1230,1410,180
Sydney,933,1020,1230,210
Sydney,934,840,1050,210
Sydney,935,660,870,210
Sydney,936,480,720,240
Sydney,937,300,540,240
Sydney,938,90,360,270
Sydney,939,0,180,180
Sydney,940,0,0,0
Sydney,952,3600,3810,210
Sydney,953,3420,3630,210
Sydney,954,3240,3450,210
Sydney,955,3030,3270,240
Sydney,956,2850,3090,240
Sydney,957,2670,2940,270
Sydney,958,2490,2760,270
Sydney,959,2310,2580,270
Sydney,960,2130,2400,270
Sydney,961,1920,2220,300
Sydney,962,1740,2040,300
Sydney,963,1560,1860,300
Sydney,964,1380,1710,330
Sydney,965,1200,1530,330
Sydney,966,1020,1350,330
Sydney,967,840,1170,330
Sydney,968,660,990,330
Sydney,969,480,810,330
Sydney,970,300,630,330
Sydney,971,120,450,330
Sydney,972,0,270,270
Sydney,973,0,90,90
Sydney,980,4740,4800,60
Sydney,981,4560,4650,90
Sydney,982,4350,4470,120
Sydney,983,4170,4320,150
Sydney,984,3990,4140,150
Sydney,985,3780,3960,180
Sydney,986,3420,3750,330
Sydney,987,3240,3570,330
Sydney,988,3060,3390,330
Sydney,989,2880,3210,330
Sydney,990,2670,3030,360
Sydney,991,2490,2850,360
Sydney,992,2310,2670,360
Sydney,993,2160,2490,330
Sydney,994,1980,2310,330
Sydney,995,1800,2130,330
Sydney,996,1620,1950,330
Sydney,997,1440,1770,330
Sydney,998,1260,1590,330
Sydney,999,1080,1410,330
Sydney,999,7320,7380,60
Sydney,1000,900,1230,330
Sydney,1000,7140,7200,60
Sydney,1001,720,1050,330
Sydney,1001,6930,7050,120
Sydney,1002,540,870,330
Sydney,1002,6750,6870,120
Sydney,1003,360,690,330
Sydney,1003,6540,6720,180
Sydney,1004,180,510,330
Sydney,1004,6360,6540,180
Sydney,1005,0,330,330
Sydney,1005,6180,6360,180
Sydney,1006,0,150,150
Sydney,1006,5970,6180,210
Sydney,1007,5790,6030,240
Sydney,1008,5610,5850,240
Sydney,1009,5430,5670,240
Sydney,1010,5250,5490,240
Sydney,1011,5070,5310,240
Sydney,1012,4860,5130,270
Sydney,1013,4680,4980,300
Sydney,1014,4500,4800,300
Sydney,1015,4320,4620,300
Sydney,1016,4140,4440,300
Sydney,1017,3960,4260,300
Sydney,1018,3780,4080,300
Sydney,1019,3600,3900,300
Sydney,1020,3300,3630,330
Sydney,1020,9510,9600,90
Sydney,1021,3120,3450,330
Sydney,1021,9300,9450,150
Sydney,1022,2940,3270,330
Sydney,1022,9120,9270,150
Sydney,1023,2760,3090,330
Sydney,1023,8940,9090,150
Sydney,1024,2580,2910,330
Sydney,1024,8730,8940,210
Sydney,1025,2400,2730,330
Sydney,1025,8550,8760,210
Sydney,1026,2220,2550,330
Sydney,1026,8370,8580,210
Sydney,1027,2070,2370,300
Sydney,1027,8190,8400,210
Sydney,1028,1890,2190,300
Sydney,1028,8010,8250,240
Sydney,1029,1710,2010,300
Sydney,1029,7800,8070,270
Sydney,1030,1530,1830,300
Sydney,1030,7620,7890,270
Sydney,1031,1380,1620,240
Sydney,1031,7440,7710,270
Sydney,1032,1200,1440,240
Sydney,1032,7260,7530,270
Sydney,1033,1020,1260,240
Sydney,1033,7080,7350,270
Sydney,1034,870,1080,210
Sydney,1034,6900,7200,300
Sydney,1035,690,900,210
Sydney,1035,6720,7020,300
Sydney,1036,510,690,180
Sydney,1036,6510,6840,330
Sydney,1037,360,510,150
Sydney,1037,6330,6660,330
Sydney,1038,210,330,120
Sydney,1038,6150,6480,330
Sydney,1039,30,120,90
Sydney,1039,5970,6300,330
Sydney,1040,5790,6120,330
Sydney,1041,5610,5940,330
Sydney,1042,5430,5760,330
Sydney,1043,5250,5580,330
Sydney,1044,5070,5430,360
Sydney,1045,4890,5250,360
Sydney,1046,4710,5070,360
Sydney,1047,4530,4890,360
Sydney,1048,4350,4710,360
Sydney,1049,4170,4530,360
Sydney,1050,3990,4350,360
Sydney,1051,3810,4170,360
Sydney,1052,3630,3990,360
Sydney,1052,9900,9930,30
Sydney,1053,3450,3810,360
Sydney,1053,9690,9780,90
Sydney,1054,3240,3450,210
Sydney,1054,9270,9570,300
Sydney,1055,3090,3270,180
Sydney,1055,9090,9390,300
Sydney,1056,2910,3090,180
Sydney,1056,8910,9210,300
Sydney,1057,2760,2880,120
Sydney,1057,8730,9060,330
Sydney,1058,2610,2700,90
Sydney,1058,8550,8880,330
Sydney,1059,2460,2460,0
Sydney,1059,8370,8700,330
Sydney,1060,8190,8520,330
Sydney,1061,8010,8340,330
Sydney,1062,7830,8160,330
Sydney,1063,7650,7980,330
Sydney,1064,7470,7800,330
Sydney,1065,7290,7620,330
Sydney,1066,7110,7440,330
Sydney,1067,6930,7260,330
Sydney,1068,6750,7080,330
Sydney,1069,6570,6900,330
Sydney,1070,6390,6750,360
Sydney,1071,6210,6570,360
Sydney,1071,12480,12510,30
Sydney,1072,6030,6390,360
Sydney,1072,12270,12330,60
Sydney,1073,5850,6210,360
Sydney,1073,12060,12180,120
Sydney,1074,5670,6030,360
Sydney,1074,11880,12000,120
Sydney,1075,5490,5850,360
Sydney,1075,11700,11850,150
Sydney,1076,5340,5670,330
Sydney,1076,11490,11670,180
Sydney,1077,5160,5490,330
Sydney,1077,11310,11490,180
Sydney,1078,4980,5310,330
Sydney,1078,11130,11340,210
Sydney,1079,4800,5100,300
Sydney,1079,10950,11160,210
Sydney,1080,4620,4920,300
Sydney,1080,10740,10980,240
Sydney,1081,4440,4740,300
Sydney,1081,10560,10800,240
Sydney,1082,4290,4560,270
Sydney,1082,10380,10620,240
Sydney,1083,4110,4380,270
Sydney,1083,10200,10470,270
Sydney,1084,3930,4200,270
Sydney,1084,10020,10290,270
Sydney,1085,3750,4020,270
Sydney,1085,9840,10110,270
Sydney,1086,3600,3840,240
Sydney,1086,9630,9930,300
Sydney,1087,3420,3660,240
Sydney,1087,9450,9750,300
Sydney,1088,9120,9480,360
Sydney,1089,8970,9300,330
Sydney,1090,8790,9120,330
Sydney,1090,15060,15060,0
Sydney,1091,8610,8940,330
Sydney,1091,14850,14910,60
Sydney,1092,8430,8760,330
Sydney,1092,14640,14760,120
Sydney,1093,8250,8580,330
Sydney,1093,14460,14580,120
Sydney,1094,8070,8400,330
Sydney,1094,14250,14400,150
Sydney,1095,7890,8220,330
Sydney,1095,14070,14250,180
Sydney,1096,7710,8040,330
Sydney,1096,13890,14070,180
Sydney,1097,7530,7860,330
Sydney,1097,13680,13890,210
Sydney,1098,7380,7680,300
Sydney,1098,13500,13710,210
Sydney,1099,7200,7500,300
Sydney,1099,13320,13560,240
Sydney,1100,7020,7320,300
Sydney,1100,13140,13380,240
Sydney,1101,6840,7140,300
Sydney,1101,12960,13200,240
Sydney,1102,6660,6960,300
Sydney,1102,12750,13020,270
Sydney,1103,6510,6780,270
Sydney,1103,12570,12840,270
Sydney,1104,6330,6600,270
Sydney,1104,12390,12660,270
Sydney,1105,6150,6390,240
Sydney,1105,12210,12510,300
Sydney,1106,6000,6210,210
Sydney,1106,12030,12330,300
Sydney,1107,5820,6030,210
Sydney,1107,11850,12150,300
Sydney,1108,5640,5850,210
Sydney,1108,11670,11970,300
Sydney,1109,5490,5640,150
Sydney,1109,11490,11790,300
Sydney,1110,5340,5460,120
Sydney,1110,11310,11610,300
Sydney,1111,5160,5250,90
Sydney,1111,11130,11430,300
Sydney,1112,5010,5040,30
Sydney,1112,10920,11250,330
Sydney,1113,10740,11100,360
Sydney,1114,10560,10920,360
Sydney,1115,10380,10740,360
Sydney,1116,10200,10560,360
Sydney,1117,10020,10380,360
Sydney,1118,9840,10200,360
Sydney,1119,9660,10020,360
Sydney,1120,9480,9840,360
Sydney,1121,9300,9660,360
Sydney,1122,9060,9330,270
Sydney,1122,15150,15420,270
Sydney,1123,8910,9150,240
Sydney,1123,14970,15240,270
Sydney,1124,8730,8970,240
Sydney,1124,14790,15060,270
Sydney,1125,8550,8790,240
Sydney,1125,14610,14880,270
Sydney,1126,8400,8610,210
Sydney,1126,14400,14700,300
Sydney,1127,8220,8400,180
Sydney,1127,14220,14550,330
Sydney,1128,8040,8220,180
Sydney,1128,14040,14370,330
Sydney,1129,7890,8040,150
Sydney,1129,13860,14190,330
Sydney,1130,7740,7830,90
Sydney,1130,13680,14010,330
Sydney,1131,7590,7620,30
Sydney,1131,13500,13830,330
Sydney,1132,13320,13650,330
Sydney,1133,13140,13470,330
Sydney,1134,12960,13290,330
Sydney,1135,12780,13110,330
Sydney,1136,12600,12930,330
Sydney,1137,12420,12780,360
Sydney,1138,12240,12600,360
Sydney,1139,12060,12420,360
Sydney,1140,11880,12240,360
Sydney,1141,11700,12060,360
Sydney,1142,11520,11880,360
Sydney,1143,11340,11700,360
Sydney,1144,11160,11520,360
Sydney,1144,17400,17460,60
Sydney,1145,10980,11340,360
Sydney,1145,17220,17310,90
Sydney,1146,10800,11160,360
Sydney,1146,17010,17130,120
Sydney,1147,10650,10980,330
Sydney,1147,16830,16980,150
Sydney,1148,10470,10800,330
Sydney,1148,16650,16800,150
Sydney,1149,10290,10620,330
Sydney,1149,16440,16620,180
Sydney,1150,10110,10440,330
Sydney,1150,16260,16470,210
Sydney,1151,9930,10260,330
Sydney,1151,16080,16290,210
Sydney,1152,9750,10080,330
Sydney,1152,15900,16110,210
Sydney,1153,9600,9900,300
Sydney,1153,15690,15930,240
Sydney,1154,9420,9720,300
Sydney,1154,15510,15750,240
Sydney,1155,9240,9510,270
Sydney,1155,15330,15600,270
