0,0,1587,100.0,0,7040,,"gs=Sao-Paulo,model=8x8x1,image=0,rq_node=0,ac_node=1587,compute_delay_ns=0"
1,0,1587,100.0,1007040,7040,,"gs=Sao-Paulo,model=8x8x1,image=1,rq_node=0,ac_node=1587,compute_delay_ns=0"
2,0,1587,100.0,2014080,7040,,"gs=Sao-Paulo,model=8x8x1,image=2,rq_node=0,ac_node=1587,compute_delay_ns=0"
3,0,1587,100.0,3021120,7040,,"gs=Sao-Paulo,model=8x8x1,image=3,rq_node=0,ac_node=1587,compute_delay_ns=0"
4,0,1587,100.0,4028160,7040,,"gs=Sao-Paulo,model=8x8x1,image=4,rq_node=0,ac_node=1587,compute_delay_ns=0"
5,0,1587,100.0,5035200,7040,,"gs=Sao-Paulo,model=8x8x1,image=5,rq_node=0,ac_node=1587,compute_delay_ns=0"
6,0,1587,100.0,6042240,7040,,"gs=Sao-Paulo,model=8x8x1,image=6,rq_node=0,ac_node=1587,compute_delay_ns=0"
7,0,1587,100.0,7049280,7040,,"gs=Sao-Paulo,model=8x8x1,image=7,rq_node=0,ac_node=1587,compute_delay_ns=0"
8,0,1587,100.0,8056320,7040,,"gs=Sao-Paulo,model=8x8x1,image=8,rq_node=0,ac_node=1587,compute_delay_ns=0"
9,0,1587,100.0,9063360,7040,,"gs=Sao-Paulo,model=8x8x1,image=9,rq_node=0,ac_node=1587,compute_delay_ns=0"
10,0,1587,100.0,10070400,7040,,"gs=Sao-Paulo,model=8x8x1,image=10,rq_node=0,ac_node=1587,compute_delay_ns=0"
11,0,1587,100.0,11077440,7040,,"gs=Sao-Paulo,model=8x8x1,image=11,rq_node=0,ac_node=1587,compute_delay_ns=0"
12,0,1587,100.0,12084480,7040,,"gs=Sao-Paulo,model=8x8x1,image=12,rq_node=0,ac_node=1587,compute_delay_ns=0"
13,0,1587,100.0,13091520,7040,,"gs=Sao-Paulo,model=8x8x1,image=13,rq_node=0,ac_node=1587,compute_delay_ns=0"
14,0,1587,100.0,14098560,7040,,"gs=Sao-Paulo,model=8x8x1,image=14,rq_node=0,ac_node=1587,compute_delay_ns=0"
15,0,1587,100.0,15105600,7040,,"gs=Sao-Paulo,model=8x8x1,image=15,rq_node=0,ac_node=1587,compute_delay_ns=0"
16,0,1587,100.0,16112640,7040,,"gs=Sao-Paulo,model=8x8x1,image=16,rq_node=0,ac_node=1587,compute_delay_ns=0"
17,0,1587,100.0,17119680,7040,,"gs=Sao-Paulo,model=8x8x1,image=17,rq_node=0,ac_node=1587,compute_delay_ns=0"
18,0,1587,100.0,18126720,7040,,"gs=Sao-Paulo,model=8x8x1,image=18,rq_node=0,ac_node=1587,compute_delay_ns=0"
19,0,1587,100.0,19133760,7040,,"gs=Sao-Paulo,model=8x8x1,image=19,rq_node=0,ac_node=1587,compute_delay_ns=0"
20,0,1587,100.0,20140800,7040,,"gs=Sao-Paulo,model=8x8x1,image=20,rq_node=0,ac_node=1587,compute_delay_ns=0"
21,0,1587,100.0,21147840,7040,,"gs=Sao-Paulo,model=8x8x1,image=21,rq_node=0,ac_node=1587,compute_delay_ns=0"
22,0,1587,100.0,22154880,7040,,"gs=Sao-Paulo,model=8x8x1,image=22,rq_node=0,ac_node=1587,compute_delay_ns=0"
23,0,1587,100.0,23161920,7040,,"gs=Sao-Paulo,model=8x8x1,image=23,rq_node=0,ac_node=1587,compute_delay_ns=0"
24,0,1587,100.0,24168960,7040,,"gs=Sao-Paulo,model=8x8x1,image=24,rq_node=0,ac_node=1587,compute_delay_ns=0"
25,0,1587,100.0,25176000,7040,,"gs=Sao-Paulo,model=8x8x1,image=25,rq_node=0,ac_node=1587,compute_delay_ns=0"
26,0,1587,100.0,26183040,7040,,"gs=Sao-Paulo,model=8x8x1,image=26,rq_node=0,ac_node=1587,compute_delay_ns=0"
27,0,1587,100.0,27190080,7040,,"gs=Sao-Paulo,model=8x8x1,image=27,rq_node=0,ac_node=1587,compute_delay_ns=0"
28,0,1587,100.0,28197120,7040,,"gs=Sao-Paulo,model=8x8x1,image=28,rq_node=0,ac_node=1587,compute_delay_ns=0"
29,0,1587,100.0,29204160,7040,,"gs=Sao-Paulo,model=8x8x1,image=29,rq_node=0,ac_node=1587,compute_delay_ns=0"
30,0,1587,100.0,30211200,7040,,"gs=Sao-Paulo,model=8x8x1,image=30,rq_node=0,ac_node=1587,compute_delay_ns=0"
31,0,1587,100.0,31218240,7040,,"gs=Sao-Paulo,model=8x8x1,image=31,rq_node=0,ac_node=1587,compute_delay_ns=0"
32,0,1587,100.0,32225280,7040,,"gs=Sao-Paulo,model=8x8x1,image=32,rq_node=0,ac_node=1587,compute_delay_ns=0"
33,0,1587,100.0,33232320,7040,,"gs=Sao-Paulo,model=8x8x1,image=33,rq_node=0,ac_node=1587,compute_delay_ns=0"
34,0,1587,100.0,34239360,7040,,"gs=Sao-Paulo,model=8x8x1,image=34,rq_node=0,ac_node=1587,compute_delay_ns=0"
35,0,1587,100.0,35246400,7040,,"gs=Sao-Paulo,model=8x8x1,image=35,rq_node=0,ac_node=1587,compute_delay_ns=0"
36,0,1587,100.0,36253440,7040,,"gs=Sao-Paulo,model=8x8x1,image=36,rq_node=0,ac_node=1587,compute_delay_ns=0"
37,0,1587,100.0,37260480,7040,,"gs=Sao-Paulo,model=8x8x1,image=37,rq_node=0,ac_node=1587,compute_delay_ns=0"
38,0,1587,100.0,38267520,7040,,"gs=Sao-Paulo,model=8x8x1,image=38,rq_node=0,ac_node=1587,compute_delay_ns=0"
39,0,1587,100.0,39274560,7040,,"gs=Sao-Paulo,model=8x8x1,image=39,rq_node=0,ac_node=1587,compute_delay_ns=0"
40,0,1587,100.0,40281600,7040,,"gs=Sao-Paulo,model=8x8x1,image=40,rq_node=0,ac_node=1587,compute_delay_ns=0"
41,0,1587,100.0,41288640,7040,,"gs=Sao-Paulo,model=8x8x1,image=41,rq_node=0,ac_node=1587,compute_delay_ns=0"
42,0,1587,100.0,42295680,7040,,"gs=Sao-Paulo,model=8x8x1,image=42,rq_node=0,ac_node=1587,compute_delay_ns=0"
43,0,1587,100.0,43302720,7040,,"gs=Sao-Paulo,model=8x8x1,image=43,rq_node=0,ac_node=1587,compute_delay_ns=0"
44,0,1587,100.0,44309760,7040,,"gs=Sao-Paulo,model=8x8x1,image=44,rq_node=0,ac_node=1587,compute_delay_ns=0"
45,0,1587,100.0,45316800,7040,,"gs=Sao-Paulo,model=8x8x1,image=45,rq_node=0,ac_node=1587,compute_delay_ns=0"
46,0,1587,100.0,46323840,7040,,"gs=Sao-Paulo,model=8x8x1,image=46,rq_node=0,ac_node=1587,compute_delay_ns=0"
47,0,1587,100.0,47330880,7040,,"gs=Sao-Paulo,model=8x8x1,image=47,rq_node=0,ac_node=1587,compute_delay_ns=0"
48,0,1587,100.0,48337920,7040,,"gs=Sao-Paulo,model=8x8x1,image=48,rq_node=0,ac_node=1587,compute_delay_ns=0"
49,0,1587,100.0,49344960,7040,,"gs=Sao-Paulo,model=8x8x1,image=49,rq_node=0,ac_node=1587,compute_delay_ns=0"
50,0,1587,100.0,50352000,7040,,"gs=Sao-Paulo,model=8x8x1,image=50,rq_node=0,ac_node=1587,compute_delay_ns=0"
51,0,1587,100.0,51359040,7040,,"gs=Sao-Paulo,model=8x8x1,image=51,rq_node=0,ac_node=1587,compute_delay_ns=0"
52,0,1587,100.0,52366080,7040,,"gs=Sao-Paulo,model=8x8x1,image=52,rq_node=0,ac_node=1587,compute_delay_ns=0"
53,0,1587,100.0,53373120,7040,,"gs=Sao-Paulo,model=8x8x1,image=53,rq_node=0,ac_node=1587,compute_delay_ns=0"
54,0,1587,100.0,54380160,7040,,"gs=Sao-Paulo,model=8x8x1,image=54,rq_node=0,ac_node=1587,compute_delay_ns=0"
55,0,1587,100.0,55387200,7040,,"gs=Sao-Paulo,model=8x8x1,image=55,rq_node=0,ac_node=1587,compute_delay_ns=0"
56,0,1587,100.0,56394240,7040,,"gs=Sao-Paulo,model=8x8x1,image=56,rq_node=0,ac_node=1587,compute_delay_ns=0"
57,0,1587,100.0,57401280,7040,,"gs=Sao-Paulo,model=8x8x1,image=57,rq_node=0,ac_node=1587,compute_delay_ns=0"
58,0,1587,100.0,58408320,7040,,"gs=Sao-Paulo,model=8x8x1,image=58,rq_node=0,ac_node=1587,compute_delay_ns=0"
59,0,1587,100.0,59415360,7040,,"gs=Sao-Paulo,model=8x8x1,image=59,rq_node=0,ac_node=1587,compute_delay_ns=0"
60,0,1587,100.0,60422400,7040,,"gs=Sao-Paulo,model=8x8x1,image=60,rq_node=0,ac_node=1587,compute_delay_ns=0"
61,0,1587,100.0,61429440,7040,,"gs=Sao-Paulo,model=8x8x1,image=61,rq_node=0,ac_node=1587,compute_delay_ns=0"
62,0,1587,100.0,62436480,7040,,"gs=Sao-Paulo,model=8x8x1,image=62,rq_node=0,ac_node=1587,compute_delay_ns=0"
63,0,1587,100.0,63443520,7040,,"gs=Sao-Paulo,model=8x8x1,image=63,rq_node=0,ac_node=1587,compute_delay_ns=0"
64,0,1587,100.0,64450560,7040,,"gs=Sao-Paulo,model=8x8x1,image=64,rq_node=0,ac_node=1587,compute_delay_ns=0"
65,0,1587,100.0,65457600,7040,,"gs=Sao-Paulo,model=8x8x1,image=65,rq_node=0,ac_node=1587,compute_delay_ns=0"
66,0,1587,100.0,66464640,7040,,"gs=Sao-Paulo,model=8x8x1,image=66,rq_node=0,ac_node=1587,compute_delay_ns=0"
67,0,1587,100.0,67471680,7040,,"gs=Sao-Paulo,model=8x8x1,image=67,rq_node=0,ac_node=1587,compute_delay_ns=0"
68,0,1587,100.0,68478720,7040,,"gs=Sao-Paulo,model=8x8x1,image=68,rq_node=0,ac_node=1587,compute_delay_ns=0"
69,0,1587,100.0,69485760,7040,,"gs=Sao-Paulo,model=8x8x1,image=69,rq_node=0,ac_node=1587,compute_delay_ns=0"
70,0,1587,100.0,70492800,7040,,"gs=Sao-Paulo,model=8x8x1,image=70,rq_node=0,ac_node=1587,compute_delay_ns=0"
71,0,1587,100.0,71499840,7040,,"gs=Sao-Paulo,model=8x8x1,image=71,rq_node=0,ac_node=1587,compute_delay_ns=0"
72,0,1587,100.0,72506880,7040,,"gs=Sao-Paulo,model=8x8x1,image=72,rq_node=0,ac_node=1587,compute_delay_ns=0"
73,0,1587,100.0,73513920,7040,,"gs=Sao-Paulo,model=8x8x1,image=73,rq_node=0,ac_node=1587,compute_delay_ns=0"
74,0,1587,100.0,74520960,7040,,"gs=Sao-Paulo,model=8x8x1,image=74,rq_node=0,ac_node=1587,compute_delay_ns=0"
75,0,1587,100.0,75528000,7040,,"gs=Sao-Paulo,model=8x8x1,image=75,rq_node=0,ac_node=1587,compute_delay_ns=0"
76,0,1587,100.0,76535040,7040,,"gs=Sao-Paulo,model=8x8x1,image=76,rq_node=0,ac_node=1587,compute_delay_ns=0"
77,0,1587,100.0,77542080,7040,,"gs=Sao-Paulo,model=8x8x1,image=77,rq_node=0,ac_node=1587,compute_delay_ns=0"
78,0,1587,100.0,78549120,7040,,"gs=Sao-Paulo,model=8x8x1,image=78,rq_node=0,ac_node=1587,compute_delay_ns=0"
79,0,1587,100.0,79556160,7040,,"gs=Sao-Paulo,model=8x8x1,image=79,rq_node=0,ac_node=1587,compute_delay_ns=0"
80,0,1587,100.0,80563200,7040,,"gs=Sao-Paulo,model=8x8x1,image=80,rq_node=0,ac_node=1587,compute_delay_ns=0"
81,0,1587,100.0,81570240,7040,,"gs=Sao-Paulo,model=8x8x1,image=81,rq_node=0,ac_node=1587,compute_delay_ns=0"
82,0,1587,100.0,82577280,7040,,"gs=Sao-Paulo,model=8x8x1,image=82,rq_node=0,ac_node=1587,compute_delay_ns=0"
83,0,1587,100.0,83584320,7040,,"gs=Sao-Paulo,model=8x8x1,image=83,rq_node=0,ac_node=1587,compute_delay_ns=0"
84,0,1587,100.0,84591360,7040,,"gs=Sao-Paulo,model=8x8x1,image=84,rq_node=0,ac_node=1587,compute_delay_ns=0"
85,0,1587,100.0,85598400,7040,,"gs=Sao-Paulo,model=8x8x1,image=85,rq_node=0,ac_node=1587,compute_delay_ns=0"
86,0,1587,100.0,86605440,7040,,"gs=Sao-Paulo,model=8x8x1,image=86,rq_node=0,ac_node=1587,compute_delay_ns=0"
87,0,1587,100.0,87612480,7040,,"gs=Sao-Paulo,model=8x8x1,image=87,rq_node=0,ac_node=1587,compute_delay_ns=0"
88,0,1587,100.0,88619520,7040,,"gs=Sao-Paulo,model=8x8x1,image=88,rq_node=0,ac_node=1587,compute_delay_ns=0"
89,0,1587,100.0,89626560,7040,,"gs=Sao-Paulo,model=8x8x1,image=89,rq_node=0,ac_node=1587,compute_delay_ns=0"
90,0,1587,100.0,90633600,7040,,"gs=Sao-Paulo,model=8x8x1,image=90,rq_node=0,ac_node=1587,compute_delay_ns=0"
91,0,1587,100.0,91640640,7040,,"gs=Sao-Paulo,model=8x8x1,image=91,rq_node=0,ac_node=1587,compute_delay_ns=0"
92,0,1587,100.0,92647680,7040,,"gs=Sao-Paulo,model=8x8x1,image=92,rq_node=0,ac_node=1587,compute_delay_ns=0"
93,0,1587,100.0,93654720,7040,,"gs=Sao-Paulo,model=8x8x1,image=93,rq_node=0,ac_node=1587,compute_delay_ns=0"
94,0,1587,100.0,94661760,7040,,"gs=Sao-Paulo,model=8x8x1,image=94,rq_node=0,ac_node=1587,compute_delay_ns=0"
95,0,1587,100.0,95668800,7040,,"gs=Sao-Paulo,model=8x8x1,image=95,rq_node=0,ac_node=1587,compute_delay_ns=0"
96,0,1587,100.0,96675840,7040,,"gs=Sao-Paulo,model=8x8x1,image=96,rq_node=0,ac_node=1587,compute_delay_ns=0"
97,0,1587,100.0,97682880,7040,,"gs=Sao-Paulo,model=8x8x1,image=97,rq_node=0,ac_node=1587,compute_delay_ns=0"
98,0,1587,100.0,98689920,7040,,"gs=Sao-Paulo,model=8x8x1,image=98,rq_node=0,ac_node=1587,compute_delay_ns=0"
99,0,1587,100.0,99696960,7040,,"gs=Sao-Paulo,model=8x8x1,image=99,rq_node=0,ac_node=1587,compute_delay_ns=0"
100,0,1587,100.0,100704000,14080,,"gs=Sao-Paulo,model=8x8x2,image=0,rq_node=0,ac_node=1587,compute_delay_ns=0"
101,0,1587,100.0,101718080,14080,,"gs=Sao-Paulo,model=8x8x2,image=1,rq_node=0,ac_node=1587,compute_delay_ns=0"
102,0,1587,100.0,102732160,14080,,"gs=Sao-Paulo,model=8x8x2,image=2,rq_node=0,ac_node=1587,compute_delay_ns=0"
103,0,1587,100.0,103746240,14080,,"gs=Sao-Paulo,model=8x8x2,image=3,rq_node=0,ac_node=1587,compute_delay_ns=0"
104,0,1587,100.0,104760320,14080,,"gs=Sao-Paulo,model=8x8x2,image=4,rq_node=0,ac_node=1587,compute_delay_ns=0"
105,0,1587,100.0,105774400,14080,,"gs=Sao-Paulo,model=8x8x2,image=5,rq_node=0,ac_node=1587,compute_delay_ns=0"
106,0,1587,100.0,106788480,14080,,"gs=Sao-Paulo,model=8x8x2,image=6,rq_node=0,ac_node=1587,compute_delay_ns=0"
107,0,1587,100.0,107802560,14080,,"gs=Sao-Paulo,model=8x8x2,image=7,rq_node=0,ac_node=1587,compute_delay_ns=0"
108,0,1587,100.0,108816640,14080,,"gs=Sao-Paulo,model=8x8x2,image=8,rq_node=0,ac_node=1587,compute_delay_ns=0"
109,0,1587,100.0,109830720,14080,,"gs=Sao-Paulo,model=8x8x2,image=9,rq_node=0,ac_node=1587,compute_delay_ns=0"
110,0,1587,100.0,110844800,14080,,"gs=Sao-Paulo,model=8x8x2,image=10,rq_node=0,ac_node=1587,compute_delay_ns=0"
111,0,1587,100.0,111858880,14080,,"gs=Sao-Paulo,model=8x8x2,image=11,rq_node=0,ac_node=1587,compute_delay_ns=0"
112,0,1587,100.0,112872960,14080,,"gs=Sao-Paulo,model=8x8x2,image=12,rq_node=0,ac_node=1587,compute_delay_ns=0"
113,0,1587,100.0,113887040,14080,,"gs=Sao-Paulo,model=8x8x2,image=13,rq_node=0,ac_node=1587,compute_delay_ns=0"
114,0,1587,100.0,114901120,14080,,"gs=Sao-Paulo,model=8x8x2,image=14,rq_node=0,ac_node=1587,compute_delay_ns=0"
115,0,1587,100.0,115915200,14080,,"gs=Sao-Paulo,model=8x8x2,image=15,rq_node=0,ac_node=1587,compute_delay_ns=0"
116,0,1587,100.0,116929280,14080,,"gs=Sao-Paulo,model=8x8x2,image=16,rq_node=0,ac_node=1587,compute_delay_ns=0"
117,0,1587,100.0,117943360,14080,,"gs=Sao-Paulo,model=8x8x2,image=17,rq_node=0,ac_node=1587,compute_delay_ns=0"
118,0,1587,100.0,118957440,14080,,"gs=Sao-Paulo,model=8x8x2,image=18,rq_node=0,ac_node=1587,compute_delay_ns=0"
119,0,1587,100.0,119971520,14080,,"gs=Sao-Paulo,model=8x8x2,image=19,rq_node=0,ac_node=1587,compute_delay_ns=0"
120,0,1587,100.0,120985600,14080,,"gs=Sao-Paulo,model=8x8x2,image=20,rq_node=0,ac_node=1587,compute_delay_ns=0"
121,0,1587,100.0,121999680,14080,,"gs=Sao-Paulo,model=8x8x2,image=21,rq_node=0,ac_node=1587,compute_delay_ns=0"
122,0,1587,100.0,123013760,14080,,"gs=Sao-Paulo,model=8x8x2,image=22,rq_node=0,ac_node=1587,compute_delay_ns=0"
123,0,1587,100.0,124027840,14080,,"gs=Sao-Paulo,model=8x8x2,image=23,rq_node=0,ac_node=1587,compute_delay_ns=0"
124,0,1587,100.0,125041920,14080,,"gs=Sao-Paulo,model=8x8x2,image=24,rq_node=0,ac_node=1587,compute_delay_ns=0"
125,0,1587,100.0,126056000,14080,,"gs=Sao-Paulo,model=8x8x2,image=25,rq_node=0,ac_node=1587,compute_delay_ns=0"
126,0,1587,100.0,127070080,14080,,"gs=Sao-Paulo,model=8x8x2,image=26,rq_node=0,ac_node=1587,compute_delay_ns=0"
127,0,1587,100.0,128084160,14080,,"gs=Sao-Paulo,model=8x8x2,image=27,rq_node=0,ac_node=1587,compute_delay_ns=0"
128,0,1587,100.0,129098240,14080,,"gs=Sao-Paulo,model=8x8x2,image=28,rq_node=0,ac_node=1587,compute_delay_ns=0"
129,0,1587,100.0,130112320,14080,,"gs=Sao-Paulo,model=8x8x2,image=29,rq_node=0,ac_node=1587,compute_delay_ns=0"
130,0,1587,100.0,131126400,14080,,"gs=Sao-Paulo,model=8x8x2,image=30,rq_node=0,ac_node=1587,compute_delay_ns=0"
131,0,1587,100.0,132140480,14080,,"gs=Sao-Paulo,model=8x8x2,image=31,rq_node=0,ac_node=1587,compute_delay_ns=0"
132,0,1587,100.0,133154560,14080,,"gs=Sao-Paulo,model=8x8x2,image=32,rq_node=0,ac_node=1587,compute_delay_ns=0"
133,0,1587,100.0,134168640,14080,,"gs=Sao-Paulo,model=8x8x2,image=33,rq_node=0,ac_node=1587,compute_delay_ns=0"
134,0,1587,100.0,135182720,14080,,"gs=Sao-Paulo,model=8x8x2,image=34,rq_node=0,ac_node=1587,compute_delay_ns=0"
135,0,1587,100.0,136196800,14080,,"gs=Sao-Paulo,model=8x8x2,image=35,rq_node=0,ac_node=1587,compute_delay_ns=0"
136,0,1587,100.0,137210880,14080,,"gs=Sao-Paulo,model=8x8x2,image=36,rq_node=0,ac_node=1587,compute_delay_ns=0"
137,0,1587,100.0,138224960,14080,,"gs=Sao-Paulo,model=8x8x2,image=37,rq_node=0,ac_node=1587,compute_delay_ns=0"
138,0,1587,100.0,139239040,14080,,"gs=Sao-Paulo,model=8x8x2,image=38,rq_node=0,ac_node=1587,compute_delay_ns=0"
139,0,1587,100.0,140253120,14080,,"gs=Sao-Paulo,model=8x8x2,image=39,rq_node=0,ac_node=1587,compute_delay_ns=0"
140,0,1587,100.0,141267200,14080,,"gs=Sao-Paulo,model=8x8x2,image=40,rq_node=0,ac_node=1587,compute_delay_ns=0"
141,0,1587,100.0,142281280,14080,,"gs=Sao-Paulo,model=8x8x2,image=41,rq_node=0,ac_node=1587,compute_delay_ns=0"
142,0,1587,100.0,143295360,14080,,"gs=Sao-Paulo,model=8x8x2,image=42,rq_node=0,ac_node=1587,compute_delay_ns=0"
143,0,1587,100.0,144309440,14080,,"gs=Sao-Paulo,model=8x8x2,image=43,rq_node=0,ac_node=1587,compute_delay_ns=0"
144,0,1587,100.0,145323520,14080,,"gs=Sao-Paulo,model=8x8x2,image=44,rq_node=0,ac_node=1587,compute_delay_ns=0"
145,0,1587,100.0,146337600,14080,,"gs=Sao-Paulo,model=8x8x2,image=45,rq_node=0,ac_node=1587,compute_delay_ns=0"
146,0,1587,100.0,147351680,14080,,"gs=Sao-Paulo,model=8x8x2,image=46,rq_node=0,ac_node=1587,compute_delay_ns=0"
147,0,1587,100.0,148365760,14080,,"gs=Sao-Paulo,model=8x8x2,image=47,rq_node=0,ac_node=1587,compute_delay_ns=0"
148,0,1587,100.0,149379840,14080,,"gs=Sao-Paulo,model=8x8x2,image=48,rq_node=0,ac_node=1587,compute_delay_ns=0"
149,0,1587,100.0,150393920,14080,,"gs=Sao-Paulo,model=8x8x2,image=49,rq_node=0,ac_node=1587,compute_delay_ns=0"
150,0,1587,100.0,151408000,14080,,"gs=Sao-Paulo,model=8x8x2,image=50,rq_node=0,ac_node=1587,compute_delay_ns=0"
151,0,1587,100.0,152422080,14080,,"gs=Sao-Paulo,model=8x8x2,image=51,rq_node=0,ac_node=1587,compute_delay_ns=0"
152,0,1587,100.0,153436160,14080,,"gs=Sao-Paulo,model=8x8x2,image=52,rq_node=0,ac_node=1587,compute_delay_ns=0"
153,0,1587,100.0,154450240,14080,,"gs=Sao-Paulo,model=8x8x2,image=53,rq_node=0,ac_node=1587,compute_delay_ns=0"
154,0,1587,100.0,155464320,14080,,"gs=Sao-Paulo,model=8x8x2,image=54,rq_node=0,ac_node=1587,compute_delay_ns=0"
155,0,1587,100.0,156478400,14080,,"gs=Sao-Paulo,model=8x8x2,image=55,rq_node=0,ac_node=1587,compute_delay_ns=0"
156,0,1587,100.0,157492480,14080,,"gs=Sao-Paulo,model=8x8x2,image=56,rq_node=0,ac_node=1587,compute_delay_ns=0"
157,0,1587,100.0,158506560,14080,,"gs=Sao-Paulo,model=8x8x2,image=57,rq_node=0,ac_node=1587,compute_delay_ns=0"
158,0,1587,100.0,159520640,14080,,"gs=Sao-Paulo,model=8x8x2,image=58,rq_node=0,ac_node=1587,compute_delay_ns=0"
159,0,1587,100.0,160534720,14080,,"gs=Sao-Paulo,model=8x8x2,image=59,rq_node=0,ac_node=1587,compute_delay_ns=0"
160,0,1587,100.0,161548800,14080,,"gs=Sao-Paulo,model=8x8x2,image=60,rq_node=0,ac_node=1587,compute_delay_ns=0"
161,0,1587,100.0,162562880,14080,,"gs=Sao-Paulo,model=8x8x2,image=61,rq_node=0,ac_node=1587,compute_delay_ns=0"
162,0,1587,100.0,163576960,14080,,"gs=Sao-Paulo,model=8x8x2,image=62,rq_node=0,ac_node=1587,compute_delay_ns=0"
163,0,1587,100.0,164591040,14080,,"gs=Sao-Paulo,model=8x8x2,image=63,rq_node=0,ac_node=1587,compute_delay_ns=0"
164,0,1587,100.0,165605120,14080,,"gs=Sao-Paulo,model=8x8x2,image=64,rq_node=0,ac_node=1587,compute_delay_ns=0"
165,0,1587,100.0,166619200,14080,,"gs=Sao-Paulo,model=8x8x2,image=65,rq_node=0,ac_node=1587,compute_delay_ns=0"
166,0,1587,100.0,167633280,14080,,"gs=Sao-Paulo,model=8x8x2,image=66,rq_node=0,ac_node=1587,compute_delay_ns=0"
167,0,1587,100.0,168647360,14080,,"gs=Sao-Paulo,model=8x8x2,image=67,rq_node=0,ac_node=1587,compute_delay_ns=0"
168,0,1587,100.0,169661440,14080,,"gs=Sao-Paulo,model=8x8x2,image=68,rq_node=0,ac_node=1587,compute_delay_ns=0"
169,0,1587,100.0,170675520,14080,,"gs=Sao-Paulo,model=8x8x2,image=69,rq_node=0,ac_node=1587,compute_delay_ns=0"
170,0,1587,100.0,171689600,14080,,"gs=Sao-Paulo,model=8x8x2,image=70,rq_node=0,ac_node=1587,compute_delay_ns=0"
171,0,1587,100.0,172703680,14080,,"gs=Sao-Paulo,model=8x8x2,image=71,rq_node=0,ac_node=1587,compute_delay_ns=0"
172,0,1587,100.0,173717760,14080,,"gs=Sao-Paulo,model=8x8x2,image=72,rq_node=0,ac_node=1587,compute_delay_ns=0"
173,0,1587,100.0,174731840,14080,,"gs=Sao-Paulo,model=8x8x2,image=73,rq_node=0,ac_node=1587,compute_delay_ns=0"
174,0,1587,100.0,175745920,14080,,"gs=Sao-Paulo,model=8x8x2,image=74,rq_node=0,ac_node=1587,compute_delay_ns=0"
175,0,1587,100.0,176760000,14080,,"gs=Sao-Paulo,model=8x8x2,image=75,rq_node=0,ac_node=1587,compute_delay_ns=0"
176,0,1587,100.0,177774080,14080,,"gs=Sao-Paulo,model=8x8x2,image=76,rq_node=0,ac_node=1587,compute_delay_ns=0"
177,0,1587,100.0,178788160,14080,,"gs=Sao-Paulo,model=8x8x2,image=77,rq_node=0,ac_node=1587,compute_delay_ns=0"
178,0,1587,100.0,179802240,14080,,"gs=Sao-Paulo,model=8x8x2,image=78,rq_node=0,ac_node=1587,compute_delay_ns=0"
179,0,1587,100.0,180816320,14080,,"gs=Sao-Paulo,model=8x8x2,image=79,rq_node=0,ac_node=1587,compute_delay_ns=0"
180,0,1587,100.0,181830400,14080,,"gs=Sao-Paulo,model=8x8x2,image=80,rq_node=0,ac_node=1587,compute_delay_ns=0"
181,0,1587,100.0,182844480,14080,,"gs=Sao-Paulo,model=8x8x2,image=81,rq_node=0,ac_node=1587,compute_delay_ns=0"
182,0,1587,100.0,183858560,14080,,"gs=Sao-Paulo,model=8x8x2,image=82,rq_node=0,ac_node=1587,compute_delay_ns=0"
183,0,1587,100.0,184872640,14080,,"gs=Sao-Paulo,model=8x8x2,image=83,rq_node=0,ac_node=1587,compute_delay_ns=0"
184,0,1587,100.0,185886720,14080,,"gs=Sao-Paulo,model=8x8x2,image=84,rq_node=0,ac_node=1587,compute_delay_ns=0"
185,0,1587,100.0,186900800,14080,,"gs=Sao-Paulo,model=8x8x2,image=85,rq_node=0,ac_node=1587,compute_delay_ns=0"
186,0,1587,100.0,187914880,14080,,"gs=Sao-Paulo,model=8x8x2,image=86,rq_node=0,ac_node=1587,compute_delay_ns=0"
187,0,1587,100.0,188928960,14080,,"gs=Sao-Paulo,model=8x8x2,image=87,rq_node=0,ac_node=1587,compute_delay_ns=0"
188,0,1587,100.0,189943040,14080,,"gs=Sao-Paulo,model=8x8x2,image=88,rq_node=0,ac_node=1587,compute_delay_ns=0"
189,0,1587,100.0,190957120,14080,,"gs=Sao-Paulo,model=8x8x2,image=89,rq_node=0,ac_node=1587,compute_delay_ns=0"
190,0,1587,100.0,191971200,14080,,"gs=Sao-Paulo,model=8x8x2,image=90,rq_node=0,ac_node=1587,compute_delay_ns=0"
191,0,1587,100.0,192985280,14080,,"gs=Sao-Paulo,model=8x8x2,image=91,rq_node=0,ac_node=1587,compute_delay_ns=0"
192,0,1587,100.0,193999360,14080,,"gs=Sao-Paulo,model=8x8x2,image=92,rq_node=0,ac_node=1587,compute_delay_ns=0"
193,0,1587,100.0,195013440,14080,,"gs=Sao-Paulo,model=8x8x2,image=93,rq_node=0,ac_node=1587,compute_delay_ns=0"
194,0,1587,100.0,196027520,14080,,"gs=Sao-Paulo,model=8x8x2,image=94,rq_node=0,ac_node=1587,compute_delay_ns=0"
195,0,1587,100.0,197041600,14080,,"gs=Sao-Paulo,model=8x8x2,image=95,rq_node=0,ac_node=1587,compute_delay_ns=0"
196,0,1587,100.0,198055680,14080,,"gs=Sao-Paulo,model=8x8x2,image=96,rq_node=0,ac_node=1587,compute_delay_ns=0"
197,0,1587,100.0,199069760,14080,,"gs=Sao-Paulo,model=8x8x2,image=97,rq_node=0,ac_node=1587,compute_delay_ns=0"
198,0,1587,100.0,200083840,14080,,"gs=Sao-Paulo,model=8x8x2,image=98,rq_node=0,ac_node=1587,compute_delay_ns=0"
199,0,1587,100.0,201097920,14080,,"gs=Sao-Paulo,model=8x8x2,image=99,rq_node=0,ac_node=1587,compute_delay_ns=0"
200,0,1587,100.0,202112000,28160,,"gs=Sao-Paulo,model=8x8x4,image=0,rq_node=0,ac_node=1587,compute_delay_ns=0"
201,0,1587,100.0,203140160,28160,,"gs=Sao-Paulo,model=8x8x4,image=1,rq_node=0,ac_node=1587,compute_delay_ns=0"
202,0,1587,100.0,204168320,28160,,"gs=Sao-Paulo,model=8x8x4,image=2,rq_node=0,ac_node=1587,compute_delay_ns=0"
203,0,1587,100.0,205196480,28160,,"gs=Sao-Paulo,model=8x8x4,image=3,rq_node=0,ac_node=1587,compute_delay_ns=0"
204,0,1587,100.0,206224640,28160,,"gs=Sao-Paulo,model=8x8x4,image=4,rq_node=0,ac_node=1587,compute_delay_ns=0"
205,0,1587,100.0,207252800,28160,,"gs=Sao-Paulo,model=8x8x4,image=5,rq_node=0,ac_node=1587,compute_delay_ns=0"
206,0,1587,100.0,208280960,28160,,"gs=Sao-Paulo,model=8x8x4,image=6,rq_node=0,ac_node=1587,compute_delay_ns=0"
207,0,1587,100.0,209309120,28160,,"gs=Sao-Paulo,model=8x8x4,image=7,rq_node=0,ac_node=1587,compute_delay_ns=0"
208,0,1587,100.0,210337280,28160,,"gs=Sao-Paulo,model=8x8x4,image=8,rq_node=0,ac_node=1587,compute_delay_ns=0"
209,0,1587,100.0,211365440,28160,,"gs=Sao-Paulo,model=8x8x4,image=9,rq_node=0,ac_node=1587,compute_delay_ns=0"
210,0,1587,100.0,212393600,28160,,"gs=Sao-Paulo,model=8x8x4,image=10,rq_node=0,ac_node=1587,compute_delay_ns=0"
211,0,1587,100.0,213421760,28160,,"gs=Sao-Paulo,model=8x8x4,image=11,rq_node=0,ac_node=1587,compute_delay_ns=0"
212,0,1587,100.0,214449920,28160,,"gs=Sao-Paulo,model=8x8x4,image=12,rq_node=0,ac_node=1587,compute_delay_ns=0"
213,0,1587,100.0,215478080,28160,,"gs=Sao-Paulo,model=8x8x4,image=13,rq_node=0,ac_node=1587,compute_delay_ns=0"
214,0,1587,100.0,216506240,28160,,"gs=Sao-Paulo,model=8x8x4,image=14,rq_node=0,ac_node=1587,compute_delay_ns=0"
215,0,1587,100.0,217534400,28160,,"gs=Sao-Paulo,model=8x8x4,image=15,rq_node=0,ac_node=1587,compute_delay_ns=0"
216,0,1587,100.0,218562560,28160,,"gs=Sao-Paulo,model=8x8x4,image=16,rq_node=0,ac_node=1587,compute_delay_ns=0"
217,0,1587,100.0,219590720,28160,,"gs=Sao-Paulo,model=8x8x4,image=17,rq_node=0,ac_node=1587,compute_delay_ns=0"
218,0,1587,100.0,220618880,28160,,"gs=Sao-Paulo,model=8x8x4,image=18,rq_node=0,ac_node=1587,compute_delay_ns=0"
219,0,1587,100.0,221647040,28160,,"gs=Sao-Paulo,model=8x8x4,image=19,rq_node=0,ac_node=1587,compute_delay_ns=0"
220,0,1587,100.0,222675200,28160,,"gs=Sao-Paulo,model=8x8x4,image=20,rq_node=0,ac_node=1587,compute_delay_ns=0"
221,0,1587,100.0,223703360,28160,,"gs=Sao-Paulo,model=8x8x4,image=21,rq_node=0,ac_node=1587,compute_delay_ns=0"
222,0,1587,100.0,224731520,28160,,"gs=Sao-Paulo,model=8x8x4,image=22,rq_node=0,ac_node=1587,compute_delay_ns=0"
223,0,1587,100.0,225759680,28160,,"gs=Sao-Paulo,model=8x8x4,image=23,rq_node=0,ac_node=1587,compute_delay_ns=0"
224,0,1587,100.0,226787840,28160,,"gs=Sao-Paulo,model=8x8x4,image=24,rq_node=0,ac_node=1587,compute_delay_ns=0"
225,0,1587,100.0,227816000,28160,,"gs=Sao-Paulo,model=8x8x4,image=25,rq_node=0,ac_node=1587,compute_delay_ns=0"
226,0,1587,100.0,228844160,28160,,"gs=Sao-Paulo,model=8x8x4,image=26,rq_node=0,ac_node=1587,compute_delay_ns=0"
227,0,1587,100.0,229872320,28160,,"gs=Sao-Paulo,model=8x8x4,image=27,rq_node=0,ac_node=1587,compute_delay_ns=0"
228,0,1587,100.0,230900480,28160,,"gs=Sao-Paulo,model=8x8x4,image=28,rq_node=0,ac_node=1587,compute_delay_ns=0"
229,0,1587,100.0,231928640,28160,,"gs=Sao-Paulo,model=8x8x4,image=29,rq_node=0,ac_node=1587,compute_delay_ns=0"
230,0,1587,100.0,232956800,28160,,"gs=Sao-Paulo,model=8x8x4,image=30,rq_node=0,ac_node=1587,compute_delay_ns=0"
231,0,1587,100.0,233984960,28160,,"gs=Sao-Paulo,model=8x8x4,image=31,rq_node=0,ac_node=1587,compute_delay_ns=0"
232,0,1587,100.0,235013120,28160,,"gs=Sao-Paulo,model=8x8x4,image=32,rq_node=0,ac_node=1587,compute_delay_ns=0"
233,0,1587,100.0,236041280,28160,,"gs=Sao-Paulo,model=8x8x4,image=33,rq_node=0,ac_node=1587,compute_delay_ns=0"
234,0,1587,100.0,237069440,28160,,"gs=Sao-Paulo,model=8x8x4,image=34,rq_node=0,ac_node=1587,compute_delay_ns=0"
235,0,1587,100.0,238097600,28160,,"gs=Sao-Paulo,model=8x8x4,image=35,rq_node=0,ac_node=1587,compute_delay_ns=0"
236,0,1587,100.0,239125760,28160,,"gs=Sao-Paulo,model=8x8x4,image=36,rq_node=0,ac_node=1587,compute_delay_ns=0"
237,0,1587,100.0,240153920,28160,,"gs=Sao-Paulo,model=8x8x4,image=37,rq_node=0,ac_node=1587,compute_delay_ns=0"
238,0,1587,100.0,241182080,28160,,"gs=Sao-Paulo,model=8x8x4,image=38,rq_node=0,ac_node=1587,compute_delay_ns=0"
239,0,1587,100.0,242210240,28160,,"gs=Sao-Paulo,model=8x8x4,image=39,rq_node=0,ac_node=1587,compute_delay_ns=0"
240,0,1587,100.0,243238400,28160,,"gs=Sao-Paulo,model=8x8x4,image=40,rq_node=0,ac_node=1587,compute_delay_ns=0"
241,0,1587,100.0,244266560,28160,,"gs=Sao-Paulo,model=8x8x4,image=41,rq_node=0,ac_node=1587,compute_delay_ns=0"
242,0,1587,100.0,245294720,28160,,"gs=Sao-Paulo,model=8x8x4,image=42,rq_node=0,ac_node=1587,compute_delay_ns=0"
243,0,1587,100.0,246322880,28160,,"gs=Sao-Paulo,model=8x8x4,image=43,rq_node=0,ac_node=1587,compute_delay_ns=0"
244,0,1587,100.0,247351040,28160,,"gs=Sao-Paulo,model=8x8x4,image=44,rq_node=0,ac_node=1587,compute_delay_ns=0"
245,0,1587,100.0,248379200,28160,,"gs=Sao-Paulo,model=8x8x4,image=45,rq_node=0,ac_node=1587,compute_delay_ns=0"
246,0,1587,100.0,249407360,28160,,"gs=Sao-Paulo,model=8x8x4,image=46,rq_node=0,ac_node=1587,compute_delay_ns=0"
247,0,1587,100.0,250435520,28160,,"gs=Sao-Paulo,model=8x8x4,image=47,rq_node=0,ac_node=1587,compute_delay_ns=0"
248,0,1587,100.0,251463680,28160,,"gs=Sao-Paulo,model=8x8x4,image=48,rq_node=0,ac_node=1587,compute_delay_ns=0"
249,0,1587,100.0,252491840,28160,,"gs=Sao-Paulo,model=8x8x4,image=49,rq_node=0,ac_node=1587,compute_delay_ns=0"
250,0,1587,100.0,253520000,28160,,"gs=Sao-Paulo,model=8x8x4,image=50,rq_node=0,ac_node=1587,compute_delay_ns=0"
251,0,1587,100.0,254548160,28160,,"gs=Sao-Paulo,model=8x8x4,image=51,rq_node=0,ac_node=1587,compute_delay_ns=0"
252,0,1587,100.0,255576320,28160,,"gs=Sao-Paulo,model=8x8x4,image=52,rq_node=0,ac_node=1587,compute_delay_ns=0"
253,0,1587,100.0,256604480,28160,,"gs=Sao-Paulo,model=8x8x4,image=53,rq_node=0,ac_node=1587,compute_delay_ns=0"
254,0,1587,100.0,257632640,28160,,"gs=Sao-Paulo,model=8x8x4,image=54,rq_node=0,ac_node=1587,compute_delay_ns=0"
255,0,1587,100.0,258660800,28160,,"gs=Sao-Paulo,model=8x8x4,image=55,rq_node=0,ac_node=1587,compute_delay_ns=0"
256,0,1587,100.0,259688960,28160,,"gs=Sao-Paulo,model=8x8x4,image=56,rq_node=0,ac_node=1587,compute_delay_ns=0"
257,0,1587,100.0,260717120,28160,,"gs=Sao-Paulo,model=8x8x4,image=57,rq_node=0,ac_node=1587,compute_delay_ns=0"
258,0,1587,100.0,261745280,28160,,"gs=Sao-Paulo,model=8x8x4,image=58,rq_node=0,ac_node=1587,compute_delay_ns=0"
259,0,1587,100.0,262773440,28160,,"gs=Sao-Paulo,model=8x8x4,image=59,rq_node=0,ac_node=1587,compute_delay_ns=0"
260,0,1587,100.0,263801600,28160,,"gs=Sao-Paulo,model=8x8x4,image=60,rq_node=0,ac_node=1587,compute_delay_ns=0"
261,0,1587,100.0,264829760,28160,,"gs=Sao-Paulo,model=8x8x4,image=61,rq_node=0,ac_node=1587,compute_delay_ns=0"
262,0,1587,100.0,265857920,28160,,"gs=Sao-Paulo,model=8x8x4,image=62,rq_node=0,ac_node=1587,compute_delay_ns=0"
263,0,1587,100.0,266886080,28160,,"gs=Sao-Paulo,model=8x8x4,image=63,rq_node=0,ac_node=1587,compute_delay_ns=0"
264,0,1587,100.0,267914240,28160,,"gs=Sao-Paulo,model=8x8x4,image=64,rq_node=0,ac_node=1587,compute_delay_ns=0"
265,0,1587,100.0,268942400,28160,,"gs=Sao-Paulo,model=8x8x4,image=65,rq_node=0,ac_node=1587,compute_delay_ns=0"
266,0,1587,100.0,269970560,28160,,"gs=Sao-Paulo,model=8x8x4,image=66,rq_node=0,ac_node=1587,compute_delay_ns=0"
267,0,1587,100.0,270998720,28160,,"gs=Sao-Paulo,model=8x8x4,image=67,rq_node=0,ac_node=1587,compute_delay_ns=0"
268,0,1587,100.0,272026880,28160,,"gs=Sao-Paulo,model=8x8x4,image=68,rq_node=0,ac_node=1587,compute_delay_ns=0"
269,0,1587,100.0,273055040,28160,,"gs=Sao-Paulo,model=8x8x4,image=69,rq_node=0,ac_node=1587,compute_delay_ns=0"
270,0,1587,100.0,274083200,28160,,"gs=Sao-Paulo,model=8x8x4,image=70,rq_node=0,ac_node=1587,compute_delay_ns=0"
271,0,1587,100.0,275111360,28160,,"gs=Sao-Paulo,model=8x8x4,image=71,rq_node=0,ac_node=1587,compute_delay_ns=0"
272,0,1587,100.0,276139520,28160,,"gs=Sao-Paulo,model=8x8x4,image=72,rq_node=0,ac_node=1587,compute_delay_ns=0"
273,0,1587,100.0,277167680,28160,,"gs=Sao-Paulo,model=8x8x4,image=73,rq_node=0,ac_node=1587,compute_delay_ns=0"
274,0,1587,100.0,278195840,28160,,"gs=Sao-Paulo,model=8x8x4,image=74,rq_node=0,ac_node=1587,compute_delay_ns=0"
275,0,1587,100.0,279224000,28160,,"gs=Sao-Paulo,model=8x8x4,image=75,rq_node=0,ac_node=1587,compute_delay_ns=0"
276,0,1587,100.0,280252160,28160,,"gs=Sao-Paulo,model=8x8x4,image=76,rq_node=0,ac_node=1587,compute_delay_ns=0"
277,0,1587,100.0,281280320,28160,,"gs=Sao-Paulo,model=8x8x4,image=77,rq_node=0,ac_node=1587,compute_delay_ns=0"
278,0,1587,100.0,282308480,28160,,"gs=Sao-Paulo,model=8x8x4,image=78,rq_node=0,ac_node=1587,compute_delay_ns=0"
279,0,1587,100.0,283336640,28160,,"gs=Sao-Paulo,model=8x8x4,image=79,rq_node=0,ac_node=1587,compute_delay_ns=0"
280,0,1587,100.0,284364800,28160,,"gs=Sao-Paulo,model=8x8x4,image=80,rq_node=0,ac_node=1587,compute_delay_ns=0"
281,0,1587,100.0,285392960,28160,,"gs=Sao-Paulo,model=8x8x4,image=81,rq_node=0,ac_node=1587,compute_delay_ns=0"
282,0,1587,100.0,286421120,28160,,"gs=Sao-Paulo,model=8x8x4,image=82,rq_node=0,ac_node=1587,compute_delay_ns=0"
283,0,1587,100.0,287449280,28160,,"gs=Sao-Paulo,model=8x8x4,image=83,rq_node=0,ac_node=1587,compute_delay_ns=0"
284,0,1587,100.0,288477440,28160,,"gs=Sao-Paulo,model=8x8x4,image=84,rq_node=0,ac_node=1587,compute_delay_ns=0"
285,0,1587,100.0,289505600,28160,,"gs=Sao-Paulo,model=8x8x4,image=85,rq_node=0,ac_node=1587,compute_delay_ns=0"
286,0,1587,100.0,290533760,28160,,"gs=Sao-Paulo,model=8x8x4,image=86,rq_node=0,ac_node=1587,compute_delay_ns=0"
287,0,1587,100.0,291561920,28160,,"gs=Sao-Paulo,model=8x8x4,image=87,rq_node=0,ac_node=1587,compute_delay_ns=0"
288,0,1587,100.0,292590080,28160,,"gs=Sao-Paulo,model=8x8x4,image=88,rq_node=0,ac_node=1587,compute_delay_ns=0"
289,0,1587,100.0,293618240,28160,,"gs=Sao-Paulo,model=8x8x4,image=89,rq_node=0,ac_node=1587,compute_delay_ns=0"
290,0,1587,100.0,294646400,28160,,"gs=Sao-Paulo,model=8x8x4,image=90,rq_node=0,ac_node=1587,compute_delay_ns=0"
291,0,1587,100.0,295674560,28160,,"gs=Sao-Paulo,model=8x8x4,image=91,rq_node=0,ac_node=1587,compute_delay_ns=0"
292,0,1587,100.0,296702720,28160,,"gs=Sao-Paulo,model=8x8x4,image=92,rq_node=0,ac_node=1587,compute_delay_ns=0"
293,0,1587,100.0,297730880,28160,,"gs=Sao-Paulo,model=8x8x4,image=93,rq_node=0,ac_node=1587,compute_delay_ns=0"
294,0,1587,100.0,298759040,28160,,"gs=Sao-Paulo,model=8x8x4,image=94,rq_node=0,ac_node=1587,compute_delay_ns=0"
295,0,1587,100.0,299787200,28160,,"gs=Sao-Paulo,model=8x8x4,image=95,rq_node=0,ac_node=1587,compute_delay_ns=0"
296,0,1587,100.0,300815360,28160,,"gs=Sao-Paulo,model=8x8x4,image=96,rq_node=0,ac_node=1587,compute_delay_ns=0"
297,0,1587,100.0,301843520,28160,,"gs=Sao-Paulo,model=8x8x4,image=97,rq_node=0,ac_node=1587,compute_delay_ns=0"
298,0,1587,100.0,302871680,28160,,"gs=Sao-Paulo,model=8x8x4,image=98,rq_node=0,ac_node=1587,compute_delay_ns=0"
299,0,1587,100.0,303899840,28160,,"gs=Sao-Paulo,model=8x8x4,image=99,rq_node=0,ac_node=1587,compute_delay_ns=0"
300,0,1587,100.0,304928000,56320,,"gs=Sao-Paulo,model=8x8x8,image=0,rq_node=0,ac_node=1587,compute_delay_ns=0"
301,0,1587,100.0,305984320,56320,,"gs=Sao-Paulo,model=8x8x8,image=1,rq_node=0,ac_node=1587,compute_delay_ns=0"
302,0,1587,100.0,307040640,56320,,"gs=Sao-Paulo,model=8x8x8,image=2,rq_node=0,ac_node=1587,compute_delay_ns=0"
303,0,1587,100.0,308096960,56320,,"gs=Sao-Paulo,model=8x8x8,image=3,rq_node=0,ac_node=1587,compute_delay_ns=0"
304,0,1587,100.0,309153280,56320,,"gs=Sao-Paulo,model=8x8x8,image=4,rq_node=0,ac_node=1587,compute_delay_ns=0"
305,0,1587,100.0,310209600,56320,,"gs=Sao-Paulo,model=8x8x8,image=5,rq_node=0,ac_node=1587,compute_delay_ns=0"
306,0,1587,100.0,311265920,56320,,"gs=Sao-Paulo,model=8x8x8,image=6,rq_node=0,ac_node=1587,compute_delay_ns=0"
307,0,1587,100.0,312322240,56320,,"gs=Sao-Paulo,model=8x8x8,image=7,rq_node=0,ac_node=1587,compute_delay_ns=0"
308,0,1587,100.0,313378560,56320,,"gs=Sao-Paulo,model=8x8x8,image=8,rq_node=0,ac_node=1587,compute_delay_ns=0"
309,0,1587,100.0,314434880,56320,,"gs=Sao-Paulo,model=8x8x8,image=9,rq_node=0,ac_node=1587,compute_delay_ns=0"
310,0,1587,100.0,315491200,56320,,"gs=Sao-Paulo,model=8x8x8,image=10,rq_node=0,ac_node=1587,compute_delay_ns=0"
311,0,1587,100.0,316547520,56320,,"gs=Sao-Paulo,model=8x8x8,image=11,rq_node=0,ac_node=1587,compute_delay_ns=0"
312,0,1587,100.0,317603840,56320,,"gs=Sao-Paulo,model=8x8x8,image=12,rq_node=0,ac_node=1587,compute_delay_ns=0"
313,0,1587,100.0,318660160,56320,,"gs=Sao-Paulo,model=8x8x8,image=13,rq_node=0,ac_node=1587,compute_delay_ns=0"
314,0,1587,100.0,319716480,56320,,"gs=Sao-Paulo,model=8x8x8,image=14,rq_node=0,ac_node=1587,compute_delay_ns=0"
315,0,1587,100.0,320772800,56320,,"gs=Sao-Paulo,model=8x8x8,image=15,rq_node=0,ac_node=1587,compute_delay_ns=0"
316,0,1587,100.0,321829120,56320,,"gs=Sao-Paulo,model=8x8x8,image=16,rq_node=0,ac_node=1587,compute_delay_ns=0"
317,0,1587,100.0,322885440,56320,,"gs=Sao-Paulo,model=8x8x8,image=17,rq_node=0,ac_node=1587,compute_delay_ns=0"
318,0,1587,100.0,323941760,56320,,"gs=Sao-Paulo,model=8x8x8,image=18,rq_node=0,ac_node=1587,compute_delay_ns=0"
319,0,1587,100.0,324998080,56320,,"gs=Sao-Paulo,model=8x8x8,image=19,rq_node=0,ac_node=1587,compute_delay_ns=0"
320,0,1587,100.0,326054400,56320,,"gs=Sao-Paulo,model=8x8x8,image=20,rq_node=0,ac_node=1587,compute_delay_ns=0"
321,0,1587,100.0,327110720,56320,,"gs=Sao-Paulo,model=8x8x8,image=21,rq_node=0,ac_node=1587,compute_delay_ns=0"
322,0,1587,100.0,328167040,56320,,"gs=Sao-Paulo,model=8x8x8,image=22,rq_node=0,ac_node=1587,compute_delay_ns=0"
323,0,1587,100.0,329223360,56320,,"gs=Sao-Paulo,model=8x8x8,image=23,rq_node=0,ac_node=1587,compute_delay_ns=0"
324,0,1587,100.0,330279680,56320,,"gs=Sao-Paulo,model=8x8x8,image=24,rq_node=0,ac_node=1587,compute_delay_ns=0"
325,0,1587,100.0,331336000,56320,,"gs=Sao-Paulo,model=8x8x8,image=25,rq_node=0,ac_node=1587,compute_delay_ns=0"
326,0,1587,100.0,332392320,56320,,"gs=Sao-Paulo,model=8x8x8,image=26,rq_node=0,ac_node=1587,compute_delay_ns=0"
327,0,1587,100.0,333448640,56320,,"gs=Sao-Paulo,model=8x8x8,image=27,rq_node=0,ac_node=1587,compute_delay_ns=0"
328,0,1587,100.0,334504960,56320,,"gs=Sao-Paulo,model=8x8x8,image=28,rq_node=0,ac_node=1587,compute_delay_ns=0"
329,0,1587,100.0,335561280,56320,,"gs=Sao-Paulo,model=8x8x8,image=29,rq_node=0,ac_node=1587,compute_delay_ns=0"
330,0,1587,100.0,336617600,56320,,"gs=Sao-Paulo,model=8x8x8,image=30,rq_node=0,ac_node=1587,compute_delay_ns=0"
331,0,1587,100.0,337673920,56320,,"gs=Sao-Paulo,model=8x8x8,image=31,rq_node=0,ac_node=1587,compute_delay_ns=0"
332,0,1587,100.0,338730240,56320,,"gs=Sao-Paulo,model=8x8x8,image=32,rq_node=0,ac_node=1587,compute_delay_ns=0"
333,0,1587,100.0,339786560,56320,,"gs=Sao-Paulo,model=8x8x8,image=33,rq_node=0,ac_node=1587,compute_delay_ns=0"
334,0,1587,100.0,340842880,56320,,"gs=Sao-Paulo,model=8x8x8,image=34,rq_node=0,ac_node=1587,compute_delay_ns=0"
335,0,1587,100.0,341899200,56320,,"gs=Sao-Paulo,model=8x8x8,image=35,rq_node=0,ac_node=1587,compute_delay_ns=0"
336,0,1587,100.0,342955520,56320,,"gs=Sao-Paulo,model=8x8x8,image=36,rq_node=0,ac_node=1587,compute_delay_ns=0"
337,0,1587,100.0,344011840,56320,,"gs=Sao-Paulo,model=8x8x8,image=37,rq_node=0,ac_node=1587,compute_delay_ns=0"
338,0,1587,100.0,345068160,56320,,"gs=Sao-Paulo,model=8x8x8,image=38,rq_node=0,ac_node=1587,compute_delay_ns=0"
339,0,1587,100.0,346124480,56320,,"gs=Sao-Paulo,model=8x8x8,image=39,rq_node=0,ac_node=1587,compute_delay_ns=0"
340,0,1587,100.0,347180800,56320,,"gs=Sao-Paulo,model=8x8x8,image=40,rq_node=0,ac_node=1587,compute_delay_ns=0"
341,0,1587,100.0,348237120,56320,,"gs=Sao-Paulo,model=8x8x8,image=41,rq_node=0,ac_node=1587,compute_delay_ns=0"
342,0,1587,100.0,349293440,56320,,"gs=Sao-Paulo,model=8x8x8,image=42,rq_node=0,ac_node=1587,compute_delay_ns=0"
343,0,1587,100.0,350349760,56320,,"gs=Sao-Paulo,model=8x8x8,image=43,rq_node=0,ac_node=1587,compute_delay_ns=0"
344,0,1587,100.0,351406080,56320,,"gs=Sao-Paulo,model=8x8x8,image=44,rq_node=0,ac_node=1587,compute_delay_ns=0"
345,0,1587,100.0,352462400,56320,,"gs=Sao-Paulo,model=8x8x8,image=45,rq_node=0,ac_node=1587,compute_delay_ns=0"
346,0,1587,100.0,353518720,56320,,"gs=Sao-Paulo,model=8x8x8,image=46,rq_node=0,ac_node=1587,compute_delay_ns=0"
347,0,1587,100.0,354575040,56320,,"gs=Sao-Paulo,model=8x8x8,image=47,rq_node=0,ac_node=1587,compute_delay_ns=0"
348,0,1587,100.0,355631360,56320,,"gs=Sao-Paulo,model=8x8x8,image=48,rq_node=0,ac_node=1587,compute_delay_ns=0"
349,0,1587,100.0,356687680,56320,,"gs=Sao-Paulo,model=8x8x8,image=49,rq_node=0,ac_node=1587,compute_delay_ns=0"
350,0,1587,100.0,357744000,56320,,"gs=Sao-Paulo,model=8x8x8,image=50,rq_node=0,ac_node=1587,compute_delay_ns=0"
351,0,1587,100.0,358800320,56320,,"gs=Sao-Paulo,model=8x8x8,image=51,rq_node=0,ac_node=1587,compute_delay_ns=0"
352,0,1587,100.0,359856640,56320,,"gs=Sao-Paulo,model=8x8x8,image=52,rq_node=0,ac_node=1587,compute_delay_ns=0"
353,0,1587,100.0,360912960,56320,,"gs=Sao-Paulo,model=8x8x8,image=53,rq_node=0,ac_node=1587,compute_delay_ns=0"
354,0,1587,100.0,361969280,56320,,"gs=Sao-Paulo,model=8x8x8,image=54,rq_node=0,ac_node=1587,compute_delay_ns=0"
355,0,1587,100.0,363025600,56320,,"gs=Sao-Paulo,model=8x8x8,image=55,rq_node=0,ac_node=1587,compute_delay_ns=0"
356,0,1587,100.0,364081920,56320,,"gs=Sao-Paulo,model=8x8x8,image=56,rq_node=0,ac_node=1587,compute_delay_ns=0"
357,0,1587,100.0,365138240,56320,,"gs=Sao-Paulo,model=8x8x8,image=57,rq_node=0,ac_node=1587,compute_delay_ns=0"
358,0,1587,100.0,366194560,56320,,"gs=Sao-Paulo,model=8x8x8,image=58,rq_node=0,ac_node=1587,compute_delay_ns=0"
359,0,1587,100.0,367250880,56320,,"gs=Sao-Paulo,model=8x8x8,image=59,rq_node=0,ac_node=1587,compute_delay_ns=0"
360,0,1587,100.0,368307200,56320,,"gs=Sao-Paulo,model=8x8x8,image=60,rq_node=0,ac_node=1587,compute_delay_ns=0"
361,0,1587,100.0,369363520,56320,,"gs=Sao-Paulo,model=8x8x8,image=61,rq_node=0,ac_node=1587,compute_delay_ns=0"
362,0,1587,100.0,370419840,56320,,"gs=Sao-Paulo,model=8x8x8,image=62,rq_node=0,ac_node=1587,compute_delay_ns=0"
363,0,1587,100.0,371476160,56320,,"gs=Sao-Paulo,model=8x8x8,image=63,rq_node=0,ac_node=1587,compute_delay_ns=0"
364,0,1587,100.0,372532480,56320,,"gs=Sao-Paulo,model=8x8x8,image=64,rq_node=0,ac_node=1587,compute_delay_ns=0"
365,0,1587,100.0,373588800,56320,,"gs=Sao-Paulo,model=8x8x8,image=65,rq_node=0,ac_node=1587,compute_delay_ns=0"
366,0,1587,100.0,374645120,56320,,"gs=Sao-Paulo,model=8x8x8,image=66,rq_node=0,ac_node=1587,compute_delay_ns=0"
367,0,1587,100.0,375701440,56320,,"gs=Sao-Paulo,model=8x8x8,image=67,rq_node=0,ac_node=1587,compute_delay_ns=0"
368,0,1587,100.0,376757760,56320,,"gs=Sao-Paulo,model=8x8x8,image=68,rq_node=0,ac_node=1587,compute_delay_ns=0"
369,0,1587,100.0,377814080,56320,,"gs=Sao-Paulo,model=8x8x8,image=69,rq_node=0,ac_node=1587,compute_delay_ns=0"
370,0,1587,100.0,378870400,56320,,"gs=Sao-Paulo,model=8x8x8,image=70,rq_node=0,ac_node=1587,compute_delay_ns=0"
371,0,1587,100.0,379926720,56320,,"gs=Sao-Paulo,model=8x8x8,image=71,rq_node=0,ac_node=1587,compute_delay_ns=0"
372,0,1587,100.0,380983040,56320,,"gs=Sao-Paulo,model=8x8x8,image=72,rq_node=0,ac_node=1587,compute_delay_ns=0"
373,0,1587,100.0,382039360,56320,,"gs=Sao-Paulo,model=8x8x8,image=73,rq_node=0,ac_node=1587,compute_delay_ns=0"
374,0,1587,100.0,383095680,56320,,"gs=Sao-Paulo,model=8x8x8,image=74,rq_node=0,ac_node=1587,compute_delay_ns=0"
375,0,1587,100.0,384152000,56320,,"gs=Sao-Paulo,model=8x8x8,image=75,rq_node=0,ac_node=1587,compute_delay_ns=0"
376,0,1587,100.0,385208320,56320,,"gs=Sao-Paulo,model=8x8x8,image=76,rq_node=0,ac_node=1587,compute_delay_ns=0"
377,0,1587,100.0,386264640,56320,,"gs=Sao-Paulo,model=8x8x8,image=77,rq_node=0,ac_node=1587,compute_delay_ns=0"
378,0,1587,100.0,387320960,56320,,"gs=Sao-Paulo,model=8x8x8,image=78,rq_node=0,ac_node=1587,compute_delay_ns=0"
379,0,1587,100.0,388377280,56320,,"gs=Sao-Paulo,model=8x8x8,image=79,rq_node=0,ac_node=1587,compute_delay_ns=0"
380,0,1587,100.0,389433600,56320,,"gs=Sao-Paulo,model=8x8x8,image=80,rq_node=0,ac_node=1587,compute_delay_ns=0"
381,0,1587,100.0,390489920,56320,,"gs=Sao-Paulo,model=8x8x8,image=81,rq_node=0,ac_node=1587,compute_delay_ns=0"
382,0,1587,100.0,391546240,56320,,"gs=Sao-Paulo,model=8x8x8,image=82,rq_node=0,ac_node=1587,compute_delay_ns=0"
383,0,1587,100.0,392602560,56320,,"gs=Sao-Paulo,model=8x8x8,image=83,rq_node=0,ac_node=1587,compute_delay_ns=0"
384,0,1587,100.0,393658880,56320,,"gs=Sao-Paulo,model=8x8x8,image=84,rq_node=0,ac_node=1587,compute_delay_ns=0"
385,0,1587,100.0,394715200,56320,,"gs=Sao-Paulo,model=8x8x8,image=85,rq_node=0,ac_node=1587,compute_delay_ns=0"
386,0,1587,100.0,395771520,56320,,"gs=Sao-Paulo,model=8x8x8,image=86,rq_node=0,ac_node=1587,compute_delay_ns=0"
387,0,1587,100.0,396827840,56320,,"gs=Sao-Paulo,model=8x8x8,image=87,rq_node=0,ac_node=1587,compute_delay_ns=0"
388,0,1587,100.0,397884160,56320,,"gs=Sao-Paulo,model=8x8x8,image=88,rq_node=0,ac_node=1587,compute_delay_ns=0"
389,0,1587,100.0,398940480,56320,,"gs=Sao-Paulo,model=8x8x8,image=89,rq_node=0,ac_node=1587,compute_delay_ns=0"
390,0,1587,100.0,399996800,56320,,"gs=Sao-Paulo,model=8x8x8,image=90,rq_node=0,ac_node=1587,compute_delay_ns=0"
391,0,1587,100.0,401053120,56320,,"gs=Sao-Paulo,model=8x8x8,image=91,rq_node=0,ac_node=1587,compute_delay_ns=0"
392,0,1587,100.0,402109440,56320,,"gs=Sao-Paulo,model=8x8x8,image=92,rq_node=0,ac_node=1587,compute_delay_ns=0"
393,0,1587,100.0,403165760,56320,,"gs=Sao-Paulo,model=8x8x8,image=93,rq_node=0,ac_node=1587,compute_delay_ns=0"
394,0,1587,100.0,404222080,56320,,"gs=Sao-Paulo,model=8x8x8,image=94,rq_node=0,ac_node=1587,compute_delay_ns=0"
395,0,1587,100.0,405278400,56320,,"gs=Sao-Paulo,model=8x8x8,image=95,rq_node=0,ac_node=1587,compute_delay_ns=0"
396,0,1587,100.0,406334720,56320,,"gs=Sao-Paulo,model=8x8x8,image=96,rq_node=0,ac_node=1587,compute_delay_ns=0"
397,0,1587,100.0,407391040,56320,,"gs=Sao-Paulo,model=8x8x8,image=97,rq_node=0,ac_node=1587,compute_delay_ns=0"
398,0,1587,100.0,408447360,56320,,"gs=Sao-Paulo,model=8x8x8,image=98,rq_node=0,ac_node=1587,compute_delay_ns=0"
399,0,1587,100.0,409503680,56320,,"gs=Sao-Paulo,model=8x8x8,image=99,rq_node=0,ac_node=1587,compute_delay_ns=0"
400,0,1587,100.0,410560000,112640,,"gs=Sao-Paulo,model=8x8x16,image=0,rq_node=0,ac_node=1587,compute_delay_ns=0"
401,0,1587,100.0,411672640,112640,,"gs=Sao-Paulo,model=8x8x16,image=1,rq_node=0,ac_node=1587,compute_delay_ns=0"
402,0,1587,100.0,412785280,112640,,"gs=Sao-Paulo,model=8x8x16,image=2,rq_node=0,ac_node=1587,compute_delay_ns=0"
403,0,1587,100.0,413897920,112640,,"gs=Sao-Paulo,model=8x8x16,image=3,rq_node=0,ac_node=1587,compute_delay_ns=0"
404,0,1587,100.0,415010560,112640,,"gs=Sao-Paulo,model=8x8x16,image=4,rq_node=0,ac_node=1587,compute_delay_ns=0"
405,0,1587,100.0,416123200,112640,,"gs=Sao-Paulo,model=8x8x16,image=5,rq_node=0,ac_node=1587,compute_delay_ns=0"
406,0,1587,100.0,417235840,112640,,"gs=Sao-Paulo,model=8x8x16,image=6,rq_node=0,ac_node=1587,compute_delay_ns=0"
407,0,1587,100.0,418348480,112640,,"gs=Sao-Paulo,model=8x8x16,image=7,rq_node=0,ac_node=1587,compute_delay_ns=0"
408,0,1587,100.0,419461120,112640,,"gs=Sao-Paulo,model=8x8x16,image=8,rq_node=0,ac_node=1587,compute_delay_ns=0"
409,0,1587,100.0,420573760,112640,,"gs=Sao-Paulo,model=8x8x16,image=9,rq_node=0,ac_node=1587,compute_delay_ns=0"
410,0,1587,100.0,421686400,112640,,"gs=Sao-Paulo,model=8x8x16,image=10,rq_node=0,ac_node=1587,compute_delay_ns=0"
411,0,1587,100.0,422799040,112640,,"gs=Sao-Paulo,model=8x8x16,image=11,rq_node=0,ac_node=1587,compute_delay_ns=0"
412,0,1587,100.0,423911680,112640,,"gs=Sao-Paulo,model=8x8x16,image=12,rq_node=0,ac_node=1587,compute_delay_ns=0"
413,0,1587,100.0,425024320,112640,,"gs=Sao-Paulo,model=8x8x16,image=13,rq_node=0,ac_node=1587,compute_delay_ns=0"
414,0,1587,100.0,426136960,112640,,"gs=Sao-Paulo,model=8x8x16,image=14,rq_node=0,ac_node=1587,compute_delay_ns=0"
415,0,1587,100.0,427249600,112640,,"gs=Sao-Paulo,model=8x8x16,image=15,rq_node=0,ac_node=1587,compute_delay_ns=0"
416,0,1587,100.0,428362240,112640,,"gs=Sao-Paulo,model=8x8x16,image=16,rq_node=0,ac_node=1587,compute_delay_ns=0"
417,0,1587,100.0,429474880,112640,,"gs=Sao-Paulo,model=8x8x16,image=17,rq_node=0,ac_node=1587,compute_delay_ns=0"
418,0,1587,100.0,430587520,112640,,"gs=Sao-Paulo,model=8x8x16,image=18,rq_node=0,ac_node=1587,compute_delay_ns=0"
419,0,1587,100.0,431700160,112640,,"gs=Sao-Paulo,model=8x8x16,image=19,rq_node=0,ac_node=1587,compute_delay_ns=0"
420,0,1587,100.0,432812800,112640,,"gs=Sao-Paulo,model=8x8x16,image=20,rq_node=0,ac_node=1587,compute_delay_ns=0"
421,0,1587,100.0,433925440,112640,,"gs=Sao-Paulo,model=8x8x16,image=21,rq_node=0,ac_node=1587,compute_delay_ns=0"
422,0,1587,100.0,435038080,112640,,"gs=Sao-Paulo,model=8x8x16,image=22,rq_node=0,ac_node=1587,compute_delay_ns=0"
423,0,1587,100.0,436150720,112640,,"gs=Sao-Paulo,model=8x8x16,image=23,rq_node=0,ac_node=1587,compute_delay_ns=0"
424,0,1587,100.0,437263360,112640,,"gs=Sao-Paulo,model=8x8x16,image=24,rq_node=0,ac_node=1587,compute_delay_ns=0"
425,0,1587,100.0,438376000,112640,,"gs=Sao-Paulo,model=8x8x16,image=25,rq_node=0,ac_node=1587,compute_delay_ns=0"
426,0,1587,100.0,439488640,112640,,"gs=Sao-Paulo,model=8x8x16,image=26,rq_node=0,ac_node=1587,compute_delay_ns=0"
427,0,1587,100.0,440601280,112640,,"gs=Sao-Paulo,model=8x8x16,image=27,rq_node=0,ac_node=1587,compute_delay_ns=0"
428,0,1587,100.0,441713920,112640,,"gs=Sao-Paulo,model=8x8x16,image=28,rq_node=0,ac_node=1587,compute_delay_ns=0"
429,0,1587,100.0,442826560,112640,,"gs=Sao-Paulo,model=8x8x16,image=29,rq_node=0,ac_node=1587,compute_delay_ns=0"
430,0,1587,100.0,443939200,112640,,"gs=Sao-Paulo,model=8x8x16,image=30,rq_node=0,ac_node=1587,compute_delay_ns=0"
431,0,1587,100.0,445051840,112640,,"gs=Sao-Paulo,model=8x8x16,image=31,rq_node=0,ac_node=1587,compute_delay_ns=0"
432,0,1587,100.0,446164480,112640,,"gs=Sao-Paulo,model=8x8x16,image=32,rq_node=0,ac_node=1587,compute_delay_ns=0"
433,0,1587,100.0,447277120,112640,,"gs=Sao-Paulo,model=8x8x16,image=33,rq_node=0,ac_node=1587,compute_delay_ns=0"
434,0,1587,100.0,448389760,112640,,"gs=Sao-Paulo,model=8x8x16,image=34,rq_node=0,ac_node=1587,compute_delay_ns=0"
435,0,1587,100.0,449502400,112640,,"gs=Sao-Paulo,model=8x8x16,image=35,rq_node=0,ac_node=1587,compute_delay_ns=0"
436,0,1587,100.0,450615040,112640,,"gs=Sao-Paulo,model=8x8x16,image=36,rq_node=0,ac_node=1587,compute_delay_ns=0"
437,0,1587,100.0,451727680,112640,,"gs=Sao-Paulo,model=8x8x16,image=37,rq_node=0,ac_node=1587,compute_delay_ns=0"
438,0,1587,100.0,452840320,112640,,"gs=Sao-Paulo,model=8x8x16,image=38,rq_node=0,ac_node=1587,compute_delay_ns=0"
439,0,1587,100.0,453952960,112640,,"gs=Sao-Paulo,model=8x8x16,image=39,rq_node=0,ac_node=1587,compute_delay_ns=0"
440,0,1587,100.0,455065600,112640,,"gs=Sao-Paulo,model=8x8x16,image=40,rq_node=0,ac_node=1587,compute_delay_ns=0"
441,0,1587,100.0,456178240,112640,,"gs=Sao-Paulo,model=8x8x16,image=41,rq_node=0,ac_node=1587,compute_delay_ns=0"
442,0,1587,100.0,457290880,112640,,"gs=Sao-Paulo,model=8x8x16,image=42,rq_node=0,ac_node=1587,compute_delay_ns=0"
443,0,1587,100.0,458403520,112640,,"gs=Sao-Paulo,model=8x8x16,image=43,rq_node=0,ac_node=1587,compute_delay_ns=0"
444,0,1587,100.0,459516160,112640,,"gs=Sao-Paulo,model=8x8x16,image=44,rq_node=0,ac_node=1587,compute_delay_ns=0"
445,0,1587,100.0,460628800,112640,,"gs=Sao-Paulo,model=8x8x16,image=45,rq_node=0,ac_node=1587,compute_delay_ns=0"
446,0,1587,100.0,461741440,112640,,"gs=Sao-Paulo,model=8x8x16,image=46,rq_node=0,ac_node=1587,compute_delay_ns=0"
447,0,1587,100.0,462854080,112640,,"gs=Sao-Paulo,model=8x8x16,image=47,rq_node=0,ac_node=1587,compute_delay_ns=0"
448,0,1587,100.0,463966720,112640,,"gs=Sao-Paulo,model=8x8x16,image=48,rq_node=0,ac_node=1587,compute_delay_ns=0"
449,0,1587,100.0,465079360,112640,,"gs=Sao-Paulo,model=8x8x16,image=49,rq_node=0,ac_node=1587,compute_delay_ns=0"
450,0,1587,100.0,466192000,112640,,"gs=Sao-Paulo,model=8x8x16,image=50,rq_node=0,ac_node=1587,compute_delay_ns=0"
451,0,1587,100.0,467304640,112640,,"gs=Sao-Paulo,model=8x8x16,image=51,rq_node=0,ac_node=1587,compute_delay_ns=0"
452,0,1587,100.0,468417280,112640,,"gs=Sao-Paulo,model=8x8x16,image=52,rq_node=0,ac_node=1587,compute_delay_ns=0"
453,0,1587,100.0,469529920,112640,,"gs=Sao-Paulo,model=8x8x16,image=53,rq_node=0,ac_node=1587,compute_delay_ns=0"
454,0,1587,100.0,470642560,112640,,"gs=Sao-Paulo,model=8x8x16,image=54,rq_node=0,ac_node=1587,compute_delay_ns=0"
455,0,1587,100.0,471755200,112640,,"gs=Sao-Paulo,model=8x8x16,image=55,rq_node=0,ac_node=1587,compute_delay_ns=0"
456,0,1587,100.0,472867840,112640,,"gs=Sao-Paulo,model=8x8x16,image=56,rq_node=0,ac_node=1587,compute_delay_ns=0"
457,0,1587,100.0,473980480,112640,,"gs=Sao-Paulo,model=8x8x16,image=57,rq_node=0,ac_node=1587,compute_delay_ns=0"
458,0,1587,100.0,475093120,112640,,"gs=Sao-Paulo,model=8x8x16,image=58,rq_node=0,ac_node=1587,compute_delay_ns=0"
459,0,1587,100.0,476205760,112640,,"gs=Sao-Paulo,model=8x8x16,image=59,rq_node=0,ac_node=1587,compute_delay_ns=0"
460,0,1587,100.0,477318400,112640,,"gs=Sao-Paulo,model=8x8x16,image=60,rq_node=0,ac_node=1587,compute_delay_ns=0"
461,0,1587,100.0,478431040,112640,,"gs=Sao-Paulo,model=8x8x16,image=61,rq_node=0,ac_node=1587,compute_delay_ns=0"
462,0,1587,100.0,479543680,112640,,"gs=Sao-Paulo,model=8x8x16,image=62,rq_node=0,ac_node=1587,compute_delay_ns=0"
463,0,1587,100.0,480656320,112640,,"gs=Sao-Paulo,model=8x8x16,image=63,rq_node=0,ac_node=1587,compute_delay_ns=0"
464,0,1587,100.0,481768960,112640,,"gs=Sao-Paulo,model=8x8x16,image=64,rq_node=0,ac_node=1587,compute_delay_ns=0"
465,0,1587,100.0,482881600,112640,,"gs=Sao-Paulo,model=8x8x16,image=65,rq_node=0,ac_node=1587,compute_delay_ns=0"
466,0,1587,100.0,483994240,112640,,"gs=Sao-Paulo,model=8x8x16,image=66,rq_node=0,ac_node=1587,compute_delay_ns=0"
467,0,1587,100.0,485106880,112640,,"gs=Sao-Paulo,model=8x8x16,image=67,rq_node=0,ac_node=1587,compute_delay_ns=0"
468,0,1587,100.0,486219520,112640,,"gs=Sao-Paulo,model=8x8x16,image=68,rq_node=0,ac_node=1587,compute_delay_ns=0"
469,0,1587,100.0,487332160,112640,,"gs=Sao-Paulo,model=8x8x16,image=69,rq_node=0,ac_node=1587,compute_delay_ns=0"
470,0,1587,100.0,488444800,112640,,"gs=Sao-Paulo,model=8x8x16,image=70,rq_node=0,ac_node=1587,compute_delay_ns=0"
471,0,1587,100.0,489557440,112640,,"gs=Sao-Paulo,model=8x8x16,image=71,rq_node=0,ac_node=1587,compute_delay_ns=0"
472,0,1587,100.0,490670080,112640,,"gs=Sao-Paulo,model=8x8x16,image=72,rq_node=0,ac_node=1587,compute_delay_ns=0"
473,0,1587,100.0,491782720,112640,,"gs=Sao-Paulo,model=8x8x16,image=73,rq_node=0,ac_node=1587,compute_delay_ns=0"
474,0,1587,100.0,492895360,112640,,"gs=Sao-Paulo,model=8x8x16,image=74,rq_node=0,ac_node=1587,compute_delay_ns=0"
475,0,1587,100.0,494008000,112640,,"gs=Sao-Paulo,model=8x8x16,image=75,rq_node=0,ac_node=1587,compute_delay_ns=0"
476,0,1587,100.0,495120640,112640,,"gs=Sao-Paulo,model=8x8x16,image=76,rq_node=0,ac_node=1587,compute_delay_ns=0"
477,0,1587,100.0,496233280,112640,,"gs=Sao-Paulo,model=8x8x16,image=77,rq_node=0,ac_node=1587,compute_delay_ns=0"
478,0,1587,100.0,497345920,112640,,"gs=Sao-Paulo,model=8x8x16,image=78,rq_node=0,ac_node=1587,compute_delay_ns=0"
479,0,1587,100.0,498458560,112640,,"gs=Sao-Paulo,model=8x8x16,image=79,rq_node=0,ac_node=1587,compute_delay_ns=0"
480,0,1587,100.0,499571200,112640,,"gs=Sao-Paulo,model=8x8x16,image=80,rq_node=0,ac_node=1587,compute_delay_ns=0"
481,0,1587,100.0,500683840,112640,,"gs=Sao-Paulo,model=8x8x16,image=81,rq_node=0,ac_node=1587,compute_delay_ns=0"
482,0,1587,100.0,501796480,112640,,"gs=Sao-Paulo,model=8x8x16,image=82,rq_node=0,ac_node=1587,compute_delay_ns=0"
483,0,1587,100.0,502909120,112640,,"gs=Sao-Paulo,model=8x8x16,image=83,rq_node=0,ac_node=1587,compute_delay_ns=0"
484,0,1587,100.0,504021760,112640,,"gs=Sao-Paulo,model=8x8x16,image=84,rq_node=0,ac_node=1587,compute_delay_ns=0"
485,0,1587,100.0,505134400,112640,,"gs=Sao-Paulo,model=8x8x16,image=85,rq_node=0,ac_node=1587,compute_delay_ns=0"
486,0,1587,100.0,506247040,112640,,"gs=Sao-Paulo,model=8x8x16,image=86,rq_node=0,ac_node=1587,compute_delay_ns=0"
487,0,1587,100.0,507359680,112640,,"gs=Sao-Paulo,model=8x8x16,image=87,rq_node=0,ac_node=1587,compute_delay_ns=0"
488,0,1587,100.0,508472320,112640,,"gs=Sao-Paulo,model=8x8x16,image=88,rq_node=0,ac_node=1587,compute_delay_ns=0"
489,0,1587,100.0,509584960,112640,,"gs=Sao-Paulo,model=8x8x16,image=89,rq_node=0,ac_node=1587,compute_delay_ns=0"
490,0,1587,100.0,510697600,112640,,"gs=Sao-Paulo,model=8x8x16,image=90,rq_node=0,ac_node=1587,compute_delay_ns=0"
491,0,1587,100.0,511810240,112640,,"gs=Sao-Paulo,model=8x8x16,image=91,rq_node=0,ac_node=1587,compute_delay_ns=0"
492,0,1587,100.0,512922880,112640,,"gs=Sao-Paulo,model=8x8x16,image=92,rq_node=0,ac_node=1587,compute_delay_ns=0"
493,0,1587,100.0,514035520,112640,,"gs=Sao-Paulo,model=8x8x16,image=93,rq_node=0,ac_node=1587,compute_delay_ns=0"
494,0,1587,100.0,515148160,112640,,"gs=Sao-Paulo,model=8x8x16,image=94,rq_node=0,ac_node=1587,compute_delay_ns=0"
495,0,1587,100.0,516260800,112640,,"gs=Sao-Paulo,model=8x8x16,image=95,rq_node=0,ac_node=1587,compute_delay_ns=0"
496,0,1587,100.0,517373440,112640,,"gs=Sao-Paulo,model=8x8x16,image=96,rq_node=0,ac_node=1587,compute_delay_ns=0"
497,0,1587,100.0,518486080,112640,,"gs=Sao-Paulo,model=8x8x16,image=97,rq_node=0,ac_node=1587,compute_delay_ns=0"
498,0,1587,100.0,519598720,112640,,"gs=Sao-Paulo,model=8x8x16,image=98,rq_node=0,ac_node=1587,compute_delay_ns=0"
499,0,1587,100.0,520711360,112640,,"gs=Sao-Paulo,model=8x8x16,image=99,rq_node=0,ac_node=1587,compute_delay_ns=0"
500,330,1588,100.0,0,7040,,"gs=Mumbai,model=8x8x1,image=0,rq_node=330,ac_node=1588,compute_delay_ns=0"
501,330,1588,100.0,1007040,7040,,"gs=Mumbai,model=8x8x1,image=1,rq_node=330,ac_node=1588,compute_delay_ns=0"
502,330,1588,100.0,2014080,7040,,"gs=Mumbai,model=8x8x1,image=2,rq_node=330,ac_node=1588,compute_delay_ns=0"
503,330,1588,100.0,3021120,7040,,"gs=Mumbai,model=8x8x1,image=3,rq_node=330,ac_node=1588,compute_delay_ns=0"
504,330,1588,100.0,4028160,7040,,"gs=Mumbai,model=8x8x1,image=4,rq_node=330,ac_node=1588,compute_delay_ns=0"
505,330,1588,100.0,5035200,7040,,"gs=Mumbai,model=8x8x1,image=5,rq_node=330,ac_node=1588,compute_delay_ns=0"
506,330,1588,100.0,6042240,7040,,"gs=Mumbai,model=8x8x1,image=6,rq_node=330,ac_node=1588,compute_delay_ns=0"
507,330,1588,100.0,7049280,7040,,"gs=Mumbai,model=8x8x1,image=7,rq_node=330,ac_node=1588,compute_delay_ns=0"
508,330,1588,100.0,8056320,7040,,"gs=Mumbai,model=8x8x1,image=8,rq_node=330,ac_node=1588,compute_delay_ns=0"
509,330,1588,100.0,9063360,7040,,"gs=Mumbai,model=8x8x1,image=9,rq_node=330,ac_node=1588,compute_delay_ns=0"
510,330,1588,100.0,10070400,7040,,"gs=Mumbai,model=8x8x1,image=10,rq_node=330,ac_node=1588,compute_delay_ns=0"
511,330,1588,100.0,11077440,7040,,"gs=Mumbai,model=8x8x1,image=11,rq_node=330,ac_node=1588,compute_delay_ns=0"
512,330,1588,100.0,12084480,7040,,"gs=Mumbai,model=8x8x1,image=12,rq_node=330,ac_node=1588,compute_delay_ns=0"
513,330,1588,100.0,13091520,7040,,"gs=Mumbai,model=8x8x1,image=13,rq_node=330,ac_node=1588,compute_delay_ns=0"
514,330,1588,100.0,14098560,7040,,"gs=Mumbai,model=8x8x1,image=14,rq_node=330,ac_node=1588,compute_delay_ns=0"
515,330,1588,100.0,15105600,7040,,"gs=Mumbai,model=8x8x1,image=15,rq_node=330,ac_node=1588,compute_delay_ns=0"
516,330,1588,100.0,16112640,7040,,"gs=Mumbai,model=8x8x1,image=16,rq_node=330,ac_node=1588,compute_delay_ns=0"
517,330,1588,100.0,17119680,7040,,"gs=Mumbai,model=8x8x1,image=17,rq_node=330,ac_node=1588,compute_delay_ns=0"
518,330,1588,100.0,18126720,7040,,"gs=Mumbai,model=8x8x1,image=18,rq_node=330,ac_node=1588,compute_delay_ns=0"
519,330,1588,100.0,19133760,7040,,"gs=Mumbai,model=8x8x1,image=19,rq_node=330,ac_node=1588,compute_delay_ns=0"
520,330,1588,100.0,20140800,7040,,"gs=Mumbai,model=8x8x1,image=20,rq_node=330,ac_node=1588,compute_delay_ns=0"
521,330,1588,100.0,21147840,7040,,"gs=Mumbai,model=8x8x1,image=21,rq_node=330,ac_node=1588,compute_delay_ns=0"
522,330,1588,100.0,22154880,7040,,"gs=Mumbai,model=8x8x1,image=22,rq_node=330,ac_node=1588,compute_delay_ns=0"
523,330,1588,100.0,23161920,7040,,"gs=Mumbai,model=8x8x1,image=23,rq_node=330,ac_node=1588,compute_delay_ns=0"
524,330,1588,100.0,24168960,7040,,"gs=Mumbai,model=8x8x1,image=24,rq_node=330,ac_node=1588,compute_delay_ns=0"
525,330,1588,100.0,25176000,7040,,"gs=Mumbai,model=8x8x1,image=25,rq_node=330,ac_node=1588,compute_delay_ns=0"
526,330,1588,100.0,26183040,7040,,"gs=Mumbai,model=8x8x1,image=26,rq_node=330,ac_node=1588,compute_delay_ns=0"
527,330,1588,100.0,27190080,7040,,"gs=Mumbai,model=8x8x1,image=27,rq_node=330,ac_node=1588,compute_delay_ns=0"
528,330,1588,100.0,28197120,7040,,"gs=Mumbai,model=8x8x1,image=28,rq_node=330,ac_node=1588,compute_delay_ns=0"
529,330,1588,100.0,29204160,7040,,"gs=Mumbai,model=8x8x1,image=29,rq_node=330,ac_node=1588,compute_delay_ns=0"
530,330,1588,100.0,30211200,7040,,"gs=Mumbai,model=8x8x1,image=30,rq_node=330,ac_node=1588,compute_delay_ns=0"
531,330,1588,100.0,31218240,7040,,"gs=Mumbai,model=8x8x1,image=31,rq_node=330,ac_node=1588,compute_delay_ns=0"
532,330,1588,100.0,32225280,7040,,"gs=Mumbai,model=8x8x1,image=32,rq_node=330,ac_node=1588,compute_delay_ns=0"
533,330,1588,100.0,33232320,7040,,"gs=Mumbai,model=8x8x1,image=33,rq_node=330,ac_node=1588,compute_delay_ns=0"
534,330,1588,100.0,34239360,7040,,"gs=Mumbai,model=8x8x1,image=34,rq_node=330,ac_node=1588,compute_delay_ns=0"
535,330,1588,100.0,35246400,7040,,"gs=Mumbai,model=8x8x1,image=35,rq_node=330,ac_node=1588,compute_delay_ns=0"
536,330,1588,100.0,36253440,7040,,"gs=Mumbai,model=8x8x1,image=36,rq_node=330,ac_node=1588,compute_delay_ns=0"
537,330,1588,100.0,37260480,7040,,"gs=Mumbai,model=8x8x1,image=37,rq_node=330,ac_node=1588,compute_delay_ns=0"
538,330,1588,100.0,38267520,7040,,"gs=Mumbai,model=8x8x1,image=38,rq_node=330,ac_node=1588,compute_delay_ns=0"
539,330,1588,100.0,39274560,7040,,"gs=Mumbai,model=8x8x1,image=39,rq_node=330,ac_node=1588,compute_delay_ns=0"
540,330,1588,100.0,40281600,7040,,"gs=Mumbai,model=8x8x1,image=40,rq_node=330,ac_node=1588,compute_delay_ns=0"
541,330,1588,100.0,41288640,7040,,"gs=Mumbai,model=8x8x1,image=41,rq_node=330,ac_node=1588,compute_delay_ns=0"
542,330,1588,100.0,42295680,7040,,"gs=Mumbai,model=8x8x1,image=42,rq_node=330,ac_node=1588,compute_delay_ns=0"
543,330,1588,100.0,43302720,7040,,"gs=Mumbai,model=8x8x1,image=43,rq_node=330,ac_node=1588,compute_delay_ns=0"
544,330,1588,100.0,44309760,7040,,"gs=Mumbai,model=8x8x1,image=44,rq_node=330,ac_node=1588,compute_delay_ns=0"
545,330,1588,100.0,45316800,7040,,"gs=Mumbai,model=8x8x1,image=45,rq_node=330,ac_node=1588,compute_delay_ns=0"
546,330,1588,100.0,46323840,7040,,"gs=Mumbai,model=8x8x1,image=46,rq_node=330,ac_node=1588,compute_delay_ns=0"
547,330,1588,100.0,47330880,7040,,"gs=Mumbai,model=8x8x1,image=47,rq_node=330,ac_node=1588,compute_delay_ns=0"
548,330,1588,100.0,48337920,7040,,"gs=Mumbai,model=8x8x1,image=48,rq_node=330,ac_node=1588,compute_delay_ns=0"
549,330,1588,100.0,49344960,7040,,"gs=Mumbai,model=8x8x1,image=49,rq_node=330,ac_node=1588,compute_delay_ns=0"
550,330,1588,100.0,50352000,7040,,"gs=Mumbai,model=8x8x1,image=50,rq_node=330,ac_node=1588,compute_delay_ns=0"
551,330,1588,100.0,51359040,7040,,"gs=Mumbai,model=8x8x1,image=51,rq_node=330,ac_node=1588,compute_delay_ns=0"
552,330,1588,100.0,52366080,7040,,"gs=Mumbai,model=8x8x1,image=52,rq_node=330,ac_node=1588,compute_delay_ns=0"
553,330,1588,100.0,53373120,7040,,"gs=Mumbai,model=8x8x1,image=53,rq_node=330,ac_node=1588,compute_delay_ns=0"
554,330,1588,100.0,54380160,7040,,"gs=Mumbai,model=8x8x1,image=54,rq_node=330,ac_node=1588,compute_delay_ns=0"
555,330,1588,100.0,55387200,7040,,"gs=Mumbai,model=8x8x1,image=55,rq_node=330,ac_node=1588,compute_delay_ns=0"
556,330,1588,100.0,56394240,7040,,"gs=Mumbai,model=8x8x1,image=56,rq_node=330,ac_node=1588,compute_delay_ns=0"
557,330,1588,100.0,57401280,7040,,"gs=Mumbai,model=8x8x1,image=57,rq_node=330,ac_node=1588,compute_delay_ns=0"
558,330,1588,100.0,58408320,7040,,"gs=Mumbai,model=8x8x1,image=58,rq_node=330,ac_node=1588,compute_delay_ns=0"
559,330,1588,100.0,59415360,7040,,"gs=Mumbai,model=8x8x1,image=59,rq_node=330,ac_node=1588,compute_delay_ns=0"
560,330,1588,100.0,60422400,7040,,"gs=Mumbai,model=8x8x1,image=60,rq_node=330,ac_node=1588,compute_delay_ns=0"
561,330,1588,100.0,61429440,7040,,"gs=Mumbai,model=8x8x1,image=61,rq_node=330,ac_node=1588,compute_delay_ns=0"
562,330,1588,100.0,62436480,7040,,"gs=Mumbai,model=8x8x1,image=62,rq_node=330,ac_node=1588,compute_delay_ns=0"
563,330,1588,100.0,63443520,7040,,"gs=Mumbai,model=8x8x1,image=63,rq_node=330,ac_node=1588,compute_delay_ns=0"
564,330,1588,100.0,64450560,7040,,"gs=Mumbai,model=8x8x1,image=64,rq_node=330,ac_node=1588,compute_delay_ns=0"
565,330,1588,100.0,65457600,7040,,"gs=Mumbai,model=8x8x1,image=65,rq_node=330,ac_node=1588,compute_delay_ns=0"
566,330,1588,100.0,66464640,7040,,"gs=Mumbai,model=8x8x1,image=66,rq_node=330,ac_node=1588,compute_delay_ns=0"
567,330,1588,100.0,67471680,7040,,"gs=Mumbai,model=8x8x1,image=67,rq_node=330,ac_node=1588,compute_delay_ns=0"
568,330,1588,100.0,68478720,7040,,"gs=Mumbai,model=8x8x1,image=68,rq_node=330,ac_node=1588,compute_delay_ns=0"
569,330,1588,100.0,69485760,7040,,"gs=Mumbai,model=8x8x1,image=69,rq_node=330,ac_node=1588,compute_delay_ns=0"
570,330,1588,100.0,70492800,7040,,"gs=Mumbai,model=8x8x1,image=70,rq_node=330,ac_node=1588,compute_delay_ns=0"
571,330,1588,100.0,71499840,7040,,"gs=Mumbai,model=8x8x1,image=71,rq_node=330,ac_node=1588,compute_delay_ns=0"
572,330,1588,100.0,72506880,7040,,"gs=Mumbai,model=8x8x1,image=72,rq_node=330,ac_node=1588,compute_delay_ns=0"
573,330,1588,100.0,73513920,7040,,"gs=Mumbai,model=8x8x1,image=73,rq_node=330,ac_node=1588,compute_delay_ns=0"
574,330,1588,100.0,74520960,7040,,"gs=Mumbai,model=8x8x1,image=74,rq_node=330,ac_node=1588,compute_delay_ns=0"
575,330,1588,100.0,75528000,7040,,"gs=Mumbai,model=8x8x1,image=75,rq_node=330,ac_node=1588,compute_delay_ns=0"
576,330,1588,100.0,76535040,7040,,"gs=Mumbai,model=8x8x1,image=76,rq_node=330,ac_node=1588,compute_delay_ns=0"
577,330,1588,100.0,77542080,7040,,"gs=Mumbai,model=8x8x1,image=77,rq_node=330,ac_node=1588,compute_delay_ns=0"
578,330,1588,100.0,78549120,7040,,"gs=Mumbai,model=8x8x1,image=78,rq_node=330,ac_node=1588,compute_delay_ns=0"
579,330,1588,100.0,79556160,7040,,"gs=Mumbai,model=8x8x1,image=79,rq_node=330,ac_node=1588,compute_delay_ns=0"
580,330,1588,100.0,80563200,7040,,"gs=Mumbai,model=8x8x1,image=80,rq_node=330,ac_node=1588,compute_delay_ns=0"
581,330,1588,100.0,81570240,7040,,"gs=Mumbai,model=8x8x1,image=81,rq_node=330,ac_node=1588,compute_delay_ns=0"
582,330,1588,100.0,82577280,7040,,"gs=Mumbai,model=8x8x1,image=82,rq_node=330,ac_node=1588,compute_delay_ns=0"
583,330,1588,100.0,83584320,7040,,"gs=Mumbai,model=8x8x1,image=83,rq_node=330,ac_node=1588,compute_delay_ns=0"
584,330,1588,100.0,84591360,7040,,"gs=Mumbai,model=8x8x1,image=84,rq_node=330,ac_node=1588,compute_delay_ns=0"
585,330,1588,100.0,85598400,7040,,"gs=Mumbai,model=8x8x1,image=85,rq_node=330,ac_node=1588,compute_delay_ns=0"
586,330,1588,100.0,86605440,7040,,"gs=Mumbai,model=8x8x1,image=86,rq_node=330,ac_node=1588,compute_delay_ns=0"
587,330,1588,100.0,87612480,7040,,"gs=Mumbai,model=8x8x1,image=87,rq_node=330,ac_node=1588,compute_delay_ns=0"
588,330,1588,100.0,88619520,7040,,"gs=Mumbai,model=8x8x1,image=88,rq_node=330,ac_node=1588,compute_delay_ns=0"
589,330,1588,100.0,89626560,7040,,"gs=Mumbai,model=8x8x1,image=89,rq_node=330,ac_node=1588,compute_delay_ns=0"
590,330,1588,100.0,90633600,7040,,"gs=Mumbai,model=8x8x1,image=90,rq_node=330,ac_node=1588,compute_delay_ns=0"
591,330,1588,100.0,91640640,7040,,"gs=Mumbai,model=8x8x1,image=91,rq_node=330,ac_node=1588,compute_delay_ns=0"
592,330,1588,100.0,92647680,7040,,"gs=Mumbai,model=8x8x1,image=92,rq_node=330,ac_node=1588,compute_delay_ns=0"
593,330,1588,100.0,93654720,7040,,"gs=Mumbai,model=8x8x1,image=93,rq_node=330,ac_node=1588,compute_delay_ns=0"
594,330,1588,100.0,94661760,7040,,"gs=Mumbai,model=8x8x1,image=94,rq_node=330,ac_node=1588,compute_delay_ns=0"
595,330,1588,100.0,95668800,7040,,"gs=Mumbai,model=8x8x1,image=95,rq_node=330,ac_node=1588,compute_delay_ns=0"
596,330,1588,100.0,96675840,7040,,"gs=Mumbai,model=8x8x1,image=96,rq_node=330,ac_node=1588,compute_delay_ns=0"
597,330,1588,100.0,97682880,7040,,"gs=Mumbai,model=8x8x1,image=97,rq_node=330,ac_node=1588,compute_delay_ns=0"
598,330,1588,100.0,98689920,7040,,"gs=Mumbai,model=8x8x1,image=98,rq_node=330,ac_node=1588,compute_delay_ns=0"
599,330,1588,100.0,99696960,7040,,"gs=Mumbai,model=8x8x1,image=99,rq_node=330,ac_node=1588,compute_delay_ns=0"
600,330,1588,100.0,100704000,14080,,"gs=Mumbai,model=8x8x2,image=0,rq_node=330,ac_node=1588,compute_delay_ns=0"
601,330,1588,100.0,101718080,14080,,"gs=Mumbai,model=8x8x2,image=1,rq_node=330,ac_node=1588,compute_delay_ns=0"
602,330,1588,100.0,102732160,14080,,"gs=Mumbai,model=8x8x2,image=2,rq_node=330,ac_node=1588,compute_delay_ns=0"
603,330,1588,100.0,103746240,14080,,"gs=Mumbai,model=8x8x2,image=3,rq_node=330,ac_node=1588,compute_delay_ns=0"
604,330,1588,100.0,104760320,14080,,"gs=Mumbai,model=8x8x2,image=4,rq_node=330,ac_node=1588,compute_delay_ns=0"
605,330,1588,100.0,105774400,14080,,"gs=Mumbai,model=8x8x2,image=5,rq_node=330,ac_node=1588,compute_delay_ns=0"
606,330,1588,100.0,106788480,14080,,"gs=Mumbai,model=8x8x2,image=6,rq_node=330,ac_node=1588,compute_delay_ns=0"
607,330,1588,100.0,107802560,14080,,"gs=Mumbai,model=8x8x2,image=7,rq_node=330,ac_node=1588,compute_delay_ns=0"
608,330,1588,100.0,108816640,14080,,"gs=Mumbai,model=8x8x2,image=8,rq_node=330,ac_node=1588,compute_delay_ns=0"
609,330,1588,100.0,109830720,14080,,"gs=Mumbai,model=8x8x2,image=9,rq_node=330,ac_node=1588,compute_delay_ns=0"
610,330,1588,100.0,110844800,14080,,"gs=Mumbai,model=8x8x2,image=10,rq_node=330,ac_node=1588,compute_delay_ns=0"
611,330,1588,100.0,111858880,14080,,"gs=Mumbai,model=8x8x2,image=11,rq_node=330,ac_node=1588,compute_delay_ns=0"
612,330,1588,100.0,112872960,14080,,"gs=Mumbai,model=8x8x2,image=12,rq_node=330,ac_node=1588,compute_delay_ns=0"
613,330,1588,100.0,113887040,14080,,"gs=Mumbai,model=8x8x2,image=13,rq_node=330,ac_node=1588,compute_delay_ns=0"
614,330,1588,100.0,114901120,14080,,"gs=Mumbai,model=8x8x2,image=14,rq_node=330,ac_node=1588,compute_delay_ns=0"
615,330,1588,100.0,115915200,14080,,"gs=Mumbai,model=8x8x2,image=15,rq_node=330,ac_node=1588,compute_delay_ns=0"
616,330,1588,100.0,116929280,14080,,"gs=Mumbai,model=8x8x2,image=16,rq_node=330,ac_node=1588,compute_delay_ns=0"
617,330,1588,100.0,117943360,14080,,"gs=Mumbai,model=8x8x2,image=17,rq_node=330,ac_node=1588,compute_delay_ns=0"
618,330,1588,100.0,118957440,14080,,"gs=Mumbai,model=8x8x2,image=18,rq_node=330,ac_node=1588,compute_delay_ns=0"
619,330,1588,100.0,119971520,14080,,"gs=Mumbai,model=8x8x2,image=19,rq_node=330,ac_node=1588,compute_delay_ns=0"
620,330,1588,100.0,120985600,14080,,"gs=Mumbai,model=8x8x2,image=20,rq_node=330,ac_node=1588,compute_delay_ns=0"
621,330,1588,100.0,121999680,14080,,"gs=Mumbai,model=8x8x2,image=21,rq_node=330,ac_node=1588,compute_delay_ns=0"
622,330,1588,100.0,123013760,14080,,"gs=Mumbai,model=8x8x2,image=22,rq_node=330,ac_node=1588,compute_delay_ns=0"
623,330,1588,100.0,124027840,14080,,"gs=Mumbai,model=8x8x2,image=23,rq_node=330,ac_node=1588,compute_delay_ns=0"
624,330,1588,100.0,125041920,14080,,"gs=Mumbai,model=8x8x2,image=24,rq_node=330,ac_node=1588,compute_delay_ns=0"
625,330,1588,100.0,126056000,14080,,"gs=Mumbai,model=8x8x2,image=25,rq_node=330,ac_node=1588,compute_delay_ns=0"
626,330,1588,100.0,127070080,14080,,"gs=Mumbai,model=8x8x2,image=26,rq_node=330,ac_node=1588,compute_delay_ns=0"
627,330,1588,100.0,128084160,14080,,"gs=Mumbai,model=8x8x2,image=27,rq_node=330,ac_node=1588,compute_delay_ns=0"
628,330,1588,100.0,129098240,14080,,"gs=Mumbai,model=8x8x2,image=28,rq_node=330,ac_node=1588,compute_delay_ns=0"
629,330,1588,100.0,130112320,14080,,"gs=Mumbai,model=8x8x2,image=29,rq_node=330,ac_node=1588,compute_delay_ns=0"
630,330,1588,100.0,131126400,14080,,"gs=Mumbai,model=8x8x2,image=30,rq_node=330,ac_node=1588,compute_delay_ns=0"
631,330,1588,100.0,132140480,14080,,"gs=Mumbai,model=8x8x2,image=31,rq_node=330,ac_node=1588,compute_delay_ns=0"
632,330,1588,100.0,133154560,14080,,"gs=Mumbai,model=8x8x2,image=32,rq_node=330,ac_node=1588,compute_delay_ns=0"
633,330,1588,100.0,134168640,14080,,"gs=Mumbai,model=8x8x2,image=33,rq_node=330,ac_node=1588,compute_delay_ns=0"
634,330,1588,100.0,135182720,14080,,"gs=Mumbai,model=8x8x2,image=34,rq_node=330,ac_node=1588,compute_delay_ns=0"
635,330,1588,100.0,136196800,14080,,"gs=Mumbai,model=8x8x2,image=35,rq_node=330,ac_node=1588,compute_delay_ns=0"
636,330,1588,100.0,137210880,14080,,"gs=Mumbai,model=8x8x2,image=36,rq_node=330,ac_node=1588,compute_delay_ns=0"
637,330,1588,100.0,138224960,14080,,"gs=Mumbai,model=8x8x2,image=37,rq_node=330,ac_node=1588,compute_delay_ns=0"
638,330,1588,100.0,139239040,14080,,"gs=Mumbai,model=8x8x2,image=38,rq_node=330,ac_node=1588,compute_delay_ns=0"
639,330,1588,100.0,140253120,14080,,"gs=Mumbai,model=8x8x2,image=39,rq_node=330,ac_node=1588,compute_delay_ns=0"
640,330,1588,100.0,141267200,14080,,"gs=Mumbai,model=8x8x2,image=40,rq_node=330,ac_node=1588,compute_delay_ns=0"
641,330,1588,100.0,142281280,14080,,"gs=Mumbai,model=8x8x2,image=41,rq_node=330,ac_node=1588,compute_delay_ns=0"
642,330,1588,100.0,143295360,14080,,"gs=Mumbai,model=8x8x2,image=42,rq_node=330,ac_node=1588,compute_delay_ns=0"
643,330,1588,100.0,144309440,14080,,"gs=Mumbai,model=8x8x2,image=43,rq_node=330,ac_node=1588,compute_delay_ns=0"
644,330,1588,100.0,145323520,14080,,"gs=Mumbai,model=8x8x2,image=44,rq_node=330,ac_node=1588,compute_delay_ns=0"
645,330,1588,100.0,146337600,14080,,"gs=Mumbai,model=8x8x2,image=45,rq_node=330,ac_node=1588,compute_delay_ns=0"
646,330,1588,100.0,147351680,14080,,"gs=Mumbai,model=8x8x2,image=46,rq_node=330,ac_node=1588,compute_delay_ns=0"
647,330,1588,100.0,148365760,14080,,"gs=Mumbai,model=8x8x2,image=47,rq_node=330,ac_node=1588,compute_delay_ns=0"
648,330,1588,100.0,149379840,14080,,"gs=Mumbai,model=8x8x2,image=48,rq_node=330,ac_node=1588,compute_delay_ns=0"
649,330,1588,100.0,150393920,14080,,"gs=Mumbai,model=8x8x2,image=49,rq_node=330,ac_node=1588,compute_delay_ns=0"
650,330,1588,100.0,151408000,14080,,"gs=Mumbai,model=8x8x2,image=50,rq_node=330,ac_node=1588,compute_delay_ns=0"
651,330,1588,100.0,152422080,14080,,"gs=Mumbai,model=8x8x2,image=51,rq_node=330,ac_node=1588,compute_delay_ns=0"
652,330,1588,100.0,153436160,14080,,"gs=Mumbai,model=8x8x2,image=52,rq_node=330,ac_node=1588,compute_delay_ns=0"
653,330,1588,100.0,154450240,14080,,"gs=Mumbai,model=8x8x2,image=53,rq_node=330,ac_node=1588,compute_delay_ns=0"
654,330,1588,100.0,155464320,14080,,"gs=Mumbai,model=8x8x2,image=54,rq_node=330,ac_node=1588,compute_delay_ns=0"
655,330,1588,100.0,156478400,14080,,"gs=Mumbai,model=8x8x2,image=55,rq_node=330,ac_node=1588,compute_delay_ns=0"
656,330,1588,100.0,157492480,14080,,"gs=Mumbai,model=8x8x2,image=56,rq_node=330,ac_node=1588,compute_delay_ns=0"
657,330,1588,100.0,158506560,14080,,"gs=Mumbai,model=8x8x2,image=57,rq_node=330,ac_node=1588,compute_delay_ns=0"
658,330,1588,100.0,159520640,14080,,"gs=Mumbai,model=8x8x2,image=58,rq_node=330,ac_node=1588,compute_delay_ns=0"
659,330,1588,100.0,160534720,14080,,"gs=Mumbai,model=8x8x2,image=59,rq_node=330,ac_node=1588,compute_delay_ns=0"
660,330,1588,100.0,161548800,14080,,"gs=Mumbai,model=8x8x2,image=60,rq_node=330,ac_node=1588,compute_delay_ns=0"
661,330,1588,100.0,162562880,14080,,"gs=Mumbai,model=8x8x2,image=61,rq_node=330,ac_node=1588,compute_delay_ns=0"
662,330,1588,100.0,163576960,14080,,"gs=Mumbai,model=8x8x2,image=62,rq_node=330,ac_node=1588,compute_delay_ns=0"
663,330,1588,100.0,164591040,14080,,"gs=Mumbai,model=8x8x2,image=63,rq_node=330,ac_node=1588,compute_delay_ns=0"
664,330,1588,100.0,165605120,14080,,"gs=Mumbai,model=8x8x2,image=64,rq_node=330,ac_node=1588,compute_delay_ns=0"
665,330,1588,100.0,166619200,14080,,"gs=Mumbai,model=8x8x2,image=65,rq_node=330,ac_node=1588,compute_delay_ns=0"
666,330,1588,100.0,167633280,14080,,"gs=Mumbai,model=8x8x2,image=66,rq_node=330,ac_node=1588,compute_delay_ns=0"
667,330,1588,100.0,168647360,14080,,"gs=Mumbai,model=8x8x2,image=67,rq_node=330,ac_node=1588,compute_delay_ns=0"
668,330,1588,100.0,169661440,14080,,"gs=Mumbai,model=8x8x2,image=68,rq_node=330,ac_node=1588,compute_delay_ns=0"
669,330,1588,100.0,170675520,14080,,"gs=Mumbai,model=8x8x2,image=69,rq_node=330,ac_node=1588,compute_delay_ns=0"
670,330,1588,100.0,171689600,14080,,"gs=Mumbai,model=8x8x2,image=70,rq_node=330,ac_node=1588,compute_delay_ns=0"
671,330,1588,100.0,172703680,14080,,"gs=Mumbai,model=8x8x2,image=71,rq_node=330,ac_node=1588,compute_delay_ns=0"
672,330,1588,100.0,173717760,14080,,"gs=Mumbai,model=8x8x2,image=72,rq_node=330,ac_node=1588,compute_delay_ns=0"
673,330,1588,100.0,174731840,14080,,"gs=Mumbai,model=8x8x2,image=73,rq_node=330,ac_node=1588,compute_delay_ns=0"
674,330,1588,100.0,175745920,14080,,"gs=Mumbai,model=8x8x2,image=74,rq_node=330,ac_node=1588,compute_delay_ns=0"
675,330,1588,100.0,176760000,14080,,"gs=Mumbai,model=8x8x2,image=75,rq_node=330,ac_node=1588,compute_delay_ns=0"
676,330,1588,100.0,177774080,14080,,"gs=Mumbai,model=8x8x2,image=76,rq_node=330,ac_node=1588,compute_delay_ns=0"
677,330,1588,100.0,178788160,14080,,"gs=Mumbai,model=8x8x2,image=77,rq_node=330,ac_node=1588,compute_delay_ns=0"
678,330,1588,100.0,179802240,14080,,"gs=Mumbai,model=8x8x2,image=78,rq_node=330,ac_node=1588,compute_delay_ns=0"
679,330,1588,100.0,180816320,14080,,"gs=Mumbai,model=8x8x2,image=79,rq_node=330,ac_node=1588,compute_delay_ns=0"
680,330,1588,100.0,181830400,14080,,"gs=Mumbai,model=8x8x2,image=80,rq_node=330,ac_node=1588,compute_delay_ns=0"
681,330,1588,100.0,182844480,14080,,"gs=Mumbai,model=8x8x2,image=81,rq_node=330,ac_node=1588,compute_delay_ns=0"
682,330,1588,100.0,183858560,14080,,"gs=Mumbai,model=8x8x2,image=82,rq_node=330,ac_node=1588,compute_delay_ns=0"
683,330,1588,100.0,184872640,14080,,"gs=Mumbai,model=8x8x2,image=83,rq_node=330,ac_node=1588,compute_delay_ns=0"
684,330,1588,100.0,185886720,14080,,"gs=Mumbai,model=8x8x2,image=84,rq_node=330,ac_node=1588,compute_delay_ns=0"
685,330,1588,100.0,186900800,14080,,"gs=Mumbai,model=8x8x2,image=85,rq_node=330,ac_node=1588,compute_delay_ns=0"
686,330,1588,100.0,187914880,14080,,"gs=Mumbai,model=8x8x2,image=86,rq_node=330,ac_node=1588,compute_delay_ns=0"
687,330,1588,100.0,188928960,14080,,"gs=Mumbai,model=8x8x2,image=87,rq_node=330,ac_node=1588,compute_delay_ns=0"
688,330,1588,100.0,189943040,14080,,"gs=Mumbai,model=8x8x2,image=88,rq_node=330,ac_node=1588,compute_delay_ns=0"
689,330,1588,100.0,190957120,14080,,"gs=Mumbai,model=8x8x2,image=89,rq_node=330,ac_node=1588,compute_delay_ns=0"
690,330,1588,100.0,191971200,14080,,"gs=Mumbai,model=8x8x2,image=90,rq_node=330,ac_node=1588,compute_delay_ns=0"
691,330,1588,100.0,192985280,14080,,"gs=Mumbai,model=8x8x2,image=91,rq_node=330,ac_node=1588,compute_delay_ns=0"
692,330,1588,100.0,193999360,14080,,"gs=Mumbai,model=8x8x2,image=92,rq_node=330,ac_node=1588,compute_delay_ns=0"
693,330,1588,100.0,195013440,14080,,"gs=Mumbai,model=8x8x2,image=93,rq_node=330,ac_node=1588,compute_delay_ns=0"
694,330,1588,100.0,196027520,14080,,"gs=Mumbai,model=8x8x2,image=94,rq_node=330,ac_node=1588,compute_delay_ns=0"
695,330,1588,100.0,197041600,14080,,"gs=Mumbai,model=8x8x2,image=95,rq_node=330,ac_node=1588,compute_delay_ns=0"
696,330,1588,100.0,198055680,14080,,"gs=Mumbai,model=8x8x2,image=96,rq_node=330,ac_node=1588,compute_delay_ns=0"
697,330,1588,100.0,199069760,14080,,"gs=Mumbai,model=8x8x2,image=97,rq_node=330,ac_node=1588,compute_delay_ns=0"
698,330,1588,100.0,200083840,14080,,"gs=Mumbai,model=8x8x2,image=98,rq_node=330,ac_node=1588,compute_delay_ns=0"
699,330,1588,100.0,201097920,14080,,"gs=Mumbai,model=8x8x2,image=99,rq_node=330,ac_node=1588,compute_delay_ns=0"
700,330,1588,100.0,202112000,28160,,"gs=Mumbai,model=8x8x4,image=0,rq_node=330,ac_node=1588,compute_delay_ns=0"
701,330,1588,100.0,203140160,28160,,"gs=Mumbai,model=8x8x4,image=1,rq_node=330,ac_node=1588,compute_delay_ns=0"
702,330,1588,100.0,204168320,28160,,"gs=Mumbai,model=8x8x4,image=2,rq_node=330,ac_node=1588,compute_delay_ns=0"
703,330,1588,100.0,205196480,28160,,"gs=Mumbai,model=8x8x4,image=3,rq_node=330,ac_node=1588,compute_delay_ns=0"
704,330,1588,100.0,206224640,28160,,"gs=Mumbai,model=8x8x4,image=4,rq_node=330,ac_node=1588,compute_delay_ns=0"
705,330,1588,100.0,207252800,28160,,"gs=Mumbai,model=8x8x4,image=5,rq_node=330,ac_node=1588,compute_delay_ns=0"
706,330,1588,100.0,208280960,28160,,"gs=Mumbai,model=8x8x4,image=6,rq_node=330,ac_node=1588,compute_delay_ns=0"
707,330,1588,100.0,209309120,28160,,"gs=Mumbai,model=8x8x4,image=7,rq_node=330,ac_node=1588,compute_delay_ns=0"
708,330,1588,100.0,210337280,28160,,"gs=Mumbai,model=8x8x4,image=8,rq_node=330,ac_node=1588,compute_delay_ns=0"
709,330,1588,100.0,211365440,28160,,"gs=Mumbai,model=8x8x4,image=9,rq_node=330,ac_node=1588,compute_delay_ns=0"
710,330,1588,100.0,212393600,28160,,"gs=Mumbai,model=8x8x4,image=10,rq_node=330,ac_node=1588,compute_delay_ns=0"
711,330,1588,100.0,213421760,28160,,"gs=Mumbai,model=8x8x4,image=11,rq_node=330,ac_node=1588,compute_delay_ns=0"
712,330,1588,100.0,214449920,28160,,"gs=Mumbai,model=8x8x4,image=12,rq_node=330,ac_node=1588,compute_delay_ns=0"
713,330,1588,100.0,215478080,28160,,"gs=Mumbai,model=8x8x4,image=13,rq_node=330,ac_node=1588,compute_delay_ns=0"
714,330,1588,100.0,216506240,28160,,"gs=Mumbai,model=8x8x4,image=14,rq_node=330,ac_node=1588,compute_delay_ns=0"
715,330,1588,100.0,217534400,28160,,"gs=Mumbai,model=8x8x4,image=15,rq_node=330,ac_node=1588,compute_delay_ns=0"
716,330,1588,100.0,218562560,28160,,"gs=Mumbai,model=8x8x4,image=16,rq_node=330,ac_node=1588,compute_delay_ns=0"
717,330,1588,100.0,219590720,28160,,"gs=Mumbai,model=8x8x4,image=17,rq_node=330,ac_node=1588,compute_delay_ns=0"
718,330,1588,100.0,220618880,28160,,"gs=Mumbai,model=8x8x4,image=18,rq_node=330,ac_node=1588,compute_delay_ns=0"
719,330,1588,100.0,221647040,28160,,"gs=Mumbai,model=8x8x4,image=19,rq_node=330,ac_node=1588,compute_delay_ns=0"
720,330,1588,100.0,222675200,28160,,"gs=Mumbai,model=8x8x4,image=20,rq_node=330,ac_node=1588,compute_delay_ns=0"
721,330,1588,100.0,223703360,28160,,"gs=Mumbai,model=8x8x4,image=21,rq_node=330,ac_node=1588,compute_delay_ns=0"
722,330,1588,100.0,224731520,28160,,"gs=Mumbai,model=8x8x4,image=22,rq_node=330,ac_node=1588,compute_delay_ns=0"
723,330,1588,100.0,225759680,28160,,"gs=Mumbai,model=8x8x4,image=23,rq_node=330,ac_node=1588,compute_delay_ns=0"
724,330,1588,100.0,226787840,28160,,"gs=Mumbai,model=8x8x4,image=24,rq_node=330,ac_node=1588,compute_delay_ns=0"
725,330,1588,100.0,227816000,28160,,"gs=Mumbai,model=8x8x4,image=25,rq_node=330,ac_node=1588,compute_delay_ns=0"
726,330,1588,100.0,228844160,28160,,"gs=Mumbai,model=8x8x4,image=26,rq_node=330,ac_node=1588,compute_delay_ns=0"
727,330,1588,100.0,229872320,28160,,"gs=Mumbai,model=8x8x4,image=27,rq_node=330,ac_node=1588,compute_delay_ns=0"
728,330,1588,100.0,230900480,28160,,"gs=Mumbai,model=8x8x4,image=28,rq_node=330,ac_node=1588,compute_delay_ns=0"
729,330,1588,100.0,231928640,28160,,"gs=Mumbai,model=8x8x4,image=29,rq_node=330,ac_node=1588,compute_delay_ns=0"
730,330,1588,100.0,232956800,28160,,"gs=Mumbai,model=8x8x4,image=30,rq_node=330,ac_node=1588,compute_delay_ns=0"
731,330,1588,100.0,233984960,28160,,"gs=Mumbai,model=8x8x4,image=31,rq_node=330,ac_node=1588,compute_delay_ns=0"
732,330,1588,100.0,235013120,28160,,"gs=Mumbai,model=8x8x4,image=32,rq_node=330,ac_node=1588,compute_delay_ns=0"
733,330,1588,100.0,236041280,28160,,"gs=Mumbai,model=8x8x4,image=33,rq_node=330,ac_node=1588,compute_delay_ns=0"
734,330,1588,100.0,237069440,28160,,"gs=Mumbai,model=8x8x4,image=34,rq_node=330,ac_node=1588,compute_delay_ns=0"
735,330,1588,100.0,238097600,28160,,"gs=Mumbai,model=8x8x4,image=35,rq_node=330,ac_node=1588,compute_delay_ns=0"
736,330,1588,100.0,239125760,28160,,"gs=Mumbai,model=8x8x4,image=36,rq_node=330,ac_node=1588,compute_delay_ns=0"
737,330,1588,100.0,240153920,28160,,"gs=Mumbai,model=8x8x4,image=37,rq_node=330,ac_node=1588,compute_delay_ns=0"
738,330,1588,100.0,241182080,28160,,"gs=Mumbai,model=8x8x4,image=38,rq_node=330,ac_node=1588,compute_delay_ns=0"
739,330,1588,100.0,242210240,28160,,"gs=Mumbai,model=8x8x4,image=39,rq_node=330,ac_node=1588,compute_delay_ns=0"
740,330,1588,100.0,243238400,28160,,"gs=Mumbai,model=8x8x4,image=40,rq_node=330,ac_node=1588,compute_delay_ns=0"
741,330,1588,100.0,244266560,28160,,"gs=Mumbai,model=8x8x4,image=41,rq_node=330,ac_node=1588,compute_delay_ns=0"
742,330,1588,100.0,245294720,28160,,"gs=Mumbai,model=8x8x4,image=42,rq_node=330,ac_node=1588,compute_delay_ns=0"
743,330,1588,100.0,246322880,28160,,"gs=Mumbai,model=8x8x4,image=43,rq_node=330,ac_node=1588,compute_delay_ns=0"
744,330,1588,100.0,247351040,28160,,"gs=Mumbai,model=8x8x4,image=44,rq_node=330,ac_node=1588,compute_delay_ns=0"
745,330,1588,100.0,248379200,28160,,"gs=Mumbai,model=8x8x4,image=45,rq_node=330,ac_node=1588,compute_delay_ns=0"
746,330,1588,100.0,249407360,28160,,"gs=Mumbai,model=8x8x4,image=46,rq_node=330,ac_node=1588,compute_delay_ns=0"
747,330,1588,100.0,250435520,28160,,"gs=Mumbai,model=8x8x4,image=47,rq_node=330,ac_node=1588,compute_delay_ns=0"
748,330,1588,100.0,251463680,28160,,"gs=Mumbai,model=8x8x4,image=48,rq_node=330,ac_node=1588,compute_delay_ns=0"
749,330,1588,100.0,252491840,28160,,"gs=Mumbai,model=8x8x4,image=49,rq_node=330,ac_node=1588,compute_delay_ns=0"
750,330,1588,100.0,253520000,28160,,"gs=Mumbai,model=8x8x4,image=50,rq_node=330,ac_node=1588,compute_delay_ns=0"
751,330,1588,100.0,254548160,28160,,"gs=Mumbai,model=8x8x4,image=51,rq_node=330,ac_node=1588,compute_delay_ns=0"
752,330,1588,100.0,255576320,28160,,"gs=Mumbai,model=8x8x4,image=52,rq_node=330,ac_node=1588,compute_delay_ns=0"
753,330,1588,100.0,256604480,28160,,"gs=Mumbai,model=8x8x4,image=53,rq_node=330,ac_node=1588,compute_delay_ns=0"
754,330,1588,100.0,257632640,28160,,"gs=Mumbai,model=8x8x4,image=54,rq_node=330,ac_node=1588,compute_delay_ns=0"
755,330,1588,100.0,258660800,28160,,"gs=Mumbai,model=8x8x4,image=55,rq_node=330,ac_node=1588,compute_delay_ns=0"
756,330,1588,100.0,259688960,28160,,"gs=Mumbai,model=8x8x4,image=56,rq_node=330,ac_node=1588,compute_delay_ns=0"
757,330,1588,100.0,260717120,28160,,"gs=Mumbai,model=8x8x4,image=57,rq_node=330,ac_node=1588,compute_delay_ns=0"
758,330,1588,100.0,261745280,28160,,"gs=Mumbai,model=8x8x4,image=58,rq_node=330,ac_node=1588,compute_delay_ns=0"
759,330,1588,100.0,262773440,28160,,"gs=Mumbai,model=8x8x4,image=59,rq_node=330,ac_node=1588,compute_delay_ns=0"
760,330,1588,100.0,263801600,28160,,"gs=Mumbai,model=8x8x4,image=60,rq_node=330,ac_node=1588,compute_delay_ns=0"
761,330,1588,100.0,264829760,28160,,"gs=Mumbai,model=8x8x4,image=61,rq_node=330,ac_node=1588,compute_delay_ns=0"
762,330,1588,100.0,265857920,28160,,"gs=Mumbai,model=8x8x4,image=62,rq_node=330,ac_node=1588,compute_delay_ns=0"
763,330,1588,100.0,266886080,28160,,"gs=Mumbai,model=8x8x4,image=63,rq_node=330,ac_node=1588,compute_delay_ns=0"
764,330,1588,100.0,267914240,28160,,"gs=Mumbai,model=8x8x4,image=64,rq_node=330,ac_node=1588,compute_delay_ns=0"
765,330,1588,100.0,268942400,28160,,"gs=Mumbai,model=8x8x4,image=65,rq_node=330,ac_node=1588,compute_delay_ns=0"
766,330,1588,100.0,269970560,28160,,"gs=Mumbai,model=8x8x4,image=66,rq_node=330,ac_node=1588,compute_delay_ns=0"
767,330,1588,100.0,270998720,28160,,"gs=Mumbai,model=8x8x4,image=67,rq_node=330,ac_node=1588,compute_delay_ns=0"
768,330,1588,100.0,272026880,28160,,"gs=Mumbai,model=8x8x4,image=68,rq_node=330,ac_node=1588,compute_delay_ns=0"
769,330,1588,100.0,273055040,28160,,"gs=Mumbai,model=8x8x4,image=69,rq_node=330,ac_node=1588,compute_delay_ns=0"
770,330,1588,100.0,274083200,28160,,"gs=Mumbai,model=8x8x4,image=70,rq_node=330,ac_node=1588,compute_delay_ns=0"
771,330,1588,100.0,275111360,28160,,"gs=Mumbai,model=8x8x4,image=71,rq_node=330,ac_node=1588,compute_delay_ns=0"
772,330,1588,100.0,276139520,28160,,"gs=Mumbai,model=8x8x4,image=72,rq_node=330,ac_node=1588,compute_delay_ns=0"
773,330,1588,100.0,277167680,28160,,"gs=Mumbai,model=8x8x4,image=73,rq_node=330,ac_node=1588,compute_delay_ns=0"
774,330,1588,100.0,278195840,28160,,"gs=Mumbai,model=8x8x4,image=74,rq_node=330,ac_node=1588,compute_delay_ns=0"
775,330,1588,100.0,279224000,28160,,"gs=Mumbai,model=8x8x4,image=75,rq_node=330,ac_node=1588,compute_delay_ns=0"
776,330,1588,100.0,280252160,28160,,"gs=Mumbai,model=8x8x4,image=76,rq_node=330,ac_node=1588,compute_delay_ns=0"
777,330,1588,100.0,281280320,28160,,"gs=Mumbai,model=8x8x4,image=77,rq_node=330,ac_node=1588,compute_delay_ns=0"
778,330,1588,100.0,282308480,28160,,"gs=Mumbai,model=8x8x4,image=78,rq_node=330,ac_node=1588,compute_delay_ns=0"
779,330,1588,100.0,283336640,28160,,"gs=Mumbai,model=8x8x4,image=79,rq_node=330,ac_node=1588,compute_delay_ns=0"
780,330,1588,100.0,284364800,28160,,"gs=Mumbai,model=8x8x4,image=80,rq_node=330,ac_node=1588,compute_delay_ns=0"
781,330,1588,100.0,285392960,28160,,"gs=Mumbai,model=8x8x4,image=81,rq_node=330,ac_node=1588,compute_delay_ns=0"
782,330,1588,100.0,286421120,28160,,"gs=Mumbai,model=8x8x4,image=82,rq_node=330,ac_node=1588,compute_delay_ns=0"
783,330,1588,100.0,287449280,28160,,"gs=Mumbai,model=8x8x4,image=83,rq_node=330,ac_node=1588,compute_delay_ns=0"
784,330,1588,100.0,288477440,28160,,"gs=Mumbai,model=8x8x4,image=84,rq_node=330,ac_node=1588,compute_delay_ns=0"
785,330,1588,100.0,289505600,28160,,"gs=Mumbai,model=8x8x4,image=85,rq_node=330,ac_node=1588,compute_delay_ns=0"
786,330,1588,100.0,290533760,28160,,"gs=Mumbai,model=8x8x4,image=86,rq_node=330,ac_node=1588,compute_delay_ns=0"
787,330,1588,100.0,291561920,28160,,"gs=Mumbai,model=8x8x4,image=87,rq_node=330,ac_node=1588,compute_delay_ns=0"
788,330,1588,100.0,292590080,28160,,"gs=Mumbai,model=8x8x4,image=88,rq_node=330,ac_node=1588,compute_delay_ns=0"
789,330,1588,100.0,293618240,28160,,"gs=Mumbai,model=8x8x4,image=89,rq_node=330,ac_node=1588,compute_delay_ns=0"
790,330,1588,100.0,294646400,28160,,"gs=Mumbai,model=8x8x4,image=90,rq_node=330,ac_node=1588,compute_delay_ns=0"
791,330,1588,100.0,295674560,28160,,"gs=Mumbai,model=8x8x4,image=91,rq_node=330,ac_node=1588,compute_delay_ns=0"
792,330,1588,100.0,296702720,28160,,"gs=Mumbai,model=8x8x4,image=92,rq_node=330,ac_node=1588,compute_delay_ns=0"
793,330,1588,100.0,297730880,28160,,"gs=Mumbai,model=8x8x4,image=93,rq_node=330,ac_node=1588,compute_delay_ns=0"
794,330,1588,100.0,298759040,28160,,"gs=Mumbai,model=8x8x4,image=94,rq_node=330,ac_node=1588,compute_delay_ns=0"
795,330,1588,100.0,299787200,28160,,"gs=Mumbai,model=8x8x4,image=95,rq_node=330,ac_node=1588,compute_delay_ns=0"
796,330,1588,100.0,300815360,28160,,"gs=Mumbai,model=8x8x4,image=96,rq_node=330,ac_node=1588,compute_delay_ns=0"
797,330,1588,100.0,301843520,28160,,"gs=Mumbai,model=8x8x4,image=97,rq_node=330,ac_node=1588,compute_delay_ns=0"
798,330,1588,100.0,302871680,28160,,"gs=Mumbai,model=8x8x4,image=98,rq_node=330,ac_node=1588,compute_delay_ns=0"
799,330,1588,100.0,303899840,28160,,"gs=Mumbai,model=8x8x4,image=99,rq_node=330,ac_node=1588,compute_delay_ns=0"
800,330,1588,100.0,304928000,56320,,"gs=Mumbai,model=8x8x8,image=0,rq_node=330,ac_node=1588,compute_delay_ns=0"
801,330,1588,100.0,305984320,56320,,"gs=Mumbai,model=8x8x8,image=1,rq_node=330,ac_node=1588,compute_delay_ns=0"
802,330,1588,100.0,307040640,56320,,"gs=Mumbai,model=8x8x8,image=2,rq_node=330,ac_node=1588,compute_delay_ns=0"
803,330,1588,100.0,308096960,56320,,"gs=Mumbai,model=8x8x8,image=3,rq_node=330,ac_node=1588,compute_delay_ns=0"
804,330,1588,100.0,309153280,56320,,"gs=Mumbai,model=8x8x8,image=4,rq_node=330,ac_node=1588,compute_delay_ns=0"
805,330,1588,100.0,310209600,56320,,"gs=Mumbai,model=8x8x8,image=5,rq_node=330,ac_node=1588,compute_delay_ns=0"
806,330,1588,100.0,311265920,56320,,"gs=Mumbai,model=8x8x8,image=6,rq_node=330,ac_node=1588,compute_delay_ns=0"
807,330,1588,100.0,312322240,56320,,"gs=Mumbai,model=8x8x8,image=7,rq_node=330,ac_node=1588,compute_delay_ns=0"
808,330,1588,100.0,313378560,56320,,"gs=Mumbai,model=8x8x8,image=8,rq_node=330,ac_node=1588,compute_delay_ns=0"
809,330,1588,100.0,314434880,56320,,"gs=Mumbai,model=8x8x8,image=9,rq_node=330,ac_node=1588,compute_delay_ns=0"
810,330,1588,100.0,315491200,56320,,"gs=Mumbai,model=8x8x8,image=10,rq_node=330,ac_node=1588,compute_delay_ns=0"
811,330,1588,100.0,316547520,56320,,"gs=Mumbai,model=8x8x8,image=11,rq_node=330,ac_node=1588,compute_delay_ns=0"
812,330,1588,100.0,317603840,56320,,"gs=Mumbai,model=8x8x8,image=12,rq_node=330,ac_node=1588,compute_delay_ns=0"
813,330,1588,100.0,318660160,56320,,"gs=Mumbai,model=8x8x8,image=13,rq_node=330,ac_node=1588,compute_delay_ns=0"
814,330,1588,100.0,319716480,56320,,"gs=Mumbai,model=8x8x8,image=14,rq_node=330,ac_node=1588,compute_delay_ns=0"
815,330,1588,100.0,320772800,56320,,"gs=Mumbai,model=8x8x8,image=15,rq_node=330,ac_node=1588,compute_delay_ns=0"
816,330,1588,100.0,321829120,56320,,"gs=Mumbai,model=8x8x8,image=16,rq_node=330,ac_node=1588,compute_delay_ns=0"
817,330,1588,100.0,322885440,56320,,"gs=Mumbai,model=8x8x8,image=17,rq_node=330,ac_node=1588,compute_delay_ns=0"
818,330,1588,100.0,323941760,56320,,"gs=Mumbai,model=8x8x8,image=18,rq_node=330,ac_node=1588,compute_delay_ns=0"
819,330,1588,100.0,324998080,56320,,"gs=Mumbai,model=8x8x8,image=19,rq_node=330,ac_node=1588,compute_delay_ns=0"
820,330,1588,100.0,326054400,56320,,"gs=Mumbai,model=8x8x8,image=20,rq_node=330,ac_node=1588,compute_delay_ns=0"
821,330,1588,100.0,327110720,56320,,"gs=Mumbai,model=8x8x8,image=21,rq_node=330,ac_node=1588,compute_delay_ns=0"
822,330,1588,100.0,328167040,56320,,"gs=Mumbai,model=8x8x8,image=22,rq_node=330,ac_node=1588,compute_delay_ns=0"
823,330,1588,100.0,329223360,56320,,"gs=Mumbai,model=8x8x8,image=23,rq_node=330,ac_node=1588,compute_delay_ns=0"
824,330,1588,100.0,330279680,56320,,"gs=Mumbai,model=8x8x8,image=24,rq_node=330,ac_node=1588,compute_delay_ns=0"
825,330,1588,100.0,331336000,56320,,"gs=Mumbai,model=8x8x8,image=25,rq_node=330,ac_node=1588,compute_delay_ns=0"
826,330,1588,100.0,332392320,56320,,"gs=Mumbai,model=8x8x8,image=26,rq_node=330,ac_node=1588,compute_delay_ns=0"
827,330,1588,100.0,333448640,56320,,"gs=Mumbai,model=8x8x8,image=27,rq_node=330,ac_node=1588,compute_delay_ns=0"
828,330,1588,100.0,334504960,56320,,"gs=Mumbai,model=8x8x8,image=28,rq_node=330,ac_node=1588,compute_delay_ns=0"
829,330,1588,100.0,335561280,56320,,"gs=Mumbai,model=8x8x8,image=29,rq_node=330,ac_node=1588,compute_delay_ns=0"
830,330,1588,100.0,336617600,56320,,"gs=Mumbai,model=8x8x8,image=30,rq_node=330,ac_node=1588,compute_delay_ns=0"
831,330,1588,100.0,337673920,56320,,"gs=Mumbai,model=8x8x8,image=31,rq_node=330,ac_node=1588,compute_delay_ns=0"
832,330,1588,100.0,338730240,56320,,"gs=Mumbai,model=8x8x8,image=32,rq_node=330,ac_node=1588,compute_delay_ns=0"
833,330,1588,100.0,339786560,56320,,"gs=Mumbai,model=8x8x8,image=33,rq_node=330,ac_node=1588,compute_delay_ns=0"
834,330,1588,100.0,340842880,56320,,"gs=Mumbai,model=8x8x8,image=34,rq_node=330,ac_node=1588,compute_delay_ns=0"
835,330,1588,100.0,341899200,56320,,"gs=Mumbai,model=8x8x8,image=35,rq_node=330,ac_node=1588,compute_delay_ns=0"
836,330,1588,100.0,342955520,56320,,"gs=Mumbai,model=8x8x8,image=36,rq_node=330,ac_node=1588,compute_delay_ns=0"
837,330,1588,100.0,344011840,56320,,"gs=Mumbai,model=8x8x8,image=37,rq_node=330,ac_node=1588,compute_delay_ns=0"
838,330,1588,100.0,345068160,56320,,"gs=Mumbai,model=8x8x8,image=38,rq_node=330,ac_node=1588,compute_delay_ns=0"
839,330,1588,100.0,346124480,56320,,"gs=Mumbai,model=8x8x8,image=39,rq_node=330,ac_node=1588,compute_delay_ns=0"
840,330,1588,100.0,347180800,56320,,"gs=Mumbai,model=8x8x8,image=40,rq_node=330,ac_node=1588,compute_delay_ns=0"
841,330,1588,100.0,348237120,56320,,"gs=Mumbai,model=8x8x8,image=41,rq_node=330,ac_node=1588,compute_delay_ns=0"
842,330,1588,100.0,349293440,56320,,"gs=Mumbai,model=8x8x8,image=42,rq_node=330,ac_node=1588,compute_delay_ns=0"
843,330,1588,100.0,350349760,56320,,"gs=Mumbai,model=8x8x8,image=43,rq_node=330,ac_node=1588,compute_delay_ns=0"
844,330,1588,100.0,351406080,56320,,"gs=Mumbai,model=8x8x8,image=44,rq_node=330,ac_node=1588,compute_delay_ns=0"
845,330,1588,100.0,352462400,56320,,"gs=Mumbai,model=8x8x8,image=45,rq_node=330,ac_node=1588,compute_delay_ns=0"
846,330,1588,100.0,353518720,56320,,"gs=Mumbai,model=8x8x8,image=46,rq_node=330,ac_node=1588,compute_delay_ns=0"
847,330,1588,100.0,354575040,56320,,"gs=Mumbai,model=8x8x8,image=47,rq_node=330,ac_node=1588,compute_delay_ns=0"
848,330,1588,100.0,355631360,56320,,"gs=Mumbai,model=8x8x8,image=48,rq_node=330,ac_node=1588,compute_delay_ns=0"
849,330,1588,100.0,356687680,56320,,"gs=Mumbai,model=8x8x8,image=49,rq_node=330,ac_node=1588,compute_delay_ns=0"
850,330,1588,100.0,357744000,56320,,"gs=Mumbai,model=8x8x8,image=50,rq_node=330,ac_node=1588,compute_delay_ns=0"
851,330,1588,100.0,358800320,56320,,"gs=Mumbai,model=8x8x8,image=51,rq_node=330,ac_node=1588,compute_delay_ns=0"
852,330,1588,100.0,359856640,56320,,"gs=Mumbai,model=8x8x8,image=52,rq_node=330,ac_node=1588,compute_delay_ns=0"
853,330,1588,100.0,360912960,56320,,"gs=Mumbai,model=8x8x8,image=53,rq_node=330,ac_node=1588,compute_delay_ns=0"
854,330,1588,100.0,361969280,56320,,"gs=Mumbai,model=8x8x8,image=54,rq_node=330,ac_node=1588,compute_delay_ns=0"
855,330,1588,100.0,363025600,56320,,"gs=Mumbai,model=8x8x8,image=55,rq_node=330,ac_node=1588,compute_delay_ns=0"
856,330,1588,100.0,364081920,56320,,"gs=Mumbai,model=8x8x8,image=56,rq_node=330,ac_node=1588,compute_delay_ns=0"
857,330,1588,100.0,365138240,56320,,"gs=Mumbai,model=8x8x8,image=57,rq_node=330,ac_node=1588,compute_delay_ns=0"
858,330,1588,100.0,366194560,56320,,"gs=Mumbai,model=8x8x8,image=58,rq_node=330,ac_node=1588,compute_delay_ns=0"
859,330,1588,100.0,367250880,56320,,"gs=Mumbai,model=8x8x8,image=59,rq_node=330,ac_node=1588,compute_delay_ns=0"
860,330,1588,100.0,368307200,56320,,"gs=Mumbai,model=8x8x8,image=60,rq_node=330,ac_node=1588,compute_delay_ns=0"
861,330,1588,100.0,369363520,56320,,"gs=Mumbai,model=8x8x8,image=61,rq_node=330,ac_node=1588,compute_delay_ns=0"
862,330,1588,100.0,370419840,56320,,"gs=Mumbai,model=8x8x8,image=62,rq_node=330,ac_node=1588,compute_delay_ns=0"
863,330,1588,100.0,371476160,56320,,"gs=Mumbai,model=8x8x8,image=63,rq_node=330,ac_node=1588,compute_delay_ns=0"
864,330,1588,100.0,372532480,56320,,"gs=Mumbai,model=8x8x8,image=64,rq_node=330,ac_node=1588,compute_delay_ns=0"
865,330,1588,100.0,373588800,56320,,"gs=Mumbai,model=8x8x8,image=65,rq_node=330,ac_node=1588,compute_delay_ns=0"
866,330,1588,100.0,374645120,56320,,"gs=Mumbai,model=8x8x8,image=66,rq_node=330,ac_node=1588,compute_delay_ns=0"
867,330,1588,100.0,375701440,56320,,"gs=Mumbai,model=8x8x8,image=67,rq_node=330,ac_node=1588,compute_delay_ns=0"
868,330,1588,100.0,376757760,56320,,"gs=Mumbai,model=8x8x8,image=68,rq_node=330,ac_node=1588,compute_delay_ns=0"
869,330,1588,100.0,377814080,56320,,"gs=Mumbai,model=8x8x8,image=69,rq_node=330,ac_node=1588,compute_delay_ns=0"
870,330,1588,100.0,378870400,56320,,"gs=Mumbai,model=8x8x8,image=70,rq_node=330,ac_node=1588,compute_delay_ns=0"
871,330,1588,100.0,379926720,56320,,"gs=Mumbai,model=8x8x8,image=71,rq_node=330,ac_node=1588,compute_delay_ns=0"
872,330,1588,100.0,380983040,56320,,"gs=Mumbai,model=8x8x8,image=72,rq_node=330,ac_node=1588,compute_delay_ns=0"
873,330,1588,100.0,382039360,56320,,"gs=Mumbai,model=8x8x8,image=73,rq_node=330,ac_node=1588,compute_delay_ns=0"
874,330,1588,100.0,383095680,56320,,"gs=Mumbai,model=8x8x8,image=74,rq_node=330,ac_node=1588,compute_delay_ns=0"
875,330,1588,100.0,384152000,56320,,"gs=Mumbai,model=8x8x8,image=75,rq_node=330,ac_node=1588,compute_delay_ns=0"
876,330,1588,100.0,385208320,56320,,"gs=Mumbai,model=8x8x8,image=76,rq_node=330,ac_node=1588,compute_delay_ns=0"
877,330,1588,100.0,386264640,56320,,"gs=Mumbai,model=8x8x8,image=77,rq_node=330,ac_node=1588,compute_delay_ns=0"
878,330,1588,100.0,387320960,56320,,"gs=Mumbai,model=8x8x8,image=78,rq_node=330,ac_node=1588,compute_delay_ns=0"
879,330,1588,100.0,388377280,56320,,"gs=Mumbai,model=8x8x8,image=79,rq_node=330,ac_node=1588,compute_delay_ns=0"
880,330,1588,100.0,389433600,56320,,"gs=Mumbai,model=8x8x8,image=80,rq_node=330,ac_node=1588,compute_delay_ns=0"
881,330,1588,100.0,390489920,56320,,"gs=Mumbai,model=8x8x8,image=81,rq_node=330,ac_node=1588,compute_delay_ns=0"
882,330,1588,100.0,391546240,56320,,"gs=Mumbai,model=8x8x8,image=82,rq_node=330,ac_node=1588,compute_delay_ns=0"
883,330,1588,100.0,392602560,56320,,"gs=Mumbai,model=8x8x8,image=83,rq_node=330,ac_node=1588,compute_delay_ns=0"
884,330,1588,100.0,393658880,56320,,"gs=Mumbai,model=8x8x8,image=84,rq_node=330,ac_node=1588,compute_delay_ns=0"
885,330,1588,100.0,394715200,56320,,"gs=Mumbai,model=8x8x8,image=85,rq_node=330,ac_node=1588,compute_delay_ns=0"
886,330,1588,100.0,395771520,56320,,"gs=Mumbai,model=8x8x8,image=86,rq_node=330,ac_node=1588,compute_delay_ns=0"
887,330,1588,100.0,396827840,56320,,"gs=Mumbai,model=8x8x8,image=87,rq_node=330,ac_node=1588,compute_delay_ns=0"
888,330,1588,100.0,397884160,56320,,"gs=Mumbai,model=8x8x8,image=88,rq_node=330,ac_node=1588,compute_delay_ns=0"
889,330,1588,100.0,398940480,56320,,"gs=Mumbai,model=8x8x8,image=89,rq_node=330,ac_node=1588,compute_delay_ns=0"
890,330,1588,100.0,399996800,56320,,"gs=Mumbai,model=8x8x8,image=90,rq_node=330,ac_node=1588,compute_delay_ns=0"
891,330,1588,100.0,401053120,56320,,"gs=Mumbai,model=8x8x8,image=91,rq_node=330,ac_node=1588,compute_delay_ns=0"
892,330,1588,100.0,402109440,56320,,"gs=Mumbai,model=8x8x8,image=92,rq_node=330,ac_node=1588,compute_delay_ns=0"
893,330,1588,100.0,403165760,56320,,"gs=Mumbai,model=8x8x8,image=93,rq_node=330,ac_node=1588,compute_delay_ns=0"
894,330,1588,100.0,404222080,56320,,"gs=Mumbai,model=8x8x8,image=94,rq_node=330,ac_node=1588,compute_delay_ns=0"
895,330,1588,100.0,405278400,56320,,"gs=Mumbai,model=8x8x8,image=95,rq_node=330,ac_node=1588,compute_delay_ns=0"
896,330,1588,100.0,406334720,56320,,"gs=Mumbai,model=8x8x8,image=96,rq_node=330,ac_node=1588,compute_delay_ns=0"
897,330,1588,100.0,407391040,56320,,"gs=Mumbai,model=8x8x8,image=97,rq_node=330,ac_node=1588,compute_delay_ns=0"
898,330,1588,100.0,408447360,56320,,"gs=Mumbai,model=8x8x8,image=98,rq_node=330,ac_node=1588,compute_delay_ns=0"
899,330,1588,100.0,409503680,56320,,"gs=Mumbai,model=8x8x8,image=99,rq_node=330,ac_node=1588,compute_delay_ns=0"
900,330,1588,100.0,410560000,112640,,"gs=Mumbai,model=8x8x16,image=0,rq_node=330,ac_node=1588,compute_delay_ns=0"
901,330,1588,100.0,411672640,112640,,"gs=Mumbai,model=8x8x16,image=1,rq_node=330,ac_node=1588,compute_delay_ns=0"
902,330,1588,100.0,412785280,112640,,"gs=Mumbai,model=8x8x16,image=2,rq_node=330,ac_node=1588,compute_delay_ns=0"
903,330,1588,100.0,413897920,112640,,"gs=Mumbai,model=8x8x16,image=3,rq_node=330,ac_node=1588,compute_delay_ns=0"
904,330,1588,100.0,415010560,112640,,"gs=Mumbai,model=8x8x16,image=4,rq_node=330,ac_node=1588,compute_delay_ns=0"
905,330,1588,100.0,416123200,112640,,"gs=Mumbai,model=8x8x16,image=5,rq_node=330,ac_node=1588,compute_delay_ns=0"
906,330,1588,100.0,417235840,112640,,"gs=Mumbai,model=8x8x16,image=6,rq_node=330,ac_node=1588,compute_delay_ns=0"
907,330,1588,100.0,418348480,112640,,"gs=Mumbai,model=8x8x16,image=7,rq_node=330,ac_node=1588,compute_delay_ns=0"
908,330,1588,100.0,419461120,112640,,"gs=Mumbai,model=8x8x16,image=8,rq_node=330,ac_node=1588,compute_delay_ns=0"
909,330,1588,100.0,420573760,112640,,"gs=Mumbai,model=8x8x16,image=9,rq_node=330,ac_node=1588,compute_delay_ns=0"
910,330,1588,100.0,421686400,112640,,"gs=Mumbai,model=8x8x16,image=10,rq_node=330,ac_node=1588,compute_delay_ns=0"
911,330,1588,100.0,422799040,112640,,"gs=Mumbai,model=8x8x16,image=11,rq_node=330,ac_node=1588,compute_delay_ns=0"
912,330,1588,100.0,423911680,112640,,"gs=Mumbai,model=8x8x16,image=12,rq_node=330,ac_node=1588,compute_delay_ns=0"
913,330,1588,100.0,425024320,112640,,"gs=Mumbai,model=8x8x16,image=13,rq_node=330,ac_node=1588,compute_delay_ns=0"
914,330,1588,100.0,426136960,112640,,"gs=Mumbai,model=8x8x16,image=14,rq_node=330,ac_node=1588,compute_delay_ns=0"
915,330,1588,100.0,427249600,112640,,"gs=Mumbai,model=8x8x16,image=15,rq_node=330,ac_node=1588,compute_delay_ns=0"
916,330,1588,100.0,428362240,112640,,"gs=Mumbai,model=8x8x16,image=16,rq_node=330,ac_node=1588,compute_delay_ns=0"
917,330,1588,100.0,429474880,112640,,"gs=Mumbai,model=8x8x16,image=17,rq_node=330,ac_node=1588,compute_delay_ns=0"
918,330,1588,100.0,430587520,112640,,"gs=Mumbai,model=8x8x16,image=18,rq_node=330,ac_node=1588,compute_delay_ns=0"
919,330,1588,100.0,431700160,112640,,"gs=Mumbai,model=8x8x16,image=19,rq_node=330,ac_node=1588,compute_delay_ns=0"
920,330,1588,100.0,432812800,112640,,"gs=Mumbai,model=8x8x16,image=20,rq_node=330,ac_node=1588,compute_delay_ns=0"
921,330,1588,100.0,433925440,112640,,"gs=Mumbai,model=8x8x16,image=21,rq_node=330,ac_node=1588,compute_delay_ns=0"
922,330,1588,100.0,435038080,112640,,"gs=Mumbai,model=8x8x16,image=22,rq_node=330,ac_node=1588,compute_delay_ns=0"
923,330,1588,100.0,436150720,112640,,"gs=Mumbai,model=8x8x16,image=23,rq_node=330,ac_node=1588,compute_delay_ns=0"
924,330,1588,100.0,437263360,112640,,"gs=Mumbai,model=8x8x16,image=24,rq_node=330,ac_node=1588,compute_delay_ns=0"
925,330,1588,100.0,438376000,112640,,"gs=Mumbai,model=8x8x16,image=25,rq_node=330,ac_node=1588,compute_delay_ns=0"
926,330,1588,100.0,439488640,112640,,"gs=Mumbai,model=8x8x16,image=26,rq_node=330,ac_node=1588,compute_delay_ns=0"
927,330,1588,100.0,440601280,112640,,"gs=Mumbai,model=8x8x16,image=27,rq_node=330,ac_node=1588,compute_delay_ns=0"
928,330,1588,100.0,441713920,112640,,"gs=Mumbai,model=8x8x16,image=28,rq_node=330,ac_node=1588,compute_delay_ns=0"
929,330,1588,100.0,442826560,112640,,"gs=Mumbai,model=8x8x16,image=29,rq_node=330,ac_node=1588,compute_delay_ns=0"
930,330,1588,100.0,443939200,112640,,"gs=Mumbai,model=8x8x16,image=30,rq_node=330,ac_node=1588,compute_delay_ns=0"
931,330,1588,100.0,445051840,112640,,"gs=Mumbai,model=8x8x16,image=31,rq_node=330,ac_node=1588,compute_delay_ns=0"
932,330,1588,100.0,446164480,112640,,"gs=Mumbai,model=8x8x16,image=32,rq_node=330,ac_node=1588,compute_delay_ns=0"
933,330,1588,100.0,447277120,112640,,"gs=Mumbai,model=8x8x16,image=33,rq_node=330,ac_node=1588,compute_delay_ns=0"
934,330,1588,100.0,448389760,112640,,"gs=Mumbai,model=8x8x16,image=34,rq_node=330,ac_node=1588,compute_delay_ns=0"
935,330,1588,100.0,449502400,112640,,"gs=Mumbai,model=8x8x16,image=35,rq_node=330,ac_node=1588,compute_delay_ns=0"
936,330,1588,100.0,450615040,112640,,"gs=Mumbai,model=8x8x16,image=36,rq_node=330,ac_node=1588,compute_delay_ns=0"
937,330,1588,100.0,451727680,112640,,"gs=Mumbai,model=8x8x16,image=37,rq_node=330,ac_node=1588,compute_delay_ns=0"
938,330,1588,100.0,452840320,112640,,"gs=Mumbai,model=8x8x16,image=38,rq_node=330,ac_node=1588,compute_delay_ns=0"
939,330,1588,100.0,453952960,112640,,"gs=Mumbai,model=8x8x16,image=39,rq_node=330,ac_node=1588,compute_delay_ns=0"
940,330,1588,100.0,455065600,112640,,"gs=Mumbai,model=8x8x16,image=40,rq_node=330,ac_node=1588,compute_delay_ns=0"
941,330,1588,100.0,456178240,112640,,"gs=Mumbai,model=8x8x16,image=41,rq_node=330,ac_node=1588,compute_delay_ns=0"
942,330,1588,100.0,457290880,112640,,"gs=Mumbai,model=8x8x16,image=42,rq_node=330,ac_node=1588,compute_delay_ns=0"
943,330,1588,100.0,458403520,112640,,"gs=Mumbai,model=8x8x16,image=43,rq_node=330,ac_node=1588,compute_delay_ns=0"
944,330,1588,100.0,459516160,112640,,"gs=Mumbai,model=8x8x16,image=44,rq_node=330,ac_node=1588,compute_delay_ns=0"
945,330,1588,100.0,460628800,112640,,"gs=Mumbai,model=8x8x16,image=45,rq_node=330,ac_node=1588,compute_delay_ns=0"
946,330,1588,100.0,461741440,112640,,"gs=Mumbai,model=8x8x16,image=46,rq_node=330,ac_node=1588,compute_delay_ns=0"
947,330,1588,100.0,462854080,112640,,"gs=Mumbai,model=8x8x16,image=47,rq_node=330,ac_node=1588,compute_delay_ns=0"
948,330,1588,100.0,463966720,112640,,"gs=Mumbai,model=8x8x16,image=48,rq_node=330,ac_node=1588,compute_delay_ns=0"
949,330,1588,100.0,465079360,112640,,"gs=Mumbai,model=8x8x16,image=49,rq_node=330,ac_node=1588,compute_delay_ns=0"
950,330,1588,100.0,466192000,112640,,"gs=Mumbai,model=8x8x16,image=50,rq_node=330,ac_node=1588,compute_delay_ns=0"
951,330,1588,100.0,467304640,112640,,"gs=Mumbai,model=8x8x16,image=51,rq_node=330,ac_node=1588,compute_delay_ns=0"
952,330,1588,100.0,468417280,112640,,"gs=Mumbai,model=8x8x16,image=52,rq_node=330,ac_node=1588,compute_delay_ns=0"
953,330,1588,100.0,469529920,112640,,"gs=Mumbai,model=8x8x16,image=53,rq_node=330,ac_node=1588,compute_delay_ns=0"
954,330,1588,100.0,470642560,112640,,"gs=Mumbai,model=8x8x16,image=54,rq_node=330,ac_node=1588,compute_delay_ns=0"
955,330,1588,100.0,471755200,112640,,"gs=Mumbai,model=8x8x16,image=55,rq_node=330,ac_node=1588,compute_delay_ns=0"
956,330,1588,100.0,472867840,112640,,"gs=Mumbai,model=8x8x16,image=56,rq_node=330,ac_node=1588,compute_delay_ns=0"
957,330,1588,100.0,473980480,112640,,"gs=Mumbai,model=8x8x16,image=57,rq_node=330,ac_node=1588,compute_delay_ns=0"
958,330,1588,100.0,475093120,112640,,"gs=Mumbai,model=8x8x16,image=58,rq_node=330,ac_node=1588,compute_delay_ns=0"
959,330,1588,100.0,476205760,112640,,"gs=Mumbai,model=8x8x16,image=59,rq_node=330,ac_node=1588,compute_delay_ns=0"
960,330,1588,100.0,477318400,112640,,"gs=Mumbai,model=8x8x16,image=60,rq_node=330,ac_node=1588,compute_delay_ns=0"
961,330,1588,100.0,478431040,112640,,"gs=Mumbai,model=8x8x16,image=61,rq_node=330,ac_node=1588,compute_delay_ns=0"
962,330,1588,100.0,479543680,112640,,"gs=Mumbai,model=8x8x16,image=62,rq_node=330,ac_node=1588,compute_delay_ns=0"
963,330,1588,100.0,480656320,112640,,"gs=Mumbai,model=8x8x16,image=63,rq_node=330,ac_node=1588,compute_delay_ns=0"
964,330,1588,100.0,481768960,112640,,"gs=Mumbai,model=8x8x16,image=64,rq_node=330,ac_node=1588,compute_delay_ns=0"
965,330,1588,100.0,482881600,112640,,"gs=Mumbai,model=8x8x16,image=65,rq_node=330,ac_node=1588,compute_delay_ns=0"
966,330,1588,100.0,483994240,112640,,"gs=Mumbai,model=8x8x16,image=66,rq_node=330,ac_node=1588,compute_delay_ns=0"
967,330,1588,100.0,485106880,112640,,"gs=Mumbai,model=8x8x16,image=67,rq_node=330,ac_node=1588,compute_delay_ns=0"
968,330,1588,100.0,486219520,112640,,"gs=Mumbai,model=8x8x16,image=68,rq_node=330,ac_node=1588,compute_delay_ns=0"
969,330,1588,100.0,487332160,112640,,"gs=Mumbai,model=8x8x16,image=69,rq_node=330,ac_node=1588,compute_delay_ns=0"
970,330,1588,100.0,488444800,112640,,"gs=Mumbai,model=8x8x16,image=70,rq_node=330,ac_node=1588,compute_delay_ns=0"
971,330,1588,100.0,489557440,112640,,"gs=Mumbai,model=8x8x16,image=71,rq_node=330,ac_node=1588,compute_delay_ns=0"
972,330,1588,100.0,490670080,112640,,"gs=Mumbai,model=8x8x16,image=72,rq_node=330,ac_node=1588,compute_delay_ns=0"
973,330,1588,100.0,491782720,112640,,"gs=Mumbai,model=8x8x16,image=73,rq_node=330,ac_node=1588,compute_delay_ns=0"
974,330,1588,100.0,492895360,112640,,"gs=Mumbai,model=8x8x16,image=74,rq_node=330,ac_node=1588,compute_delay_ns=0"
975,330,1588,100.0,494008000,112640,,"gs=Mumbai,model=8x8x16,image=75,rq_node=330,ac_node=1588,compute_delay_ns=0"
976,330,1588,100.0,495120640,112640,,"gs=Mumbai,model=8x8x16,image=76,rq_node=330,ac_node=1588,compute_delay_ns=0"
977,330,1588,100.0,496233280,112640,,"gs=Mumbai,model=8x8x16,image=77,rq_node=330,ac_node=1588,compute_delay_ns=0"
978,330,1588,100.0,497345920,112640,,"gs=Mumbai,model=8x8x16,image=78,rq_node=330,ac_node=1588,compute_delay_ns=0"
979,330,1588,100.0,498458560,112640,,"gs=Mumbai,model=8x8x16,image=79,rq_node=330,ac_node=1588,compute_delay_ns=0"
980,330,1588,100.0,499571200,112640,,"gs=Mumbai,model=8x8x16,image=80,rq_node=330,ac_node=1588,compute_delay_ns=0"
981,330,1588,100.0,500683840,112640,,"gs=Mumbai,model=8x8x16,image=81,rq_node=330,ac_node=1588,compute_delay_ns=0"
982,330,1588,100.0,501796480,112640,,"gs=Mumbai,model=8x8x16,image=82,rq_node=330,ac_node=1588,compute_delay_ns=0"
983,330,1588,100.0,502909120,112640,,"gs=Mumbai,model=8x8x16,image=83,rq_node=330,ac_node=1588,compute_delay_ns=0"
984,330,1588,100.0,504021760,112640,,"gs=Mumbai,model=8x8x16,image=84,rq_node=330,ac_node=1588,compute_delay_ns=0"
985,330,1588,100.0,505134400,112640,,"gs=Mumbai,model=8x8x16,image=85,rq_node=330,ac_node=1588,compute_delay_ns=0"
986,330,1588,100.0,506247040,112640,,"gs=Mumbai,model=8x8x16,image=86,rq_node=330,ac_node=1588,compute_delay_ns=0"
987,330,1588,100.0,507359680,112640,,"gs=Mumbai,model=8x8x16,image=87,rq_node=330,ac_node=1588,compute_delay_ns=0"
988,330,1588,100.0,508472320,112640,,"gs=Mumbai,model=8x8x16,image=88,rq_node=330,ac_node=1588,compute_delay_ns=0"
989,330,1588,100.0,509584960,112640,,"gs=Mumbai,model=8x8x16,image=89,rq_node=330,ac_node=1588,compute_delay_ns=0"
990,330,1588,100.0,510697600,112640,,"gs=Mumbai,model=8x8x16,image=90,rq_node=330,ac_node=1588,compute_delay_ns=0"
991,330,1588,100.0,511810240,112640,,"gs=Mumbai,model=8x8x16,image=91,rq_node=330,ac_node=1588,compute_delay_ns=0"
992,330,1588,100.0,512922880,112640,,"gs=Mumbai,model=8x8x16,image=92,rq_node=330,ac_node=1588,compute_delay_ns=0"
993,330,1588,100.0,514035520,112640,,"gs=Mumbai,model=8x8x16,image=93,rq_node=330,ac_node=1588,compute_delay_ns=0"
994,330,1588,100.0,515148160,112640,,"gs=Mumbai,model=8x8x16,image=94,rq_node=330,ac_node=1588,compute_delay_ns=0"
995,330,1588,100.0,516260800,112640,,"gs=Mumbai,model=8x8x16,image=95,rq_node=330,ac_node=1588,compute_delay_ns=0"
996,330,1588,100.0,517373440,112640,,"gs=Mumbai,model=8x8x16,image=96,rq_node=330,ac_node=1588,compute_delay_ns=0"
997,330,1588,100.0,518486080,112640,,"gs=Mumbai,model=8x8x16,image=97,rq_node=330,ac_node=1588,compute_delay_ns=0"
998,330,1588,100.0,519598720,112640,,"gs=Mumbai,model=8x8x16,image=98,rq_node=330,ac_node=1588,compute_delay_ns=0"
999,330,1588,100.0,520711360,112640,,"gs=Mumbai,model=8x8x16,image=99,rq_node=330,ac_node=1588,compute_delay_ns=0"
1000,660,1585,100.0,0,7040,,"gs=Delhi,model=8x8x1,image=0,rq_node=660,ac_node=1585,compute_delay_ns=0"
1001,660,1585,100.0,1007040,7040,,"gs=Delhi,model=8x8x1,image=1,rq_node=660,ac_node=1585,compute_delay_ns=0"
1002,660,1585,100.0,2014080,7040,,"gs=Delhi,model=8x8x1,image=2,rq_node=660,ac_node=1585,compute_delay_ns=0"
1003,660,1585,100.0,3021120,7040,,"gs=Delhi,model=8x8x1,image=3,rq_node=660,ac_node=1585,compute_delay_ns=0"
1004,660,1585,100.0,4028160,7040,,"gs=Delhi,model=8x8x1,image=4,rq_node=660,ac_node=1585,compute_delay_ns=0"
1005,660,1585,100.0,5035200,7040,,"gs=Delhi,model=8x8x1,image=5,rq_node=660,ac_node=1585,compute_delay_ns=0"
1006,660,1585,100.0,6042240,7040,,"gs=Delhi,model=8x8x1,image=6,rq_node=660,ac_node=1585,compute_delay_ns=0"
1007,660,1585,100.0,7049280,7040,,"gs=Delhi,model=8x8x1,image=7,rq_node=660,ac_node=1585,compute_delay_ns=0"
1008,660,1585,100.0,8056320,7040,,"gs=Delhi,model=8x8x1,image=8,rq_node=660,ac_node=1585,compute_delay_ns=0"
1009,660,1585,100.0,9063360,7040,,"gs=Delhi,model=8x8x1,image=9,rq_node=660,ac_node=1585,compute_delay_ns=0"
1010,660,1585,100.0,10070400,7040,,"gs=Delhi,model=8x8x1,image=10,rq_node=660,ac_node=1585,compute_delay_ns=0"
1011,660,1585,100.0,11077440,7040,,"gs=Delhi,model=8x8x1,image=11,rq_node=660,ac_node=1585,compute_delay_ns=0"
1012,660,1585,100.0,12084480,7040,,"gs=Delhi,model=8x8x1,image=12,rq_node=660,ac_node=1585,compute_delay_ns=0"
1013,660,1585,100.0,13091520,7040,,"gs=Delhi,model=8x8x1,image=13,rq_node=660,ac_node=1585,compute_delay_ns=0"
1014,660,1585,100.0,14098560,7040,,"gs=Delhi,model=8x8x1,image=14,rq_node=660,ac_node=1585,compute_delay_ns=0"
1015,660,1585,100.0,15105600,7040,,"gs=Delhi,model=8x8x1,image=15,rq_node=660,ac_node=1585,compute_delay_ns=0"
1016,660,1585,100.0,16112640,7040,,"gs=Delhi,model=8x8x1,image=16,rq_node=660,ac_node=1585,compute_delay_ns=0"
1017,660,1585,100.0,17119680,7040,,"gs=Delhi,model=8x8x1,image=17,rq_node=660,ac_node=1585,compute_delay_ns=0"
1018,660,1585,100.0,18126720,7040,,"gs=Delhi,model=8x8x1,image=18,rq_node=660,ac_node=1585,compute_delay_ns=0"
1019,660,1585,100.0,19133760,7040,,"gs=Delhi,model=8x8x1,image=19,rq_node=660,ac_node=1585,compute_delay_ns=0"
1020,660,1585,100.0,20140800,7040,,"gs=Delhi,model=8x8x1,image=20,rq_node=660,ac_node=1585,compute_delay_ns=0"
1021,660,1585,100.0,21147840,7040,,"gs=Delhi,model=8x8x1,image=21,rq_node=660,ac_node=1585,compute_delay_ns=0"
1022,660,1585,100.0,22154880,7040,,"gs=Delhi,model=8x8x1,image=22,rq_node=660,ac_node=1585,compute_delay_ns=0"
1023,660,1585,100.0,23161920,7040,,"gs=Delhi,model=8x8x1,image=23,rq_node=660,ac_node=1585,compute_delay_ns=0"
1024,660,1585,100.0,24168960,7040,,"gs=Delhi,model=8x8x1,image=24,rq_node=660,ac_node=1585,compute_delay_ns=0"
1025,660,1585,100.0,25176000,7040,,"gs=Delhi,model=8x8x1,image=25,rq_node=660,ac_node=1585,compute_delay_ns=0"
1026,660,1585,100.0,26183040,7040,,"gs=Delhi,model=8x8x1,image=26,rq_node=660,ac_node=1585,compute_delay_ns=0"
1027,660,1585,100.0,27190080,7040,,"gs=Delhi,model=8x8x1,image=27,rq_node=660,ac_node=1585,compute_delay_ns=0"
1028,660,1585,100.0,28197120,7040,,"gs=Delhi,model=8x8x1,image=28,rq_node=660,ac_node=1585,compute_delay_ns=0"
1029,660,1585,100.0,29204160,7040,,"gs=Delhi,model=8x8x1,image=29,rq_node=660,ac_node=1585,compute_delay_ns=0"
1030,660,1585,100.0,30211200,7040,,"gs=Delhi,model=8x8x1,image=30,rq_node=660,ac_node=1585,compute_delay_ns=0"
1031,660,1585,100.0,31218240,7040,,"gs=Delhi,model=8x8x1,image=31,rq_node=660,ac_node=1585,compute_delay_ns=0"
1032,660,1585,100.0,32225280,7040,,"gs=Delhi,model=8x8x1,image=32,rq_node=660,ac_node=1585,compute_delay_ns=0"
1033,660,1585,100.0,33232320,7040,,"gs=Delhi,model=8x8x1,image=33,rq_node=660,ac_node=1585,compute_delay_ns=0"
1034,660,1585,100.0,34239360,7040,,"gs=Delhi,model=8x8x1,image=34,rq_node=660,ac_node=1585,compute_delay_ns=0"
1035,660,1585,100.0,35246400,7040,,"gs=Delhi,model=8x8x1,image=35,rq_node=660,ac_node=1585,compute_delay_ns=0"
1036,660,1585,100.0,36253440,7040,,"gs=Delhi,model=8x8x1,image=36,rq_node=660,ac_node=1585,compute_delay_ns=0"
1037,660,1585,100.0,37260480,7040,,"gs=Delhi,model=8x8x1,image=37,rq_node=660,ac_node=1585,compute_delay_ns=0"
1038,660,1585,100.0,38267520,7040,,"gs=Delhi,model=8x8x1,image=38,rq_node=660,ac_node=1585,compute_delay_ns=0"
1039,660,1585,100.0,39274560,7040,,"gs=Delhi,model=8x8x1,image=39,rq_node=660,ac_node=1585,compute_delay_ns=0"
1040,660,1585,100.0,40281600,7040,,"gs=Delhi,model=8x8x1,image=40,rq_node=660,ac_node=1585,compute_delay_ns=0"
1041,660,1585,100.0,41288640,7040,,"gs=Delhi,model=8x8x1,image=41,rq_node=660,ac_node=1585,compute_delay_ns=0"
1042,660,1585,100.0,42295680,7040,,"gs=Delhi,model=8x8x1,image=42,rq_node=660,ac_node=1585,compute_delay_ns=0"
1043,660,1585,100.0,43302720,7040,,"gs=Delhi,model=8x8x1,image=43,rq_node=660,ac_node=1585,compute_delay_ns=0"
1044,660,1585,100.0,44309760,7040,,"gs=Delhi,model=8x8x1,image=44,rq_node=660,ac_node=1585,compute_delay_ns=0"
1045,660,1585,100.0,45316800,7040,,"gs=Delhi,model=8x8x1,image=45,rq_node=660,ac_node=1585,compute_delay_ns=0"
1046,660,1585,100.0,46323840,7040,,"gs=Delhi,model=8x8x1,image=46,rq_node=660,ac_node=1585,compute_delay_ns=0"
1047,660,1585,100.0,47330880,7040,,"gs=Delhi,model=8x8x1,image=47,rq_node=660,ac_node=1585,compute_delay_ns=0"
1048,660,1585,100.0,48337920,7040,,"gs=Delhi,model=8x8x1,image=48,rq_node=660,ac_node=1585,compute_delay_ns=0"
1049,660,1585,100.0,49344960,7040,,"gs=Delhi,model=8x8x1,image=49,rq_node=660,ac_node=1585,compute_delay_ns=0"
1050,660,1585,100.0,50352000,7040,,"gs=Delhi,model=8x8x1,image=50,rq_node=660,ac_node=1585,compute_delay_ns=0"
1051,660,1585,100.0,51359040,7040,,"gs=Delhi,model=8x8x1,image=51,rq_node=660,ac_node=1585,compute_delay_ns=0"
1052,660,1585,100.0,52366080,7040,,"gs=Delhi,model=8x8x1,image=52,rq_node=660,ac_node=1585,compute_delay_ns=0"
1053,660,1585,100.0,53373120,7040,,"gs=Delhi,model=8x8x1,image=53,rq_node=660,ac_node=1585,compute_delay_ns=0"
1054,660,1585,100.0,54380160,7040,,"gs=Delhi,model=8x8x1,image=54,rq_node=660,ac_node=1585,compute_delay_ns=0"
1055,660,1585,100.0,55387200,7040,,"gs=Delhi,model=8x8x1,image=55,rq_node=660,ac_node=1585,compute_delay_ns=0"
1056,660,1585,100.0,56394240,7040,,"gs=Delhi,model=8x8x1,image=56,rq_node=660,ac_node=1585,compute_delay_ns=0"
1057,660,1585,100.0,57401280,7040,,"gs=Delhi,model=8x8x1,image=57,rq_node=660,ac_node=1585,compute_delay_ns=0"
1058,660,1585,100.0,58408320,7040,,"gs=Delhi,model=8x8x1,image=58,rq_node=660,ac_node=1585,compute_delay_ns=0"
1059,660,1585,100.0,59415360,7040,,"gs=Delhi,model=8x8x1,image=59,rq_node=660,ac_node=1585,compute_delay_ns=0"
1060,660,1585,100.0,60422400,7040,,"gs=Delhi,model=8x8x1,image=60,rq_node=660,ac_node=1585,compute_delay_ns=0"
1061,660,1585,100.0,61429440,7040,,"gs=Delhi,model=8x8x1,image=61,rq_node=660,ac_node=1585,compute_delay_ns=0"
1062,660,1585,100.0,62436480,7040,,"gs=Delhi,model=8x8x1,image=62,rq_node=660,ac_node=1585,compute_delay_ns=0"
1063,660,1585,100.0,63443520,7040,,"gs=Delhi,model=8x8x1,image=63,rq_node=660,ac_node=1585,compute_delay_ns=0"
1064,660,1585,100.0,64450560,7040,,"gs=Delhi,model=8x8x1,image=64,rq_node=660,ac_node=1585,compute_delay_ns=0"
1065,660,1585,100.0,65457600,7040,,"gs=Delhi,model=8x8x1,image=65,rq_node=660,ac_node=1585,compute_delay_ns=0"
1066,660,1585,100.0,66464640,7040,,"gs=Delhi,model=8x8x1,image=66,rq_node=660,ac_node=1585,compute_delay_ns=0"
1067,660,1585,100.0,67471680,7040,,"gs=Delhi,model=8x8x1,image=67,rq_node=660,ac_node=1585,compute_delay_ns=0"
1068,660,1585,100.0,68478720,7040,,"gs=Delhi,model=8x8x1,image=68,rq_node=660,ac_node=1585,compute_delay_ns=0"
1069,660,1585,100.0,69485760,7040,,"gs=Delhi,model=8x8x1,image=69,rq_node=660,ac_node=1585,compute_delay_ns=0"
1070,660,1585,100.0,70492800,7040,,"gs=Delhi,model=8x8x1,image=70,rq_node=660,ac_node=1585,compute_delay_ns=0"
1071,660,1585,100.0,71499840,7040,,"gs=Delhi,model=8x8x1,image=71,rq_node=660,ac_node=1585,compute_delay_ns=0"
1072,660,1585,100.0,72506880,7040,,"gs=Delhi,model=8x8x1,image=72,rq_node=660,ac_node=1585,compute_delay_ns=0"
1073,660,1585,100.0,73513920,7040,,"gs=Delhi,model=8x8x1,image=73,rq_node=660,ac_node=1585,compute_delay_ns=0"
1074,660,1585,100.0,74520960,7040,,"gs=Delhi,model=8x8x1,image=74,rq_node=660,ac_node=1585,compute_delay_ns=0"
1075,660,1585,100.0,75528000,7040,,"gs=Delhi,model=8x8x1,image=75,rq_node=660,ac_node=1585,compute_delay_ns=0"
1076,660,1585,100.0,76535040,7040,,"gs=Delhi,model=8x8x1,image=76,rq_node=660,ac_node=1585,compute_delay_ns=0"
1077,660,1585,100.0,77542080,7040,,"gs=Delhi,model=8x8x1,image=77,rq_node=660,ac_node=1585,compute_delay_ns=0"
1078,660,1585,100.0,78549120,7040,,"gs=Delhi,model=8x8x1,image=78,rq_node=660,ac_node=1585,compute_delay_ns=0"
1079,660,1585,100.0,79556160,7040,,"gs=Delhi,model=8x8x1,image=79,rq_node=660,ac_node=1585,compute_delay_ns=0"
1080,660,1585,100.0,80563200,7040,,"gs=Delhi,model=8x8x1,image=80,rq_node=660,ac_node=1585,compute_delay_ns=0"
1081,660,1585,100.0,81570240,7040,,"gs=Delhi,model=8x8x1,image=81,rq_node=660,ac_node=1585,compute_delay_ns=0"
1082,660,1585,100.0,82577280,7040,,"gs=Delhi,model=8x8x1,image=82,rq_node=660,ac_node=1585,compute_delay_ns=0"
1083,660,1585,100.0,83584320,7040,,"gs=Delhi,model=8x8x1,image=83,rq_node=660,ac_node=1585,compute_delay_ns=0"
1084,660,1585,100.0,84591360,7040,,"gs=Delhi,model=8x8x1,image=84,rq_node=660,ac_node=1585,compute_delay_ns=0"
1085,660,1585,100.0,85598400,7040,,"gs=Delhi,model=8x8x1,image=85,rq_node=660,ac_node=1585,compute_delay_ns=0"
1086,660,1585,100.0,86605440,7040,,"gs=Delhi,model=8x8x1,image=86,rq_node=660,ac_node=1585,compute_delay_ns=0"
1087,660,1585,100.0,87612480,7040,,"gs=Delhi,model=8x8x1,image=87,rq_node=660,ac_node=1585,compute_delay_ns=0"
1088,660,1585,100.0,88619520,7040,,"gs=Delhi,model=8x8x1,image=88,rq_node=660,ac_node=1585,compute_delay_ns=0"
1089,660,1585,100.0,89626560,7040,,"gs=Delhi,model=8x8x1,image=89,rq_node=660,ac_node=1585,compute_delay_ns=0"
1090,660,1585,100.0,90633600,7040,,"gs=Delhi,model=8x8x1,image=90,rq_node=660,ac_node=1585,compute_delay_ns=0"
1091,660,1585,100.0,91640640,7040,,"gs=Delhi,model=8x8x1,image=91,rq_node=660,ac_node=1585,compute_delay_ns=0"
1092,660,1585,100.0,92647680,7040,,"gs=Delhi,model=8x8x1,image=92,rq_node=660,ac_node=1585,compute_delay_ns=0"
1093,660,1585,100.0,93654720,7040,,"gs=Delhi,model=8x8x1,image=93,rq_node=660,ac_node=1585,compute_delay_ns=0"
1094,660,1585,100.0,94661760,7040,,"gs=Delhi,model=8x8x1,image=94,rq_node=660,ac_node=1585,compute_delay_ns=0"
1095,660,1585,100.0,95668800,7040,,"gs=Delhi,model=8x8x1,image=95,rq_node=660,ac_node=1585,compute_delay_ns=0"
1096,660,1585,100.0,96675840,7040,,"gs=Delhi,model=8x8x1,image=96,rq_node=660,ac_node=1585,compute_delay_ns=0"
1097,660,1585,100.0,97682880,7040,,"gs=Delhi,model=8x8x1,image=97,rq_node=660,ac_node=1585,compute_delay_ns=0"
1098,660,1585,100.0,98689920,7040,,"gs=Delhi,model=8x8x1,image=98,rq_node=660,ac_node=1585,compute_delay_ns=0"
1099,660,1585,100.0,99696960,7040,,"gs=Delhi,model=8x8x1,image=99,rq_node=660,ac_node=1585,compute_delay_ns=0"
1100,660,1585,100.0,100704000,14080,,"gs=Delhi,model=8x8x2,image=0,rq_node=660,ac_node=1585,compute_delay_ns=0"
1101,660,1585,100.0,101718080,14080,,"gs=Delhi,model=8x8x2,image=1,rq_node=660,ac_node=1585,compute_delay_ns=0"
1102,660,1585,100.0,102732160,14080,,"gs=Delhi,model=8x8x2,image=2,rq_node=660,ac_node=1585,compute_delay_ns=0"
1103,660,1585,100.0,103746240,14080,,"gs=Delhi,model=8x8x2,image=3,rq_node=660,ac_node=1585,compute_delay_ns=0"
1104,660,1585,100.0,104760320,14080,,"gs=Delhi,model=8x8x2,image=4,rq_node=660,ac_node=1585,compute_delay_ns=0"
1105,660,1585,100.0,105774400,14080,,"gs=Delhi,model=8x8x2,image=5,rq_node=660,ac_node=1585,compute_delay_ns=0"
1106,660,1585,100.0,106788480,14080,,"gs=Delhi,model=8x8x2,image=6,rq_node=660,ac_node=1585,compute_delay_ns=0"
1107,660,1585,100.0,107802560,14080,,"gs=Delhi,model=8x8x2,image=7,rq_node=660,ac_node=1585,compute_delay_ns=0"
1108,660,1585,100.0,108816640,14080,,"gs=Delhi,model=8x8x2,image=8,rq_node=660,ac_node=1585,compute_delay_ns=0"
1109,660,1585,100.0,109830720,14080,,"gs=Delhi,model=8x8x2,image=9,rq_node=660,ac_node=1585,compute_delay_ns=0"
1110,660,1585,100.0,110844800,14080,,"gs=Delhi,model=8x8x2,image=10,rq_node=660,ac_node=1585,compute_delay_ns=0"
1111,660,1585,100.0,111858880,14080,,"gs=Delhi,model=8x8x2,image=11,rq_node=660,ac_node=1585,compute_delay_ns=0"
1112,660,1585,100.0,112872960,14080,,"gs=Delhi,model=8x8x2,image=12,rq_node=660,ac_node=1585,compute_delay_ns=0"
1113,660,1585,100.0,113887040,14080,,"gs=Delhi,model=8x8x2,image=13,rq_node=660,ac_node=1585,compute_delay_ns=0"
1114,660,1585,100.0,114901120,14080,,"gs=Delhi,model=8x8x2,image=14,rq_node=660,ac_node=1585,compute_delay_ns=0"
1115,660,1585,100.0,115915200,14080,,"gs=Delhi,model=8x8x2,image=15,rq_node=660,ac_node=1585,compute_delay_ns=0"
1116,660,1585,100.0,116929280,14080,,"gs=Delhi,model=8x8x2,image=16,rq_node=660,ac_node=1585,compute_delay_ns=0"
1117,660,1585,100.0,117943360,14080,,"gs=Delhi,model=8x8x2,image=17,rq_node=660,ac_node=1585,compute_delay_ns=0"
1118,660,1585,100.0,118957440,14080,,"gs=Delhi,model=8x8x2,image=18,rq_node=660,ac_node=1585,compute_delay_ns=0"
1119,660,1585,100.0,119971520,14080,,"gs=Delhi,model=8x8x2,image=19,rq_node=660,ac_node=1585,compute_delay_ns=0"
1120,660,1585,100.0,120985600,14080,,"gs=Delhi,model=8x8x2,image=20,rq_node=660,ac_node=1585,compute_delay_ns=0"
1121,660,1585,100.0,121999680,14080,,"gs=Delhi,model=8x8x2,image=21,rq_node=660,ac_node=1585,compute_delay_ns=0"
1122,660,1585,100.0,123013760,14080,,"gs=Delhi,model=8x8x2,image=22,rq_node=660,ac_node=1585,compute_delay_ns=0"
1123,660,1585,100.0,124027840,14080,,"gs=Delhi,model=8x8x2,image=23,rq_node=660,ac_node=1585,compute_delay_ns=0"
1124,660,1585,100.0,125041920,14080,,"gs=Delhi,model=8x8x2,image=24,rq_node=660,ac_node=1585,compute_delay_ns=0"
1125,660,1585,100.0,126056000,14080,,"gs=Delhi,model=8x8x2,image=25,rq_node=660,ac_node=1585,compute_delay_ns=0"
1126,660,1585,100.0,127070080,14080,,"gs=Delhi,model=8x8x2,image=26,rq_node=660,ac_node=1585,compute_delay_ns=0"
1127,660,1585,100.0,128084160,14080,,"gs=Delhi,model=8x8x2,image=27,rq_node=660,ac_node=1585,compute_delay_ns=0"
1128,660,1585,100.0,129098240,14080,,"gs=Delhi,model=8x8x2,image=28,rq_node=660,ac_node=1585,compute_delay_ns=0"
1129,660,1585,100.0,130112320,14080,,"gs=Delhi,model=8x8x2,image=29,rq_node=660,ac_node=1585,compute_delay_ns=0"
1130,660,1585,100.0,131126400,14080,,"gs=Delhi,model=8x8x2,image=30,rq_node=660,ac_node=1585,compute_delay_ns=0"
1131,660,1585,100.0,132140480,14080,,"gs=Delhi,model=8x8x2,image=31,rq_node=660,ac_node=1585,compute_delay_ns=0"
1132,660,1585,100.0,133154560,14080,,"gs=Delhi,model=8x8x2,image=32,rq_node=660,ac_node=1585,compute_delay_ns=0"
1133,660,1585,100.0,134168640,14080,,"gs=Delhi,model=8x8x2,image=33,rq_node=660,ac_node=1585,compute_delay_ns=0"
1134,660,1585,100.0,135182720,14080,,"gs=Delhi,model=8x8x2,image=34,rq_node=660,ac_node=1585,compute_delay_ns=0"
1135,660,1585,100.0,136196800,14080,,"gs=Delhi,model=8x8x2,image=35,rq_node=660,ac_node=1585,compute_delay_ns=0"
1136,660,1585,100.0,137210880,14080,,"gs=Delhi,model=8x8x2,image=36,rq_node=660,ac_node=1585,compute_delay_ns=0"
1137,660,1585,100.0,138224960,14080,,"gs=Delhi,model=8x8x2,image=37,rq_node=660,ac_node=1585,compute_delay_ns=0"
1138,660,1585,100.0,139239040,14080,,"gs=Delhi,model=8x8x2,image=38,rq_node=660,ac_node=1585,compute_delay_ns=0"
1139,660,1585,100.0,140253120,14080,,"gs=Delhi,model=8x8x2,image=39,rq_node=660,ac_node=1585,compute_delay_ns=0"
1140,660,1585,100.0,141267200,14080,,"gs=Delhi,model=8x8x2,image=40,rq_node=660,ac_node=1585,compute_delay_ns=0"
1141,660,1585,100.0,142281280,14080,,"gs=Delhi,model=8x8x2,image=41,rq_node=660,ac_node=1585,compute_delay_ns=0"
1142,660,1585,100.0,143295360,14080,,"gs=Delhi,model=8x8x2,image=42,rq_node=660,ac_node=1585,compute_delay_ns=0"
1143,660,1585,100.0,144309440,14080,,"gs=Delhi,model=8x8x2,image=43,rq_node=660,ac_node=1585,compute_delay_ns=0"
1144,660,1585,100.0,145323520,14080,,"gs=Delhi,model=8x8x2,image=44,rq_node=660,ac_node=1585,compute_delay_ns=0"
1145,660,1585,100.0,146337600,14080,,"gs=Delhi,model=8x8x2,image=45,rq_node=660,ac_node=1585,compute_delay_ns=0"
1146,660,1585,100.0,147351680,14080,,"gs=Delhi,model=8x8x2,image=46,rq_node=660,ac_node=1585,compute_delay_ns=0"
1147,660,1585,100.0,148365760,14080,,"gs=Delhi,model=8x8x2,image=47,rq_node=660,ac_node=1585,compute_delay_ns=0"
1148,660,1585,100.0,149379840,14080,,"gs=Delhi,model=8x8x2,image=48,rq_node=660,ac_node=1585,compute_delay_ns=0"
1149,660,1585,100.0,150393920,14080,,"gs=Delhi,model=8x8x2,image=49,rq_node=660,ac_node=1585,compute_delay_ns=0"
1150,660,1585,100.0,151408000,14080,,"gs=Delhi,model=8x8x2,image=50,rq_node=660,ac_node=1585,compute_delay_ns=0"
1151,660,1585,100.0,152422080,14080,,"gs=Delhi,model=8x8x2,image=51,rq_node=660,ac_node=1585,compute_delay_ns=0"
1152,660,1585,100.0,153436160,14080,,"gs=Delhi,model=8x8x2,image=52,rq_node=660,ac_node=1585,compute_delay_ns=0"
1153,660,1585,100.0,154450240,14080,,"gs=Delhi,model=8x8x2,image=53,rq_node=660,ac_node=1585,compute_delay_ns=0"
1154,660,1585,100.0,155464320,14080,,"gs=Delhi,model=8x8x2,image=54,rq_node=660,ac_node=1585,compute_delay_ns=0"
1155,660,1585,100.0,156478400,14080,,"gs=Delhi,model=8x8x2,image=55,rq_node=660,ac_node=1585,compute_delay_ns=0"
1156,660,1585,100.0,157492480,14080,,"gs=Delhi,model=8x8x2,image=56,rq_node=660,ac_node=1585,compute_delay_ns=0"
1157,660,1585,100.0,158506560,14080,,"gs=Delhi,model=8x8x2,image=57,rq_node=660,ac_node=1585,compute_delay_ns=0"
1158,660,1585,100.0,159520640,14080,,"gs=Delhi,model=8x8x2,image=58,rq_node=660,ac_node=1585,compute_delay_ns=0"
1159,660,1585,100.0,160534720,14080,,"gs=Delhi,model=8x8x2,image=59,rq_node=660,ac_node=1585,compute_delay_ns=0"
1160,660,1585,100.0,161548800,14080,,"gs=Delhi,model=8x8x2,image=60,rq_node=660,ac_node=1585,compute_delay_ns=0"
1161,660,1585,100.0,162562880,14080,,"gs=Delhi,model=8x8x2,image=61,rq_node=660,ac_node=1585,compute_delay_ns=0"
1162,660,1585,100.0,163576960,14080,,"gs=Delhi,model=8x8x2,image=62,rq_node=660,ac_node=1585,compute_delay_ns=0"
1163,660,1585,100.0,164591040,14080,,"gs=Delhi,model=8x8x2,image=63,rq_node=660,ac_node=1585,compute_delay_ns=0"
1164,660,1585,100.0,165605120,14080,,"gs=Delhi,model=8x8x2,image=64,rq_node=660,ac_node=1585,compute_delay_ns=0"
1165,660,1585,100.0,166619200,14080,,"gs=Delhi,model=8x8x2,image=65,rq_node=660,ac_node=1585,compute_delay_ns=0"
1166,660,1585,100.0,167633280,14080,,"gs=Delhi,model=8x8x2,image=66,rq_node=660,ac_node=1585,compute_delay_ns=0"
1167,660,1585,100.0,168647360,14080,,"gs=Delhi,model=8x8x2,image=67,rq_node=660,ac_node=1585,compute_delay_ns=0"
1168,660,1585,100.0,169661440,14080,,"gs=Delhi,model=8x8x2,image=68,rq_node=660,ac_node=1585,compute_delay_ns=0"
1169,660,1585,100.0,170675520,14080,,"gs=Delhi,model=8x8x2,image=69,rq_node=660,ac_node=1585,compute_delay_ns=0"
1170,660,1585,100.0,171689600,14080,,"gs=Delhi,model=8x8x2,image=70,rq_node=660,ac_node=1585,compute_delay_ns=0"
1171,660,1585,100.0,172703680,14080,,"gs=Delhi,model=8x8x2,image=71,rq_node=660,ac_node=1585,compute_delay_ns=0"
1172,660,1585,100.0,173717760,14080,,"gs=Delhi,model=8x8x2,image=72,rq_node=660,ac_node=1585,compute_delay_ns=0"
1173,660,1585,100.0,174731840,14080,,"gs=Delhi,model=8x8x2,image=73,rq_node=660,ac_node=1585,compute_delay_ns=0"
1174,660,1585,100.0,175745920,14080,,"gs=Delhi,model=8x8x2,image=74,rq_node=660,ac_node=1585,compute_delay_ns=0"
1175,660,1585,100.0,176760000,14080,,"gs=Delhi,model=8x8x2,image=75,rq_node=660,ac_node=1585,compute_delay_ns=0"
1176,660,1585,100.0,177774080,14080,,"gs=Delhi,model=8x8x2,image=76,rq_node=660,ac_node=1585,compute_delay_ns=0"
1177,660,1585,100.0,178788160,14080,,"gs=Delhi,model=8x8x2,image=77,rq_node=660,ac_node=1585,compute_delay_ns=0"
1178,660,1585,100.0,179802240,14080,,"gs=Delhi,model=8x8x2,image=78,rq_node=660,ac_node=1585,compute_delay_ns=0"
1179,660,1585,100.0,180816320,14080,,"gs=Delhi,model=8x8x2,image=79,rq_node=660,ac_node=1585,compute_delay_ns=0"
1180,660,1585,100.0,181830400,14080,,"gs=Delhi,model=8x8x2,image=80,rq_node=660,ac_node=1585,compute_delay_ns=0"
1181,660,1585,100.0,182844480,14080,,"gs=Delhi,model=8x8x2,image=81,rq_node=660,ac_node=1585,compute_delay_ns=0"
1182,660,1585,100.0,183858560,14080,,"gs=Delhi,model=8x8x2,image=82,rq_node=660,ac_node=1585,compute_delay_ns=0"
1183,660,1585,100.0,184872640,14080,,"gs=Delhi,model=8x8x2,image=83,rq_node=660,ac_node=1585,compute_delay_ns=0"
1184,660,1585,100.0,185886720,14080,,"gs=Delhi,model=8x8x2,image=84,rq_node=660,ac_node=1585,compute_delay_ns=0"
1185,660,1585,100.0,186900800,14080,,"gs=Delhi,model=8x8x2,image=85,rq_node=660,ac_node=1585,compute_delay_ns=0"
1186,660,1585,100.0,187914880,14080,,"gs=Delhi,model=8x8x2,image=86,rq_node=660,ac_node=1585,compute_delay_ns=0"
1187,660,1585,100.0,188928960,14080,,"gs=Delhi,model=8x8x2,image=87,rq_node=660,ac_node=1585,compute_delay_ns=0"
1188,660,1585,100.0,189943040,14080,,"gs=Delhi,model=8x8x2,image=88,rq_node=660,ac_node=1585,compute_delay_ns=0"
1189,660,1585,100.0,190957120,14080,,"gs=Delhi,model=8x8x2,image=89,rq_node=660,ac_node=1585,compute_delay_ns=0"
1190,660,1585,100.0,191971200,14080,,"gs=Delhi,model=8x8x2,image=90,rq_node=660,ac_node=1585,compute_delay_ns=0"
1191,660,1585,100.0,192985280,14080,,"gs=Delhi,model=8x8x2,image=91,rq_node=660,ac_node=1585,compute_delay_ns=0"
1192,660,1585,100.0,193999360,14080,,"gs=Delhi,model=8x8x2,image=92,rq_node=660,ac_node=1585,compute_delay_ns=0"
1193,660,1585,100.0,195013440,14080,,"gs=Delhi,model=8x8x2,image=93,rq_node=660,ac_node=1585,compute_delay_ns=0"
1194,660,1585,100.0,196027520,14080,,"gs=Delhi,model=8x8x2,image=94,rq_node=660,ac_node=1585,compute_delay_ns=0"
1195,660,1585,100.0,197041600,14080,,"gs=Delhi,model=8x8x2,image=95,rq_node=660,ac_node=1585,compute_delay_ns=0"
1196,660,1585,100.0,198055680,14080,,"gs=Delhi,model=8x8x2,image=96,rq_node=660,ac_node=1585,compute_delay_ns=0"
1197,660,1585,100.0,199069760,14080,,"gs=Delhi,model=8x8x2,image=97,rq_node=660,ac_node=1585,compute_delay_ns=0"
1198,660,1585,100.0,200083840,14080,,"gs=Delhi,model=8x8x2,image=98,rq_node=660,ac_node=1585,compute_delay_ns=0"
1199,660,1585,100.0,201097920,14080,,"gs=Delhi,model=8x8x2,image=99,rq_node=660,ac_node=1585,compute_delay_ns=0"
1200,660,1585,100.0,202112000,28160,,"gs=Delhi,model=8x8x4,image=0,rq_node=660,ac_node=1585,compute_delay_ns=0"
1201,660,1585,100.0,203140160,28160,,"gs=Delhi,model=8x8x4,image=1,rq_node=660,ac_node=1585,compute_delay_ns=0"
1202,660,1585,100.0,204168320,28160,,"gs=Delhi,model=8x8x4,image=2,rq_node=660,ac_node=1585,compute_delay_ns=0"
1203,660,1585,100.0,205196480,28160,,"gs=Delhi,model=8x8x4,image=3,rq_node=660,ac_node=1585,compute_delay_ns=0"
1204,660,1585,100.0,206224640,28160,,"gs=Delhi,model=8x8x4,image=4,rq_node=660,ac_node=1585,compute_delay_ns=0"
1205,660,1585,100.0,207252800,28160,,"gs=Delhi,model=8x8x4,image=5,rq_node=660,ac_node=1585,compute_delay_ns=0"
1206,660,1585,100.0,208280960,28160,,"gs=Delhi,model=8x8x4,image=6,rq_node=660,ac_node=1585,compute_delay_ns=0"
1207,660,1585,100.0,209309120,28160,,"gs=Delhi,model=8x8x4,image=7,rq_node=660,ac_node=1585,compute_delay_ns=0"
1208,660,1585,100.0,210337280,28160,,"gs=Delhi,model=8x8x4,image=8,rq_node=660,ac_node=1585,compute_delay_ns=0"
1209,660,1585,100.0,211365440,28160,,"gs=Delhi,model=8x8x4,image=9,rq_node=660,ac_node=1585,compute_delay_ns=0"
1210,660,1585,100.0,212393600,28160,,"gs=Delhi,model=8x8x4,image=10,rq_node=660,ac_node=1585,compute_delay_ns=0"
1211,660,1585,100.0,213421760,28160,,"gs=Delhi,model=8x8x4,image=11,rq_node=660,ac_node=1585,compute_delay_ns=0"
1212,660,1585,100.0,214449920,28160,,"gs=Delhi,model=8x8x4,image=12,rq_node=660,ac_node=1585,compute_delay_ns=0"
1213,660,1585,100.0,215478080,28160,,"gs=Delhi,model=8x8x4,image=13,rq_node=660,ac_node=1585,compute_delay_ns=0"
1214,660,1585,100.0,216506240,28160,,"gs=Delhi,model=8x8x4,image=14,rq_node=660,ac_node=1585,compute_delay_ns=0"
1215,660,1585,100.0,217534400,28160,,"gs=Delhi,model=8x8x4,image=15,rq_node=660,ac_node=1585,compute_delay_ns=0"
1216,660,1585,100.0,218562560,28160,,"gs=Delhi,model=8x8x4,image=16,rq_node=660,ac_node=1585,compute_delay_ns=0"
1217,660,1585,100.0,219590720,28160,,"gs=Delhi,model=8x8x4,image=17,rq_node=660,ac_node=1585,compute_delay_ns=0"
1218,660,1585,100.0,220618880,28160,,"gs=Delhi,model=8x8x4,image=18,rq_node=660,ac_node=1585,compute_delay_ns=0"
1219,660,1585,100.0,221647040,28160,,"gs=Delhi,model=8x8x4,image=19,rq_node=660,ac_node=1585,compute_delay_ns=0"
1220,660,1585,100.0,222675200,28160,,"gs=Delhi,model=8x8x4,image=20,rq_node=660,ac_node=1585,compute_delay_ns=0"
1221,660,1585,100.0,223703360,28160,,"gs=Delhi,model=8x8x4,image=21,rq_node=660,ac_node=1585,compute_delay_ns=0"
1222,660,1585,100.0,224731520,28160,,"gs=Delhi,model=8x8x4,image=22,rq_node=660,ac_node=1585,compute_delay_ns=0"
1223,660,1585,100.0,225759680,28160,,"gs=Delhi,model=8x8x4,image=23,rq_node=660,ac_node=1585,compute_delay_ns=0"
1224,660,1585,100.0,226787840,28160,,"gs=Delhi,model=8x8x4,image=24,rq_node=660,ac_node=1585,compute_delay_ns=0"
1225,660,1585,100.0,227816000,28160,,"gs=Delhi,model=8x8x4,image=25,rq_node=660,ac_node=1585,compute_delay_ns=0"
1226,660,1585,100.0,228844160,28160,,"gs=Delhi,model=8x8x4,image=26,rq_node=660,ac_node=1585,compute_delay_ns=0"
1227,660,1585,100.0,229872320,28160,,"gs=Delhi,model=8x8x4,image=27,rq_node=660,ac_node=1585,compute_delay_ns=0"
1228,660,1585,100.0,230900480,28160,,"gs=Delhi,model=8x8x4,image=28,rq_node=660,ac_node=1585,compute_delay_ns=0"
1229,660,1585,100.0,231928640,28160,,"gs=Delhi,model=8x8x4,image=29,rq_node=660,ac_node=1585,compute_delay_ns=0"
1230,660,1585,100.0,232956800,28160,,"gs=Delhi,model=8x8x4,image=30,rq_node=660,ac_node=1585,compute_delay_ns=0"
1231,660,1585,100.0,233984960,28160,,"gs=Delhi,model=8x8x4,image=31,rq_node=660,ac_node=1585,compute_delay_ns=0"
1232,660,1585,100.0,235013120,28160,,"gs=Delhi,model=8x8x4,image=32,rq_node=660,ac_node=1585,compute_delay_ns=0"
1233,660,1585,100.0,236041280,28160,,"gs=Delhi,model=8x8x4,image=33,rq_node=660,ac_node=1585,compute_delay_ns=0"
1234,660,1585,100.0,237069440,28160,,"gs=Delhi,model=8x8x4,image=34,rq_node=660,ac_node=1585,compute_delay_ns=0"
1235,660,1585,100.0,238097600,28160,,"gs=Delhi,model=8x8x4,image=35,rq_node=660,ac_node=1585,compute_delay_ns=0"
1236,660,1585,100.0,239125760,28160,,"gs=Delhi,model=8x8x4,image=36,rq_node=660,ac_node=1585,compute_delay_ns=0"
1237,660,1585,100.0,240153920,28160,,"gs=Delhi,model=8x8x4,image=37,rq_node=660,ac_node=1585,compute_delay_ns=0"
1238,660,1585,100.0,241182080,28160,,"gs=Delhi,model=8x8x4,image=38,rq_node=660,ac_node=1585,compute_delay_ns=0"
1239,660,1585,100.0,242210240,28160,,"gs=Delhi,model=8x8x4,image=39,rq_node=660,ac_node=1585,compute_delay_ns=0"
1240,660,1585,100.0,243238400,28160,,"gs=Delhi,model=8x8x4,image=40,rq_node=660,ac_node=1585,compute_delay_ns=0"
1241,660,1585,100.0,244266560,28160,,"gs=Delhi,model=8x8x4,image=41,rq_node=660,ac_node=1585,compute_delay_ns=0"
1242,660,1585,100.0,245294720,28160,,"gs=Delhi,model=8x8x4,image=42,rq_node=660,ac_node=1585,compute_delay_ns=0"
1243,660,1585,100.0,246322880,28160,,"gs=Delhi,model=8x8x4,image=43,rq_node=660,ac_node=1585,compute_delay_ns=0"
1244,660,1585,100.0,247351040,28160,,"gs=Delhi,model=8x8x4,image=44,rq_node=660,ac_node=1585,compute_delay_ns=0"
1245,660,1585,100.0,248379200,28160,,"gs=Delhi,model=8x8x4,image=45,rq_node=660,ac_node=1585,compute_delay_ns=0"
1246,660,1585,100.0,249407360,28160,,"gs=Delhi,model=8x8x4,image=46,rq_node=660,ac_node=1585,compute_delay_ns=0"
1247,660,1585,100.0,250435520,28160,,"gs=Delhi,model=8x8x4,image=47,rq_node=660,ac_node=1585,compute_delay_ns=0"
1248,660,1585,100.0,251463680,28160,,"gs=Delhi,model=8x8x4,image=48,rq_node=660,ac_node=1585,compute_delay_ns=0"
1249,660,1585,100.0,252491840,28160,,"gs=Delhi,model=8x8x4,image=49,rq_node=660,ac_node=1585,compute_delay_ns=0"
1250,660,1585,100.0,253520000,28160,,"gs=Delhi,model=8x8x4,image=50,rq_node=660,ac_node=1585,compute_delay_ns=0"
1251,660,1585,100.0,254548160,28160,,"gs=Delhi,model=8x8x4,image=51,rq_node=660,ac_node=1585,compute_delay_ns=0"
1252,660,1585,100.0,255576320,28160,,"gs=Delhi,model=8x8x4,image=52,rq_node=660,ac_node=1585,compute_delay_ns=0"
1253,660,1585,100.0,256604480,28160,,"gs=Delhi,model=8x8x4,image=53,rq_node=660,ac_node=1585,compute_delay_ns=0"
1254,660,1585,100.0,257632640,28160,,"gs=Delhi,model=8x8x4,image=54,rq_node=660,ac_node=1585,compute_delay_ns=0"
1255,660,1585,100.0,258660800,28160,,"gs=Delhi,model=8x8x4,image=55,rq_node=660,ac_node=1585,compute_delay_ns=0"
1256,660,1585,100.0,259688960,28160,,"gs=Delhi,model=8x8x4,image=56,rq_node=660,ac_node=1585,compute_delay_ns=0"
1257,660,1585,100.0,260717120,28160,,"gs=Delhi,model=8x8x4,image=57,rq_node=660,ac_node=1585,compute_delay_ns=0"
1258,660,1585,100.0,261745280,28160,,"gs=Delhi,model=8x8x4,image=58,rq_node=660,ac_node=1585,compute_delay_ns=0"
1259,660,1585,100.0,262773440,28160,,"gs=Delhi,model=8x8x4,image=59,rq_node=660,ac_node=1585,compute_delay_ns=0"
1260,660,1585,100.0,263801600,28160,,"gs=Delhi,model=8x8x4,image=60,rq_node=660,ac_node=1585,compute_delay_ns=0"
1261,660,1585,100.0,264829760,28160,,"gs=Delhi,model=8x8x4,image=61,rq_node=660,ac_node=1585,compute_delay_ns=0"
1262,660,1585,100.0,265857920,28160,,"gs=Delhi,model=8x8x4,image=62,rq_node=660,ac_node=1585,compute_delay_ns=0"
1263,660,1585,100.0,266886080,28160,,"gs=Delhi,model=8x8x4,image=63,rq_node=660,ac_node=1585,compute_delay_ns=0"
1264,660,1585,100.0,267914240,28160,,"gs=Delhi,model=8x8x4,image=64,rq_node=660,ac_node=1585,compute_delay_ns=0"
1265,660,1585,100.0,268942400,28160,,"gs=Delhi,model=8x8x4,image=65,rq_node=660,ac_node=1585,compute_delay_ns=0"
1266,660,1585,100.0,269970560,28160,,"gs=Delhi,model=8x8x4,image=66,rq_node=660,ac_node=1585,compute_delay_ns=0"
1267,660,1585,100.0,270998720,28160,,"gs=Delhi,model=8x8x4,image=67,rq_node=660,ac_node=1585,compute_delay_ns=0"
1268,660,1585,100.0,272026880,28160,,"gs=Delhi,model=8x8x4,image=68,rq_node=660,ac_node=1585,compute_delay_ns=0"
1269,660,1585,100.0,273055040,28160,,"gs=Delhi,model=8x8x4,image=69,rq_node=660,ac_node=1585,compute_delay_ns=0"
1270,660,1585,100.0,274083200,28160,,"gs=Delhi,model=8x8x4,image=70,rq_node=660,ac_node=1585,compute_delay_ns=0"
1271,660,1585,100.0,275111360,28160,,"gs=Delhi,model=8x8x4,image=71,rq_node=660,ac_node=1585,compute_delay_ns=0"
1272,660,1585,100.0,276139520,28160,,"gs=Delhi,model=8x8x4,image=72,rq_node=660,ac_node=1585,compute_delay_ns=0"
1273,660,1585,100.0,277167680,28160,,"gs=Delhi,model=8x8x4,image=73,rq_node=660,ac_node=1585,compute_delay_ns=0"
1274,660,1585,100.0,278195840,28160,,"gs=Delhi,model=8x8x4,image=74,rq_node=660,ac_node=1585,compute_delay_ns=0"
1275,660,1585,100.0,279224000,28160,,"gs=Delhi,model=8x8x4,image=75,rq_node=660,ac_node=1585,compute_delay_ns=0"
1276,660,1585,100.0,280252160,28160,,"gs=Delhi,model=8x8x4,image=76,rq_node=660,ac_node=1585,compute_delay_ns=0"
1277,660,1585,100.0,281280320,28160,,"gs=Delhi,model=8x8x4,image=77,rq_node=660,ac_node=1585,compute_delay_ns=0"
1278,660,1585,100.0,282308480,28160,,"gs=Delhi,model=8x8x4,image=78,rq_node=660,ac_node=1585,compute_delay_ns=0"
1279,660,1585,100.0,283336640,28160,,"gs=Delhi,model=8x8x4,image=79,rq_node=660,ac_node=1585,compute_delay_ns=0"
1280,660,1585,100.0,284364800,28160,,"gs=Delhi,model=8x8x4,image=80,rq_node=660,ac_node=1585,compute_delay_ns=0"
1281,660,1585,100.0,285392960,28160,,"gs=Delhi,model=8x8x4,image=81,rq_node=660,ac_node=1585,compute_delay_ns=0"
1282,660,1585,100.0,286421120,28160,,"gs=Delhi,model=8x8x4,image=82,rq_node=660,ac_node=1585,compute_delay_ns=0"
1283,660,1585,100.0,287449280,28160,,"gs=Delhi,model=8x8x4,image=83,rq_node=660,ac_node=1585,compute_delay_ns=0"
1284,660,1585,100.0,288477440,28160,,"gs=Delhi,model=8x8x4,image=84,rq_node=660,ac_node=1585,compute_delay_ns=0"
1285,660,1585,100.0,289505600,28160,,"gs=Delhi,model=8x8x4,image=85,rq_node=660,ac_node=1585,compute_delay_ns=0"
1286,660,1585,100.0,290533760,28160,,"gs=Delhi,model=8x8x4,image=86,rq_node=660,ac_node=1585,compute_delay_ns=0"
1287,660,1585,100.0,291561920,28160,,"gs=Delhi,model=8x8x4,image=87,rq_node=660,ac_node=1585,compute_delay_ns=0"
1288,660,1585,100.0,292590080,28160,,"gs=Delhi,model=8x8x4,image=88,rq_node=660,ac_node=1585,compute_delay_ns=0"
1289,660,1585,100.0,293618240,28160,,"gs=Delhi,model=8x8x4,image=89,rq_node=660,ac_node=1585,compute_delay_ns=0"
1290,660,1585,100.0,294646400,28160,,"gs=Delhi,model=8x8x4,image=90,rq_node=660,ac_node=1585,compute_delay_ns=0"
1291,660,1585,100.0,295674560,28160,,"gs=Delhi,model=8x8x4,image=91,rq_node=660,ac_node=1585,compute_delay_ns=0"
1292,660,1585,100.0,296702720,28160,,"gs=Delhi,model=8x8x4,image=92,rq_node=660,ac_node=1585,compute_delay_ns=0"
1293,660,1585,100.0,297730880,28160,,"gs=Delhi,model=8x8x4,image=93,rq_node=660,ac_node=1585,compute_delay_ns=0"
1294,660,1585,100.0,298759040,28160,,"gs=Delhi,model=8x8x4,image=94,rq_node=660,ac_node=1585,compute_delay_ns=0"
1295,660,1585,100.0,299787200,28160,,"gs=Delhi,model=8x8x4,image=95,rq_node=660,ac_node=1585,compute_delay_ns=0"
1296,660,1585,100.0,300815360,28160,,"gs=Delhi,model=8x8x4,image=96,rq_node=660,ac_node=1585,compute_delay_ns=0"
1297,660,1585,100.0,301843520,28160,,"gs=Delhi,model=8x8x4,image=97,rq_node=660,ac_node=1585,compute_delay_ns=0"
1298,660,1585,100.0,302871680,28160,,"gs=Delhi,model=8x8x4,image=98,rq_node=660,ac_node=1585,compute_delay_ns=0"
1299,660,1585,100.0,303899840,28160,,"gs=Delhi,model=8x8x4,image=99,rq_node=660,ac_node=1585,compute_delay_ns=0"
1300,660,1585,100.0,304928000,56320,,"gs=Delhi,model=8x8x8,image=0,rq_node=660,ac_node=1585,compute_delay_ns=0"
1301,660,1585,100.0,305984320,56320,,"gs=Delhi,model=8x8x8,image=1,rq_node=660,ac_node=1585,compute_delay_ns=0"
1302,660,1585,100.0,307040640,56320,,"gs=Delhi,model=8x8x8,image=2,rq_node=660,ac_node=1585,compute_delay_ns=0"
1303,660,1585,100.0,308096960,56320,,"gs=Delhi,model=8x8x8,image=3,rq_node=660,ac_node=1585,compute_delay_ns=0"
1304,660,1585,100.0,309153280,56320,,"gs=Delhi,model=8x8x8,image=4,rq_node=660,ac_node=1585,compute_delay_ns=0"
1305,660,1585,100.0,310209600,56320,,"gs=Delhi,model=8x8x8,image=5,rq_node=660,ac_node=1585,compute_delay_ns=0"
1306,660,1585,100.0,311265920,56320,,"gs=Delhi,model=8x8x8,image=6,rq_node=660,ac_node=1585,compute_delay_ns=0"
1307,660,1585,100.0,312322240,56320,,"gs=Delhi,model=8x8x8,image=7,rq_node=660,ac_node=1585,compute_delay_ns=0"
1308,660,1585,100.0,313378560,56320,,"gs=Delhi,model=8x8x8,image=8,rq_node=660,ac_node=1585,compute_delay_ns=0"
1309,660,1585,100.0,314434880,56320,,"gs=Delhi,model=8x8x8,image=9,rq_node=660,ac_node=1585,compute_delay_ns=0"
1310,660,1585,100.0,315491200,56320,,"gs=Delhi,model=8x8x8,image=10,rq_node=660,ac_node=1585,compute_delay_ns=0"
1311,660,1585,100.0,316547520,56320,,"gs=Delhi,model=8x8x8,image=11,rq_node=660,ac_node=1585,compute_delay_ns=0"
1312,660,1585,100.0,317603840,56320,,"gs=Delhi,model=8x8x8,image=12,rq_node=660,ac_node=1585,compute_delay_ns=0"
1313,660,1585,100.0,318660160,56320,,"gs=Delhi,model=8x8x8,image=13,rq_node=660,ac_node=1585,compute_delay_ns=0"
1314,660,1585,100.0,319716480,56320,,"gs=Delhi,model=8x8x8,image=14,rq_node=660,ac_node=1585,compute_delay_ns=0"
1315,660,1585,100.0,320772800,56320,,"gs=Delhi,model=8x8x8,image=15,rq_node=660,ac_node=1585,compute_delay_ns=0"
1316,660,1585,100.0,321829120,56320,,"gs=Delhi,model=8x8x8,image=16,rq_node=660,ac_node=1585,compute_delay_ns=0"
1317,660,1585,100.0,322885440,56320,,"gs=Delhi,model=8x8x8,image=17,rq_node=660,ac_node=1585,compute_delay_ns=0"
1318,660,1585,100.0,323941760,56320,,"gs=Delhi,model=8x8x8,image=18,rq_node=660,ac_node=1585,compute_delay_ns=0"
1319,660,1585,100.0,324998080,56320,,"gs=Delhi,model=8x8x8,image=19,rq_node=660,ac_node=1585,compute_delay_ns=0"
1320,660,1585,100.0,326054400,56320,,"gs=Delhi,model=8x8x8,image=20,rq_node=660,ac_node=1585,compute_delay_ns=0"
1321,660,1585,100.0,327110720,56320,,"gs=Delhi,model=8x8x8,image=21,rq_node=660,ac_node=1585,compute_delay_ns=0"
1322,660,1585,100.0,328167040,56320,,"gs=Delhi,model=8x8x8,image=22,rq_node=660,ac_node=1585,compute_delay_ns=0"
1323,660,1585,100.0,329223360,56320,,"gs=Delhi,model=8x8x8,image=23,rq_node=660,ac_node=1585,compute_delay_ns=0"
1324,660,1585,100.0,330279680,56320,,"gs=Delhi,model=8x8x8,image=24,rq_node=660,ac_node=1585,compute_delay_ns=0"
1325,660,1585,100.0,331336000,56320,,"gs=Delhi,model=8x8x8,image=25,rq_node=660,ac_node=1585,compute_delay_ns=0"
1326,660,1585,100.0,332392320,56320,,"gs=Delhi,model=8x8x8,image=26,rq_node=660,ac_node=1585,compute_delay_ns=0"
1327,660,1585,100.0,333448640,56320,,"gs=Delhi,model=8x8x8,image=27,rq_node=660,ac_node=1585,compute_delay_ns=0"
1328,660,1585,100.0,334504960,56320,,"gs=Delhi,model=8x8x8,image=28,rq_node=660,ac_node=1585,compute_delay_ns=0"
1329,660,1585,100.0,335561280,56320,,"gs=Delhi,model=8x8x8,image=29,rq_node=660,ac_node=1585,compute_delay_ns=0"
1330,660,1585,100.0,336617600,56320,,"gs=Delhi,model=8x8x8,image=30,rq_node=660,ac_node=1585,compute_delay_ns=0"
1331,660,1585,100.0,337673920,56320,,"gs=Delhi,model=8x8x8,image=31,rq_node=660,ac_node=1585,compute_delay_ns=0"
1332,660,1585,100.0,338730240,56320,,"gs=Delhi,model=8x8x8,image=32,rq_node=660,ac_node=1585,compute_delay_ns=0"
1333,660,1585,100.0,339786560,56320,,"gs=Delhi,model=8x8x8,image=33,rq_node=660,ac_node=1585,compute_delay_ns=0"
1334,660,1585,100.0,340842880,56320,,"gs=Delhi,model=8x8x8,image=34,rq_node=660,ac_node=1585,compute_delay_ns=0"
1335,660,1585,100.0,341899200,56320,,"gs=Delhi,model=8x8x8,image=35,rq_node=660,ac_node=1585,compute_delay_ns=0"
1336,660,1585,100.0,342955520,56320,,"gs=Delhi,model=8x8x8,image=36,rq_node=660,ac_node=1585,compute_delay_ns=0"
1337,660,1585,100.0,344011840,56320,,"gs=Delhi,model=8x8x8,image=37,rq_node=660,ac_node=1585,compute_delay_ns=0"
1338,660,1585,100.0,345068160,56320,,"gs=Delhi,model=8x8x8,image=38,rq_node=660,ac_node=1585,compute_delay_ns=0"
1339,660,1585,100.0,346124480,56320,,"gs=Delhi,model=8x8x8,image=39,rq_node=660,ac_node=1585,compute_delay_ns=0"
1340,660,1585,100.0,347180800,56320,,"gs=Delhi,model=8x8x8,image=40,rq_node=660,ac_node=1585,compute_delay_ns=0"
1341,660,1585,100.0,348237120,56320,,"gs=Delhi,model=8x8x8,image=41,rq_node=660,ac_node=1585,compute_delay_ns=0"
1342,660,1585,100.0,349293440,56320,,"gs=Delhi,model=8x8x8,image=42,rq_node=660,ac_node=1585,compute_delay_ns=0"
1343,660,1585,100.0,350349760,56320,,"gs=Delhi,model=8x8x8,image=43,rq_node=660,ac_node=1585,compute_delay_ns=0"
1344,660,1585,100.0,351406080,56320,,"gs=Delhi,model=8x8x8,image=44,rq_node=660,ac_node=1585,compute_delay_ns=0"
1345,660,1585,100.0,352462400,56320,,"gs=Delhi,model=8x8x8,image=45,rq_node=660,ac_node=1585,compute_delay_ns=0"
1346,660,1585,100.0,353518720,56320,,"gs=Delhi,model=8x8x8,image=46,rq_node=660,ac_node=1585,compute_delay_ns=0"
1347,660,1585,100.0,354575040,56320,,"gs=Delhi,model=8x8x8,image=47,rq_node=660,ac_node=1585,compute_delay_ns=0"
1348,660,1585,100.0,355631360,56320,,"gs=Delhi,model=8x8x8,image=48,rq_node=660,ac_node=1585,compute_delay_ns=0"
1349,660,1585,100.0,356687680,56320,,"gs=Delhi,model=8x8x8,image=49,rq_node=660,ac_node=1585,compute_delay_ns=0"
1350,660,1585,100.0,357744000,56320,,"gs=Delhi,model=8x8x8,image=50,rq_node=660,ac_node=1585,compute_delay_ns=0"
1351,660,1585,100.0,358800320,56320,,"gs=Delhi,model=8x8x8,image=51,rq_node=660,ac_node=1585,compute_delay_ns=0"
1352,660,1585,100.0,359856640,56320,,"gs=Delhi,model=8x8x8,image=52,rq_node=660,ac_node=1585,compute_delay_ns=0"
1353,660,1585,100.0,360912960,56320,,"gs=Delhi,model=8x8x8,image=53,rq_node=660,ac_node=1585,compute_delay_ns=0"
1354,660,1585,100.0,361969280,56320,,"gs=Delhi,model=8x8x8,image=54,rq_node=660,ac_node=1585,compute_delay_ns=0"
1355,660,1585,100.0,363025600,56320,,"gs=Delhi,model=8x8x8,image=55,rq_node=660,ac_node=1585,compute_delay_ns=0"
1356,660,1585,100.0,364081920,56320,,"gs=Delhi,model=8x8x8,image=56,rq_node=660,ac_node=1585,compute_delay_ns=0"
1357,660,1585,100.0,365138240,56320,,"gs=Delhi,model=8x8x8,image=57,rq_node=660,ac_node=1585,compute_delay_ns=0"
1358,660,1585,100.0,366194560,56320,,"gs=Delhi,model=8x8x8,image=58,rq_node=660,ac_node=1585,compute_delay_ns=0"
1359,660,1585,100.0,367250880,56320,,"gs=Delhi,model=8x8x8,image=59,rq_node=660,ac_node=1585,compute_delay_ns=0"
1360,660,1585,100.0,368307200,56320,,"gs=Delhi,model=8x8x8,image=60,rq_node=660,ac_node=1585,compute_delay_ns=0"
1361,660,1585,100.0,369363520,56320,,"gs=Delhi,model=8x8x8,image=61,rq_node=660,ac_node=1585,compute_delay_ns=0"
1362,660,1585,100.0,370419840,56320,,"gs=Delhi,model=8x8x8,image=62,rq_node=660,ac_node=1585,compute_delay_ns=0"
1363,660,1585,100.0,371476160,56320,,"gs=Delhi,model=8x8x8,image=63,rq_node=660,ac_node=1585,compute_delay_ns=0"
1364,660,1585,100.0,372532480,56320,,"gs=Delhi,model=8x8x8,image=64,rq_node=660,ac_node=1585,compute_delay_ns=0"
1365,660,1585,100.0,373588800,56320,,"gs=Delhi,model=8x8x8,image=65,rq_node=660,ac_node=1585,compute_delay_ns=0"
1366,660,1585,100.0,374645120,56320,,"gs=Delhi,model=8x8x8,image=66,rq_node=660,ac_node=1585,compute_delay_ns=0"
1367,660,1585,100.0,375701440,56320,,"gs=Delhi,model=8x8x8,image=67,rq_node=660,ac_node=1585,compute_delay_ns=0"
1368,660,1585,100.0,376757760,56320,,"gs=Delhi,model=8x8x8,image=68,rq_node=660,ac_node=1585,compute_delay_ns=0"
1369,660,1585,100.0,377814080,56320,,"gs=Delhi,model=8x8x8,image=69,rq_node=660,ac_node=1585,compute_delay_ns=0"
1370,660,1585,100.0,378870400,56320,,"gs=Delhi,model=8x8x8,image=70,rq_node=660,ac_node=1585,compute_delay_ns=0"
1371,660,1585,100.0,379926720,56320,,"gs=Delhi,model=8x8x8,image=71,rq_node=660,ac_node=1585,compute_delay_ns=0"
1372,660,1585,100.0,380983040,56320,,"gs=Delhi,model=8x8x8,image=72,rq_node=660,ac_node=1585,compute_delay_ns=0"
1373,660,1585,100.0,382039360,56320,,"gs=Delhi,model=8x8x8,image=73,rq_node=660,ac_node=1585,compute_delay_ns=0"
1374,660,1585,100.0,383095680,56320,,"gs=Delhi,model=8x8x8,image=74,rq_node=660,ac_node=1585,compute_delay_ns=0"
1375,660,1585,100.0,384152000,56320,,"gs=Delhi,model=8x8x8,image=75,rq_node=660,ac_node=1585,compute_delay_ns=0"
1376,660,1585,100.0,385208320,56320,,"gs=Delhi,model=8x8x8,image=76,rq_node=660,ac_node=1585,compute_delay_ns=0"
1377,660,1585,100.0,386264640,56320,,"gs=Delhi,model=8x8x8,image=77,rq_node=660,ac_node=1585,compute_delay_ns=0"
1378,660,1585,100.0,387320960,56320,,"gs=Delhi,model=8x8x8,image=78,rq_node=660,ac_node=1585,compute_delay_ns=0"
1379,660,1585,100.0,388377280,56320,,"gs=Delhi,model=8x8x8,image=79,rq_node=660,ac_node=1585,compute_delay_ns=0"
1380,660,1585,100.0,389433600,56320,,"gs=Delhi,model=8x8x8,image=80,rq_node=660,ac_node=1585,compute_delay_ns=0"
1381,660,1585,100.0,390489920,56320,,"gs=Delhi,model=8x8x8,image=81,rq_node=660,ac_node=1585,compute_delay_ns=0"
1382,660,1585,100.0,391546240,56320,,"gs=Delhi,model=8x8x8,image=82,rq_node=660,ac_node=1585,compute_delay_ns=0"
1383,660,1585,100.0,392602560,56320,,"gs=Delhi,model=8x8x8,image=83,rq_node=660,ac_node=1585,compute_delay_ns=0"
1384,660,1585,100.0,393658880,56320,,"gs=Delhi,model=8x8x8,image=84,rq_node=660,ac_node=1585,compute_delay_ns=0"
1385,660,1585,100.0,394715200,56320,,"gs=Delhi,model=8x8x8,image=85,rq_node=660,ac_node=1585,compute_delay_ns=0"
1386,660,1585,100.0,395771520,56320,,"gs=Delhi,model=8x8x8,image=86,rq_node=660,ac_node=1585,compute_delay_ns=0"
1387,660,1585,100.0,396827840,56320,,"gs=Delhi,model=8x8x8,image=87,rq_node=660,ac_node=1585,compute_delay_ns=0"
1388,660,1585,100.0,397884160,56320,,"gs=Delhi,model=8x8x8,image=88,rq_node=660,ac_node=1585,compute_delay_ns=0"
1389,660,1585,100.0,398940480,56320,,"gs=Delhi,model=8x8x8,image=89,rq_node=660,ac_node=1585,compute_delay_ns=0"
1390,660,1585,100.0,399996800,56320,,"gs=Delhi,model=8x8x8,image=90,rq_node=660,ac_node=1585,compute_delay_ns=0"
1391,660,1585,100.0,401053120,56320,,"gs=Delhi,model=8x8x8,image=91,rq_node=660,ac_node=1585,compute_delay_ns=0"
1392,660,1585,100.0,402109440,56320,,"gs=Delhi,model=8x8x8,image=92,rq_node=660,ac_node=1585,compute_delay_ns=0"
1393,660,1585,100.0,403165760,56320,,"gs=Delhi,model=8x8x8,image=93,rq_node=660,ac_node=1585,compute_delay_ns=0"
1394,660,1585,100.0,404222080,56320,,"gs=Delhi,model=8x8x8,image=94,rq_node=660,ac_node=1585,compute_delay_ns=0"
1395,660,1585,100.0,405278400,56320,,"gs=Delhi,model=8x8x8,image=95,rq_node=660,ac_node=1585,compute_delay_ns=0"
1396,660,1585,100.0,406334720,56320,,"gs=Delhi,model=8x8x8,image=96,rq_node=660,ac_node=1585,compute_delay_ns=0"
1397,660,1585,100.0,407391040,56320,,"gs=Delhi,model=8x8x8,image=97,rq_node=660,ac_node=1585,compute_delay_ns=0"
1398,660,1585,100.0,408447360,56320,,"gs=Delhi,model=8x8x8,image=98,rq_node=660,ac_node=1585,compute_delay_ns=0"
1399,660,1585,100.0,409503680,56320,,"gs=Delhi,model=8x8x8,image=99,rq_node=660,ac_node=1585,compute_delay_ns=0"
1400,660,1585,100.0,410560000,112640,,"gs=Delhi,model=8x8x16,image=0,rq_node=660,ac_node=1585,compute_delay_ns=0"
1401,660,1585,100.0,411672640,112640,,"gs=Delhi,model=8x8x16,image=1,rq_node=660,ac_node=1585,compute_delay_ns=0"
1402,660,1585,100.0,412785280,112640,,"gs=Delhi,model=8x8x16,image=2,rq_node=660,ac_node=1585,compute_delay_ns=0"
1403,660,1585,100.0,413897920,112640,,"gs=Delhi,model=8x8x16,image=3,rq_node=660,ac_node=1585,compute_delay_ns=0"
1404,660,1585,100.0,415010560,112640,,"gs=Delhi,model=8x8x16,image=4,rq_node=660,ac_node=1585,compute_delay_ns=0"
1405,660,1585,100.0,416123200,112640,,"gs=Delhi,model=8x8x16,image=5,rq_node=660,ac_node=1585,compute_delay_ns=0"
1406,660,1585,100.0,417235840,112640,,"gs=Delhi,model=8x8x16,image=6,rq_node=660,ac_node=1585,compute_delay_ns=0"
1407,660,1585,100.0,418348480,112640,,"gs=Delhi,model=8x8x16,image=7,rq_node=660,ac_node=1585,compute_delay_ns=0"
1408,660,1585,100.0,419461120,112640,,"gs=Delhi,model=8x8x16,image=8,rq_node=660,ac_node=1585,compute_delay_ns=0"
1409,660,1585,100.0,420573760,112640,,"gs=Delhi,model=8x8x16,image=9,rq_node=660,ac_node=1585,compute_delay_ns=0"
1410,660,1585,100.0,421686400,112640,,"gs=Delhi,model=8x8x16,image=10,rq_node=660,ac_node=1585,compute_delay_ns=0"
1411,660,1585,100.0,422799040,112640,,"gs=Delhi,model=8x8x16,image=11,rq_node=660,ac_node=1585,compute_delay_ns=0"
1412,660,1585,100.0,423911680,112640,,"gs=Delhi,model=8x8x16,image=12,rq_node=660,ac_node=1585,compute_delay_ns=0"
1413,660,1585,100.0,425024320,112640,,"gs=Delhi,model=8x8x16,image=13,rq_node=660,ac_node=1585,compute_delay_ns=0"
1414,660,1585,100.0,426136960,112640,,"gs=Delhi,model=8x8x16,image=14,rq_node=660,ac_node=1585,compute_delay_ns=0"
1415,660,1585,100.0,427249600,112640,,"gs=Delhi,model=8x8x16,image=15,rq_node=660,ac_node=1585,compute_delay_ns=0"
1416,660,1585,100.0,428362240,112640,,"gs=Delhi,model=8x8x16,image=16,rq_node=660,ac_node=1585,compute_delay_ns=0"
1417,660,1585,100.0,429474880,112640,,"gs=Delhi,model=8x8x16,image=17,rq_node=660,ac_node=1585,compute_delay_ns=0"
1418,660,1585,100.0,430587520,112640,,"gs=Delhi,model=8x8x16,image=18,rq_node=660,ac_node=1585,compute_delay_ns=0"
1419,660,1585,100.0,431700160,112640,,"gs=Delhi,model=8x8x16,image=19,rq_node=660,ac_node=1585,compute_delay_ns=0"
1420,660,1585,100.0,432812800,112640,,"gs=Delhi,model=8x8x16,image=20,rq_node=660,ac_node=1585,compute_delay_ns=0"
1421,660,1585,100.0,433925440,112640,,"gs=Delhi,model=8x8x16,image=21,rq_node=660,ac_node=1585,compute_delay_ns=0"
1422,660,1585,100.0,435038080,112640,,"gs=Delhi,model=8x8x16,image=22,rq_node=660,ac_node=1585,compute_delay_ns=0"
1423,660,1585,100.0,436150720,112640,,"gs=Delhi,model=8x8x16,image=23,rq_node=660,ac_node=1585,compute_delay_ns=0"
1424,660,1585,100.0,437263360,112640,,"gs=Delhi,model=8x8x16,image=24,rq_node=660,ac_node=1585,compute_delay_ns=0"
1425,660,1585,100.0,438376000,112640,,"gs=Delhi,model=8x8x16,image=25,rq_node=660,ac_node=1585,compute_delay_ns=0"
1426,660,1585,100.0,439488640,112640,,"gs=Delhi,model=8x8x16,image=26,rq_node=660,ac_node=1585,compute_delay_ns=0"
1427,660,1585,100.0,440601280,112640,,"gs=Delhi,model=8x8x16,image=27,rq_node=660,ac_node=1585,compute_delay_ns=0"
1428,660,1585,100.0,441713920,112640,,"gs=Delhi,model=8x8x16,image=28,rq_node=660,ac_node=1585,compute_delay_ns=0"
1429,660,1585,100.0,442826560,112640,,"gs=Delhi,model=8x8x16,image=29,rq_node=660,ac_node=1585,compute_delay_ns=0"
1430,660,1585,100.0,443939200,112640,,"gs=Delhi,model=8x8x16,image=30,rq_node=660,ac_node=1585,compute_delay_ns=0"
1431,660,1585,100.0,445051840,112640,,"gs=Delhi,model=8x8x16,image=31,rq_node=660,ac_node=1585,compute_delay_ns=0"
1432,660,1585,100.0,446164480,112640,,"gs=Delhi,model=8x8x16,image=32,rq_node=660,ac_node=1585,compute_delay_ns=0"
1433,660,1585,100.0,447277120,112640,,"gs=Delhi,model=8x8x16,image=33,rq_node=660,ac_node=1585,compute_delay_ns=0"
1434,660,1585,100.0,448389760,112640,,"gs=Delhi,model=8x8x16,image=34,rq_node=660,ac_node=1585,compute_delay_ns=0"
1435,660,1585,100.0,449502400,112640,,"gs=Delhi,model=8x8x16,image=35,rq_node=660,ac_node=1585,compute_delay_ns=0"
1436,660,1585,100.0,450615040,112640,,"gs=Delhi,model=8x8x16,image=36,rq_node=660,ac_node=1585,compute_delay_ns=0"
1437,660,1585,100.0,451727680,112640,,"gs=Delhi,model=8x8x16,image=37,rq_node=660,ac_node=1585,compute_delay_ns=0"
1438,660,1585,100.0,452840320,112640,,"gs=Delhi,model=8x8x16,image=38,rq_node=660,ac_node=1585,compute_delay_ns=0"
1439,660,1585,100.0,453952960,112640,,"gs=Delhi,model=8x8x16,image=39,rq_node=660,ac_node=1585,compute_delay_ns=0"
1440,660,1585,100.0,455065600,112640,,"gs=Delhi,model=8x8x16,image=40,rq_node=660,ac_node=1585,compute_delay_ns=0"
1441,660,1585,100.0,456178240,112640,,"gs=Delhi,model=8x8x16,image=41,rq_node=660,ac_node=1585,compute_delay_ns=0"
1442,660,1585,100.0,457290880,112640,,"gs=Delhi,model=8x8x16,image=42,rq_node=660,ac_node=1585,compute_delay_ns=0"
1443,660,1585,100.0,458403520,112640,,"gs=Delhi,model=8x8x16,image=43,rq_node=660,ac_node=1585,compute_delay_ns=0"
1444,660,1585,100.0,459516160,112640,,"gs=Delhi,model=8x8x16,image=44,rq_node=660,ac_node=1585,compute_delay_ns=0"
1445,660,1585,100.0,460628800,112640,,"gs=Delhi,model=8x8x16,image=45,rq_node=660,ac_node=1585,compute_delay_ns=0"
1446,660,1585,100.0,461741440,112640,,"gs=Delhi,model=8x8x16,image=46,rq_node=660,ac_node=1585,compute_delay_ns=0"
1447,660,1585,100.0,462854080,112640,,"gs=Delhi,model=8x8x16,image=47,rq_node=660,ac_node=1585,compute_delay_ns=0"
1448,660,1585,100.0,463966720,112640,,"gs=Delhi,model=8x8x16,image=48,rq_node=660,ac_node=1585,compute_delay_ns=0"
1449,660,1585,100.0,465079360,112640,,"gs=Delhi,model=8x8x16,image=49,rq_node=660,ac_node=1585,compute_delay_ns=0"
1450,660,1585,100.0,466192000,112640,,"gs=Delhi,model=8x8x16,image=50,rq_node=660,ac_node=1585,compute_delay_ns=0"
1451,660,1585,100.0,467304640,112640,,"gs=Delhi,model=8x8x16,image=51,rq_node=660,ac_node=1585,compute_delay_ns=0"
1452,660,1585,100.0,468417280,112640,,"gs=Delhi,model=8x8x16,image=52,rq_node=660,ac_node=1585,compute_delay_ns=0"
1453,660,1585,100.0,469529920,112640,,"gs=Delhi,model=8x8x16,image=53,rq_node=660,ac_node=1585,compute_delay_ns=0"
1454,660,1585,100.0,470642560,112640,,"gs=Delhi,model=8x8x16,image=54,rq_node=660,ac_node=1585,compute_delay_ns=0"
1455,660,1585,100.0,471755200,112640,,"gs=Delhi,model=8x8x16,image=55,rq_node=660,ac_node=1585,compute_delay_ns=0"
1456,660,1585,100.0,472867840,112640,,"gs=Delhi,model=8x8x16,image=56,rq_node=660,ac_node=1585,compute_delay_ns=0"
1457,660,1585,100.0,473980480,112640,,"gs=Delhi,model=8x8x16,image=57,rq_node=660,ac_node=1585,compute_delay_ns=0"
1458,660,1585,100.0,475093120,112640,,"gs=Delhi,model=8x8x16,image=58,rq_node=660,ac_node=1585,compute_delay_ns=0"
1459,660,1585,100.0,476205760,112640,,"gs=Delhi,model=8x8x16,image=59,rq_node=660,ac_node=1585,compute_delay_ns=0"
1460,660,1585,100.0,477318400,112640,,"gs=Delhi,model=8x8x16,image=60,rq_node=660,ac_node=1585,compute_delay_ns=0"
1461,660,1585,100.0,478431040,112640,,"gs=Delhi,model=8x8x16,image=61,rq_node=660,ac_node=1585,compute_delay_ns=0"
1462,660,1585,100.0,479543680,112640,,"gs=Delhi,model=8x8x16,image=62,rq_node=660,ac_node=1585,compute_delay_ns=0"
1463,660,1585,100.0,480656320,112640,,"gs=Delhi,model=8x8x16,image=63,rq_node=660,ac_node=1585,compute_delay_ns=0"
1464,660,1585,100.0,481768960,112640,,"gs=Delhi,model=8x8x16,image=64,rq_node=660,ac_node=1585,compute_delay_ns=0"
1465,660,1585,100.0,482881600,112640,,"gs=Delhi,model=8x8x16,image=65,rq_node=660,ac_node=1585,compute_delay_ns=0"
1466,660,1585,100.0,483994240,112640,,"gs=Delhi,model=8x8x16,image=66,rq_node=660,ac_node=1585,compute_delay_ns=0"
1467,660,1585,100.0,485106880,112640,,"gs=Delhi,model=8x8x16,image=67,rq_node=660,ac_node=1585,compute_delay_ns=0"
1468,660,1585,100.0,486219520,112640,,"gs=Delhi,model=8x8x16,image=68,rq_node=660,ac_node=1585,compute_delay_ns=0"
1469,660,1585,100.0,487332160,112640,,"gs=Delhi,model=8x8x16,image=69,rq_node=660,ac_node=1585,compute_delay_ns=0"
1470,660,1585,100.0,488444800,112640,,"gs=Delhi,model=8x8x16,image=70,rq_node=660,ac_node=1585,compute_delay_ns=0"
1471,660,1585,100.0,489557440,112640,,"gs=Delhi,model=8x8x16,image=71,rq_node=660,ac_node=1585,compute_delay_ns=0"
1472,660,1585,100.0,490670080,112640,,"gs=Delhi,model=8x8x16,image=72,rq_node=660,ac_node=1585,compute_delay_ns=0"
1473,660,1585,100.0,491782720,112640,,"gs=Delhi,model=8x8x16,image=73,rq_node=660,ac_node=1585,compute_delay_ns=0"
1474,660,1585,100.0,492895360,112640,,"gs=Delhi,model=8x8x16,image=74,rq_node=660,ac_node=1585,compute_delay_ns=0"
1475,660,1585,100.0,494008000,112640,,"gs=Delhi,model=8x8x16,image=75,rq_node=660,ac_node=1585,compute_delay_ns=0"
1476,660,1585,100.0,495120640,112640,,"gs=Delhi,model=8x8x16,image=76,rq_node=660,ac_node=1585,compute_delay_ns=0"
1477,660,1585,100.0,496233280,112640,,"gs=Delhi,model=8x8x16,image=77,rq_node=660,ac_node=1585,compute_delay_ns=0"
1478,660,1585,100.0,497345920,112640,,"gs=Delhi,model=8x8x16,image=78,rq_node=660,ac_node=1585,compute_delay_ns=0"
1479,660,1585,100.0,498458560,112640,,"gs=Delhi,model=8x8x16,image=79,rq_node=660,ac_node=1585,compute_delay_ns=0"
1480,660,1585,100.0,499571200,112640,,"gs=Delhi,model=8x8x16,image=80,rq_node=660,ac_node=1585,compute_delay_ns=0"
1481,660,1585,100.0,500683840,112640,,"gs=Delhi,model=8x8x16,image=81,rq_node=660,ac_node=1585,compute_delay_ns=0"
1482,660,1585,100.0,501796480,112640,,"gs=Delhi,model=8x8x16,image=82,rq_node=660,ac_node=1585,compute_delay_ns=0"
1483,660,1585,100.0,502909120,112640,,"gs=Delhi,model=8x8x16,image=83,rq_node=660,ac_node=1585,compute_delay_ns=0"
1484,660,1585,100.0,504021760,112640,,"gs=Delhi,model=8x8x16,image=84,rq_node=660,ac_node=1585,compute_delay_ns=0"
1485,660,1585,100.0,505134400,112640,,"gs=Delhi,model=8x8x16,image=85,rq_node=660,ac_node=1585,compute_delay_ns=0"
1486,660,1585,100.0,506247040,112640,,"gs=Delhi,model=8x8x16,image=86,rq_node=660,ac_node=1585,compute_delay_ns=0"
1487,660,1585,100.0,507359680,112640,,"gs=Delhi,model=8x8x16,image=87,rq_node=660,ac_node=1585,compute_delay_ns=0"
1488,660,1585,100.0,508472320,112640,,"gs=Delhi,model=8x8x16,image=88,rq_node=660,ac_node=1585,compute_delay_ns=0"
1489,660,1585,100.0,509584960,112640,,"gs=Delhi,model=8x8x16,image=89,rq_node=660,ac_node=1585,compute_delay_ns=0"
1490,660,1585,100.0,510697600,112640,,"gs=Delhi,model=8x8x16,image=90,rq_node=660,ac_node=1585,compute_delay_ns=0"
1491,660,1585,100.0,511810240,112640,,"gs=Delhi,model=8x8x16,image=91,rq_node=660,ac_node=1585,compute_delay_ns=0"
1492,660,1585,100.0,512922880,112640,,"gs=Delhi,model=8x8x16,image=92,rq_node=660,ac_node=1585,compute_delay_ns=0"
1493,660,1585,100.0,514035520,112640,,"gs=Delhi,model=8x8x16,image=93,rq_node=660,ac_node=1585,compute_delay_ns=0"
1494,660,1585,100.0,515148160,112640,,"gs=Delhi,model=8x8x16,image=94,rq_node=660,ac_node=1585,compute_delay_ns=0"
1495,660,1585,100.0,516260800,112640,,"gs=Delhi,model=8x8x16,image=95,rq_node=660,ac_node=1585,compute_delay_ns=0"
1496,660,1585,100.0,517373440,112640,,"gs=Delhi,model=8x8x16,image=96,rq_node=660,ac_node=1585,compute_delay_ns=0"
1497,660,1585,100.0,518486080,112640,,"gs=Delhi,model=8x8x16,image=97,rq_node=660,ac_node=1585,compute_delay_ns=0"
1498,660,1585,100.0,519598720,112640,,"gs=Delhi,model=8x8x16,image=98,rq_node=660,ac_node=1585,compute_delay_ns=0"
1499,660,1585,100.0,520711360,112640,,"gs=Delhi,model=8x8x16,image=99,rq_node=660,ac_node=1585,compute_delay_ns=0"
1500,990,1586,100.0,0,7040,,"gs=Shanghai,model=8x8x1,image=0,rq_node=990,ac_node=1586,compute_delay_ns=0"
1501,990,1586,100.0,1007040,7040,,"gs=Shanghai,model=8x8x1,image=1,rq_node=990,ac_node=1586,compute_delay_ns=0"
1502,990,1586,100.0,2014080,7040,,"gs=Shanghai,model=8x8x1,image=2,rq_node=990,ac_node=1586,compute_delay_ns=0"
1503,990,1586,100.0,3021120,7040,,"gs=Shanghai,model=8x8x1,image=3,rq_node=990,ac_node=1586,compute_delay_ns=0"
1504,990,1586,100.0,4028160,7040,,"gs=Shanghai,model=8x8x1,image=4,rq_node=990,ac_node=1586,compute_delay_ns=0"
1505,990,1586,100.0,5035200,7040,,"gs=Shanghai,model=8x8x1,image=5,rq_node=990,ac_node=1586,compute_delay_ns=0"
1506,990,1586,100.0,6042240,7040,,"gs=Shanghai,model=8x8x1,image=6,rq_node=990,ac_node=1586,compute_delay_ns=0"
1507,990,1586,100.0,7049280,7040,,"gs=Shanghai,model=8x8x1,image=7,rq_node=990,ac_node=1586,compute_delay_ns=0"
1508,990,1586,100.0,8056320,7040,,"gs=Shanghai,model=8x8x1,image=8,rq_node=990,ac_node=1586,compute_delay_ns=0"
1509,990,1586,100.0,9063360,7040,,"gs=Shanghai,model=8x8x1,image=9,rq_node=990,ac_node=1586,compute_delay_ns=0"
1510,990,1586,100.0,10070400,7040,,"gs=Shanghai,model=8x8x1,image=10,rq_node=990,ac_node=1586,compute_delay_ns=0"
1511,990,1586,100.0,11077440,7040,,"gs=Shanghai,model=8x8x1,image=11,rq_node=990,ac_node=1586,compute_delay_ns=0"
1512,990,1586,100.0,12084480,7040,,"gs=Shanghai,model=8x8x1,image=12,rq_node=990,ac_node=1586,compute_delay_ns=0"
1513,990,1586,100.0,13091520,7040,,"gs=Shanghai,model=8x8x1,image=13,rq_node=990,ac_node=1586,compute_delay_ns=0"
1514,990,1586,100.0,14098560,7040,,"gs=Shanghai,model=8x8x1,image=14,rq_node=990,ac_node=1586,compute_delay_ns=0"
1515,990,1586,100.0,15105600,7040,,"gs=Shanghai,model=8x8x1,image=15,rq_node=990,ac_node=1586,compute_delay_ns=0"
1516,990,1586,100.0,16112640,7040,,"gs=Shanghai,model=8x8x1,image=16,rq_node=990,ac_node=1586,compute_delay_ns=0"
1517,990,1586,100.0,17119680,7040,,"gs=Shanghai,model=8x8x1,image=17,rq_node=990,ac_node=1586,compute_delay_ns=0"
1518,990,1586,100.0,18126720,7040,,"gs=Shanghai,model=8x8x1,image=18,rq_node=990,ac_node=1586,compute_delay_ns=0"
1519,990,1586,100.0,19133760,7040,,"gs=Shanghai,model=8x8x1,image=19,rq_node=990,ac_node=1586,compute_delay_ns=0"
1520,990,1586,100.0,20140800,7040,,"gs=Shanghai,model=8x8x1,image=20,rq_node=990,ac_node=1586,compute_delay_ns=0"
1521,990,1586,100.0,21147840,7040,,"gs=Shanghai,model=8x8x1,image=21,rq_node=990,ac_node=1586,compute_delay_ns=0"
1522,990,1586,100.0,22154880,7040,,"gs=Shanghai,model=8x8x1,image=22,rq_node=990,ac_node=1586,compute_delay_ns=0"
1523,990,1586,100.0,23161920,7040,,"gs=Shanghai,model=8x8x1,image=23,rq_node=990,ac_node=1586,compute_delay_ns=0"
1524,990,1586,100.0,24168960,7040,,"gs=Shanghai,model=8x8x1,image=24,rq_node=990,ac_node=1586,compute_delay_ns=0"
1525,990,1586,100.0,25176000,7040,,"gs=Shanghai,model=8x8x1,image=25,rq_node=990,ac_node=1586,compute_delay_ns=0"
1526,990,1586,100.0,26183040,7040,,"gs=Shanghai,model=8x8x1,image=26,rq_node=990,ac_node=1586,compute_delay_ns=0"
1527,990,1586,100.0,27190080,7040,,"gs=Shanghai,model=8x8x1,image=27,rq_node=990,ac_node=1586,compute_delay_ns=0"
1528,990,1586,100.0,28197120,7040,,"gs=Shanghai,model=8x8x1,image=28,rq_node=990,ac_node=1586,compute_delay_ns=0"
1529,990,1586,100.0,29204160,7040,,"gs=Shanghai,model=8x8x1,image=29,rq_node=990,ac_node=1586,compute_delay_ns=0"
1530,990,1586,100.0,30211200,7040,,"gs=Shanghai,model=8x8x1,image=30,rq_node=990,ac_node=1586,compute_delay_ns=0"
1531,990,1586,100.0,31218240,7040,,"gs=Shanghai,model=8x8x1,image=31,rq_node=990,ac_node=1586,compute_delay_ns=0"
1532,990,1586,100.0,32225280,7040,,"gs=Shanghai,model=8x8x1,image=32,rq_node=990,ac_node=1586,compute_delay_ns=0"
1533,990,1586,100.0,33232320,7040,,"gs=Shanghai,model=8x8x1,image=33,rq_node=990,ac_node=1586,compute_delay_ns=0"
1534,990,1586,100.0,34239360,7040,,"gs=Shanghai,model=8x8x1,image=34,rq_node=990,ac_node=1586,compute_delay_ns=0"
1535,990,1586,100.0,35246400,7040,,"gs=Shanghai,model=8x8x1,image=35,rq_node=990,ac_node=1586,compute_delay_ns=0"
1536,990,1586,100.0,36253440,7040,,"gs=Shanghai,model=8x8x1,image=36,rq_node=990,ac_node=1586,compute_delay_ns=0"
1537,990,1586,100.0,37260480,7040,,"gs=Shanghai,model=8x8x1,image=37,rq_node=990,ac_node=1586,compute_delay_ns=0"
1538,990,1586,100.0,38267520,7040,,"gs=Shanghai,model=8x8x1,image=38,rq_node=990,ac_node=1586,compute_delay_ns=0"
1539,990,1586,100.0,39274560,7040,,"gs=Shanghai,model=8x8x1,image=39,rq_node=990,ac_node=1586,compute_delay_ns=0"
1540,990,1586,100.0,40281600,7040,,"gs=Shanghai,model=8x8x1,image=40,rq_node=990,ac_node=1586,compute_delay_ns=0"
1541,990,1586,100.0,41288640,7040,,"gs=Shanghai,model=8x8x1,image=41,rq_node=990,ac_node=1586,compute_delay_ns=0"
1542,990,1586,100.0,42295680,7040,,"gs=Shanghai,model=8x8x1,image=42,rq_node=990,ac_node=1586,compute_delay_ns=0"
1543,990,1586,100.0,43302720,7040,,"gs=Shanghai,model=8x8x1,image=43,rq_node=990,ac_node=1586,compute_delay_ns=0"
1544,990,1586,100.0,44309760,7040,,"gs=Shanghai,model=8x8x1,image=44,rq_node=990,ac_node=1586,compute_delay_ns=0"
1545,990,1586,100.0,45316800,7040,,"gs=Shanghai,model=8x8x1,image=45,rq_node=990,ac_node=1586,compute_delay_ns=0"
1546,990,1586,100.0,46323840,7040,,"gs=Shanghai,model=8x8x1,image=46,rq_node=990,ac_node=1586,compute_delay_ns=0"
1547,990,1586,100.0,47330880,7040,,"gs=Shanghai,model=8x8x1,image=47,rq_node=990,ac_node=1586,compute_delay_ns=0"
1548,990,1586,100.0,48337920,7040,,"gs=Shanghai,model=8x8x1,image=48,rq_node=990,ac_node=1586,compute_delay_ns=0"
1549,990,1586,100.0,49344960,7040,,"gs=Shanghai,model=8x8x1,image=49,rq_node=990,ac_node=1586,compute_delay_ns=0"
1550,990,1586,100.0,50352000,7040,,"gs=Shanghai,model=8x8x1,image=50,rq_node=990,ac_node=1586,compute_delay_ns=0"
1551,990,1586,100.0,51359040,7040,,"gs=Shanghai,model=8x8x1,image=51,rq_node=990,ac_node=1586,compute_delay_ns=0"
1552,990,1586,100.0,52366080,7040,,"gs=Shanghai,model=8x8x1,image=52,rq_node=990,ac_node=1586,compute_delay_ns=0"
1553,990,1586,100.0,53373120,7040,,"gs=Shanghai,model=8x8x1,image=53,rq_node=990,ac_node=1586,compute_delay_ns=0"
1554,990,1586,100.0,54380160,7040,,"gs=Shanghai,model=8x8x1,image=54,rq_node=990,ac_node=1586,compute_delay_ns=0"
1555,990,1586,100.0,55387200,7040,,"gs=Shanghai,model=8x8x1,image=55,rq_node=990,ac_node=1586,compute_delay_ns=0"
1556,990,1586,100.0,56394240,7040,,"gs=Shanghai,model=8x8x1,image=56,rq_node=990,ac_node=1586,compute_delay_ns=0"
1557,990,1586,100.0,57401280,7040,,"gs=Shanghai,model=8x8x1,image=57,rq_node=990,ac_node=1586,compute_delay_ns=0"
1558,990,1586,100.0,58408320,7040,,"gs=Shanghai,model=8x8x1,image=58,rq_node=990,ac_node=1586,compute_delay_ns=0"
1559,990,1586,100.0,59415360,7040,,"gs=Shanghai,model=8x8x1,image=59,rq_node=990,ac_node=1586,compute_delay_ns=0"
1560,990,1586,100.0,60422400,7040,,"gs=Shanghai,model=8x8x1,image=60,rq_node=990,ac_node=1586,compute_delay_ns=0"
1561,990,1586,100.0,61429440,7040,,"gs=Shanghai,model=8x8x1,image=61,rq_node=990,ac_node=1586,compute_delay_ns=0"
1562,990,1586,100.0,62436480,7040,,"gs=Shanghai,model=8x8x1,image=62,rq_node=990,ac_node=1586,compute_delay_ns=0"
1563,990,1586,100.0,63443520,7040,,"gs=Shanghai,model=8x8x1,image=63,rq_node=990,ac_node=1586,compute_delay_ns=0"
1564,990,1586,100.0,64450560,7040,,"gs=Shanghai,model=8x8x1,image=64,rq_node=990,ac_node=1586,compute_delay_ns=0"
1565,990,1586,100.0,65457600,7040,,"gs=Shanghai,model=8x8x1,image=65,rq_node=990,ac_node=1586,compute_delay_ns=0"
1566,990,1586,100.0,66464640,7040,,"gs=Shanghai,model=8x8x1,image=66,rq_node=990,ac_node=1586,compute_delay_ns=0"
1567,990,1586,100.0,67471680,7040,,"gs=Shanghai,model=8x8x1,image=67,rq_node=990,ac_node=1586,compute_delay_ns=0"
1568,990,1586,100.0,68478720,7040,,"gs=Shanghai,model=8x8x1,image=68,rq_node=990,ac_node=1586,compute_delay_ns=0"
1569,990,1586,100.0,69485760,7040,,"gs=Shanghai,model=8x8x1,image=69,rq_node=990,ac_node=1586,compute_delay_ns=0"
1570,990,1586,100.0,70492800,7040,,"gs=Shanghai,model=8x8x1,image=70,rq_node=990,ac_node=1586,compute_delay_ns=0"
1571,990,1586,100.0,71499840,7040,,"gs=Shanghai,model=8x8x1,image=71,rq_node=990,ac_node=1586,compute_delay_ns=0"
1572,990,1586,100.0,72506880,7040,,"gs=Shanghai,model=8x8x1,image=72,rq_node=990,ac_node=1586,compute_delay_ns=0"
1573,990,1586,100.0,73513920,7040,,"gs=Shanghai,model=8x8x1,image=73,rq_node=990,ac_node=1586,compute_delay_ns=0"
1574,990,1586,100.0,74520960,7040,,"gs=Shanghai,model=8x8x1,image=74,rq_node=990,ac_node=1586,compute_delay_ns=0"
1575,990,1586,100.0,75528000,7040,,"gs=Shanghai,model=8x8x1,image=75,rq_node=990,ac_node=1586,compute_delay_ns=0"
1576,990,1586,100.0,76535040,7040,,"gs=Shanghai,model=8x8x1,image=76,rq_node=990,ac_node=1586,compute_delay_ns=0"
1577,990,1586,100.0,77542080,7040,,"gs=Shanghai,model=8x8x1,image=77,rq_node=990,ac_node=1586,compute_delay_ns=0"
1578,990,1586,100.0,78549120,7040,,"gs=Shanghai,model=8x8x1,image=78,rq_node=990,ac_node=1586,compute_delay_ns=0"
1579,990,1586,100.0,79556160,7040,,"gs=Shanghai,model=8x8x1,image=79,rq_node=990,ac_node=1586,compute_delay_ns=0"
1580,990,1586,100.0,80563200,7040,,"gs=Shanghai,model=8x8x1,image=80,rq_node=990,ac_node=1586,compute_delay_ns=0"
1581,990,1586,100.0,81570240,7040,,"gs=Shanghai,model=8x8x1,image=81,rq_node=990,ac_node=1586,compute_delay_ns=0"
1582,990,1586,100.0,82577280,7040,,"gs=Shanghai,model=8x8x1,image=82,rq_node=990,ac_node=1586,compute_delay_ns=0"
1583,990,1586,100.0,83584320,7040,,"gs=Shanghai,model=8x8x1,image=83,rq_node=990,ac_node=1586,compute_delay_ns=0"
1584,990,1586,100.0,84591360,7040,,"gs=Shanghai,model=8x8x1,image=84,rq_node=990,ac_node=1586,compute_delay_ns=0"
1585,990,1586,100.0,85598400,7040,,"gs=Shanghai,model=8x8x1,image=85,rq_node=990,ac_node=1586,compute_delay_ns=0"
1586,990,1586,100.0,86605440,7040,,"gs=Shanghai,model=8x8x1,image=86,rq_node=990,ac_node=1586,compute_delay_ns=0"
1587,990,1586,100.0,87612480,7040,,"gs=Shanghai,model=8x8x1,image=87,rq_node=990,ac_node=1586,compute_delay_ns=0"
1588,990,1586,100.0,88619520,7040,,"gs=Shanghai,model=8x8x1,image=88,rq_node=990,ac_node=1586,compute_delay_ns=0"
1589,990,1586,100.0,89626560,7040,,"gs=Shanghai,model=8x8x1,image=89,rq_node=990,ac_node=1586,compute_delay_ns=0"
1590,990,1586,100.0,90633600,7040,,"gs=Shanghai,model=8x8x1,image=90,rq_node=990,ac_node=1586,compute_delay_ns=0"
1591,990,1586,100.0,91640640,7040,,"gs=Shanghai,model=8x8x1,image=91,rq_node=990,ac_node=1586,compute_delay_ns=0"
1592,990,1586,100.0,92647680,7040,,"gs=Shanghai,model=8x8x1,image=92,rq_node=990,ac_node=1586,compute_delay_ns=0"
1593,990,1586,100.0,93654720,7040,,"gs=Shanghai,model=8x8x1,image=93,rq_node=990,ac_node=1586,compute_delay_ns=0"
1594,990,1586,100.0,94661760,7040,,"gs=Shanghai,model=8x8x1,image=94,rq_node=990,ac_node=1586,compute_delay_ns=0"
1595,990,1586,100.0,95668800,7040,,"gs=Shanghai,model=8x8x1,image=95,rq_node=990,ac_node=1586,compute_delay_ns=0"
1596,990,1586,100.0,96675840,7040,,"gs=Shanghai,model=8x8x1,image=96,rq_node=990,ac_node=1586,compute_delay_ns=0"
1597,990,1586,100.0,97682880,7040,,"gs=Shanghai,model=8x8x1,image=97,rq_node=990,ac_node=1586,compute_delay_ns=0"
1598,990,1586,100.0,98689920,7040,,"gs=Shanghai,model=8x8x1,image=98,rq_node=990,ac_node=1586,compute_delay_ns=0"
1599,990,1586,100.0,99696960,7040,,"gs=Shanghai,model=8x8x1,image=99,rq_node=990,ac_node=1586,compute_delay_ns=0"
1600,990,1586,100.0,100704000,14080,,"gs=Shanghai,model=8x8x2,image=0,rq_node=990,ac_node=1586,compute_delay_ns=0"
1601,990,1586,100.0,101718080,14080,,"gs=Shanghai,model=8x8x2,image=1,rq_node=990,ac_node=1586,compute_delay_ns=0"
1602,990,1586,100.0,102732160,14080,,"gs=Shanghai,model=8x8x2,image=2,rq_node=990,ac_node=1586,compute_delay_ns=0"
1603,990,1586,100.0,103746240,14080,,"gs=Shanghai,model=8x8x2,image=3,rq_node=990,ac_node=1586,compute_delay_ns=0"
1604,990,1586,100.0,104760320,14080,,"gs=Shanghai,model=8x8x2,image=4,rq_node=990,ac_node=1586,compute_delay_ns=0"
1605,990,1586,100.0,105774400,14080,,"gs=Shanghai,model=8x8x2,image=5,rq_node=990,ac_node=1586,compute_delay_ns=0"
1606,990,1586,100.0,106788480,14080,,"gs=Shanghai,model=8x8x2,image=6,rq_node=990,ac_node=1586,compute_delay_ns=0"
1607,990,1586,100.0,107802560,14080,,"gs=Shanghai,model=8x8x2,image=7,rq_node=990,ac_node=1586,compute_delay_ns=0"
1608,990,1586,100.0,108816640,14080,,"gs=Shanghai,model=8x8x2,image=8,rq_node=990,ac_node=1586,compute_delay_ns=0"
1609,990,1586,100.0,109830720,14080,,"gs=Shanghai,model=8x8x2,image=9,rq_node=990,ac_node=1586,compute_delay_ns=0"
1610,990,1586,100.0,110844800,14080,,"gs=Shanghai,model=8x8x2,image=10,rq_node=990,ac_node=1586,compute_delay_ns=0"
1611,990,1586,100.0,111858880,14080,,"gs=Shanghai,model=8x8x2,image=11,rq_node=990,ac_node=1586,compute_delay_ns=0"
1612,990,1586,100.0,112872960,14080,,"gs=Shanghai,model=8x8x2,image=12,rq_node=990,ac_node=1586,compute_delay_ns=0"
1613,990,1586,100.0,113887040,14080,,"gs=Shanghai,model=8x8x2,image=13,rq_node=990,ac_node=1586,compute_delay_ns=0"
1614,990,1586,100.0,114901120,14080,,"gs=Shanghai,model=8x8x2,image=14,rq_node=990,ac_node=1586,compute_delay_ns=0"
1615,990,1586,100.0,115915200,14080,,"gs=Shanghai,model=8x8x2,image=15,rq_node=990,ac_node=1586,compute_delay_ns=0"
1616,990,1586,100.0,116929280,14080,,"gs=Shanghai,model=8x8x2,image=16,rq_node=990,ac_node=1586,compute_delay_ns=0"
1617,990,1586,100.0,117943360,14080,,"gs=Shanghai,model=8x8x2,image=17,rq_node=990,ac_node=1586,compute_delay_ns=0"
1618,990,1586,100.0,118957440,14080,,"gs=Shanghai,model=8x8x2,image=18,rq_node=990,ac_node=1586,compute_delay_ns=0"
1619,990,1586,100.0,119971520,14080,,"gs=Shanghai,model=8x8x2,image=19,rq_node=990,ac_node=1586,compute_delay_ns=0"
1620,990,1586,100.0,120985600,14080,,"gs=Shanghai,model=8x8x2,image=20,rq_node=990,ac_node=1586,compute_delay_ns=0"
1621,990,1586,100.0,121999680,14080,,"gs=Shanghai,model=8x8x2,image=21,rq_node=990,ac_node=1586,compute_delay_ns=0"
1622,990,1586,100.0,123013760,14080,,"gs=Shanghai,model=8x8x2,image=22,rq_node=990,ac_node=1586,compute_delay_ns=0"
1623,990,1586,100.0,124027840,14080,,"gs=Shanghai,model=8x8x2,image=23,rq_node=990,ac_node=1586,compute_delay_ns=0"
1624,990,1586,100.0,125041920,14080,,"gs=Shanghai,model=8x8x2,image=24,rq_node=990,ac_node=1586,compute_delay_ns=0"
1625,990,1586,100.0,126056000,14080,,"gs=Shanghai,model=8x8x2,image=25,rq_node=990,ac_node=1586,compute_delay_ns=0"
1626,990,1586,100.0,127070080,14080,,"gs=Shanghai,model=8x8x2,image=26,rq_node=990,ac_node=1586,compute_delay_ns=0"
1627,990,1586,100.0,128084160,14080,,"gs=Shanghai,model=8x8x2,image=27,rq_node=990,ac_node=1586,compute_delay_ns=0"
1628,990,1586,100.0,129098240,14080,,"gs=Shanghai,model=8x8x2,image=28,rq_node=990,ac_node=1586,compute_delay_ns=0"
1629,990,1586,100.0,130112320,14080,,"gs=Shanghai,model=8x8x2,image=29,rq_node=990,ac_node=1586,compute_delay_ns=0"
1630,990,1586,100.0,131126400,14080,,"gs=Shanghai,model=8x8x2,image=30,rq_node=990,ac_node=1586,compute_delay_ns=0"
1631,990,1586,100.0,132140480,14080,,"gs=Shanghai,model=8x8x2,image=31,rq_node=990,ac_node=1586,compute_delay_ns=0"
1632,990,1586,100.0,133154560,14080,,"gs=Shanghai,model=8x8x2,image=32,rq_node=990,ac_node=1586,compute_delay_ns=0"
1633,990,1586,100.0,134168640,14080,,"gs=Shanghai,model=8x8x2,image=33,rq_node=990,ac_node=1586,compute_delay_ns=0"
1634,990,1586,100.0,135182720,14080,,"gs=Shanghai,model=8x8x2,image=34,rq_node=990,ac_node=1586,compute_delay_ns=0"
1635,990,1586,100.0,136196800,14080,,"gs=Shanghai,model=8x8x2,image=35,rq_node=990,ac_node=1586,compute_delay_ns=0"
1636,990,1586,100.0,137210880,14080,,"gs=Shanghai,model=8x8x2,image=36,rq_node=990,ac_node=1586,compute_delay_ns=0"
1637,990,1586,100.0,138224960,14080,,"gs=Shanghai,model=8x8x2,image=37,rq_node=990,ac_node=1586,compute_delay_ns=0"
1638,990,1586,100.0,139239040,14080,,"gs=Shanghai,model=8x8x2,image=38,rq_node=990,ac_node=1586,compute_delay_ns=0"
1639,990,1586,100.0,140253120,14080,,"gs=Shanghai,model=8x8x2,image=39,rq_node=990,ac_node=1586,compute_delay_ns=0"
1640,990,1586,100.0,141267200,14080,,"gs=Shanghai,model=8x8x2,image=40,rq_node=990,ac_node=1586,compute_delay_ns=0"
1641,990,1586,100.0,142281280,14080,,"gs=Shanghai,model=8x8x2,image=41,rq_node=990,ac_node=1586,compute_delay_ns=0"
1642,990,1586,100.0,143295360,14080,,"gs=Shanghai,model=8x8x2,image=42,rq_node=990,ac_node=1586,compute_delay_ns=0"
1643,990,1586,100.0,144309440,14080,,"gs=Shanghai,model=8x8x2,image=43,rq_node=990,ac_node=1586,compute_delay_ns=0"
1644,990,1586,100.0,145323520,14080,,"gs=Shanghai,model=8x8x2,image=44,rq_node=990,ac_node=1586,compute_delay_ns=0"
1645,990,1586,100.0,146337600,14080,,"gs=Shanghai,model=8x8x2,image=45,rq_node=990,ac_node=1586,compute_delay_ns=0"
1646,990,1586,100.0,147351680,14080,,"gs=Shanghai,model=8x8x2,image=46,rq_node=990,ac_node=1586,compute_delay_ns=0"
1647,990,1586,100.0,148365760,14080,,"gs=Shanghai,model=8x8x2,image=47,rq_node=990,ac_node=1586,compute_delay_ns=0"
1648,990,1586,100.0,149379840,14080,,"gs=Shanghai,model=8x8x2,image=48,rq_node=990,ac_node=1586,compute_delay_ns=0"
1649,990,1586,100.0,150393920,14080,,"gs=Shanghai,model=8x8x2,image=49,rq_node=990,ac_node=1586,compute_delay_ns=0"
1650,990,1586,100.0,151408000,14080,,"gs=Shanghai,model=8x8x2,image=50,rq_node=990,ac_node=1586,compute_delay_ns=0"
1651,990,1586,100.0,152422080,14080,,"gs=Shanghai,model=8x8x2,image=51,rq_node=990,ac_node=1586,compute_delay_ns=0"
1652,990,1586,100.0,153436160,14080,,"gs=Shanghai,model=8x8x2,image=52,rq_node=990,ac_node=1586,compute_delay_ns=0"
1653,990,1586,100.0,154450240,14080,,"gs=Shanghai,model=8x8x2,image=53,rq_node=990,ac_node=1586,compute_delay_ns=0"
1654,990,1586,100.0,155464320,14080,,"gs=Shanghai,model=8x8x2,image=54,rq_node=990,ac_node=1586,compute_delay_ns=0"
1655,990,1586,100.0,156478400,14080,,"gs=Shanghai,model=8x8x2,image=55,rq_node=990,ac_node=1586,compute_delay_ns=0"
1656,990,1586,100.0,157492480,14080,,"gs=Shanghai,model=8x8x2,image=56,rq_node=990,ac_node=1586,compute_delay_ns=0"
1657,990,1586,100.0,158506560,14080,,"gs=Shanghai,model=8x8x2,image=57,rq_node=990,ac_node=1586,compute_delay_ns=0"
1658,990,1586,100.0,159520640,14080,,"gs=Shanghai,model=8x8x2,image=58,rq_node=990,ac_node=1586,compute_delay_ns=0"
1659,990,1586,100.0,160534720,14080,,"gs=Shanghai,model=8x8x2,image=59,rq_node=990,ac_node=1586,compute_delay_ns=0"
1660,990,1586,100.0,161548800,14080,,"gs=Shanghai,model=8x8x2,image=60,rq_node=990,ac_node=1586,compute_delay_ns=0"
1661,990,1586,100.0,162562880,14080,,"gs=Shanghai,model=8x8x2,image=61,rq_node=990,ac_node=1586,compute_delay_ns=0"
1662,990,1586,100.0,163576960,14080,,"gs=Shanghai,model=8x8x2,image=62,rq_node=990,ac_node=1586,compute_delay_ns=0"
1663,990,1586,100.0,164591040,14080,,"gs=Shanghai,model=8x8x2,image=63,rq_node=990,ac_node=1586,compute_delay_ns=0"
1664,990,1586,100.0,165605120,14080,,"gs=Shanghai,model=8x8x2,image=64,rq_node=990,ac_node=1586,compute_delay_ns=0"
1665,990,1586,100.0,166619200,14080,,"gs=Shanghai,model=8x8x2,image=65,rq_node=990,ac_node=1586,compute_delay_ns=0"
1666,990,1586,100.0,167633280,14080,,"gs=Shanghai,model=8x8x2,image=66,rq_node=990,ac_node=1586,compute_delay_ns=0"
1667,990,1586,100.0,168647360,14080,,"gs=Shanghai,model=8x8x2,image=67,rq_node=990,ac_node=1586,compute_delay_ns=0"
1668,990,1586,100.0,169661440,14080,,"gs=Shanghai,model=8x8x2,image=68,rq_node=990,ac_node=1586,compute_delay_ns=0"
1669,990,1586,100.0,170675520,14080,,"gs=Shanghai,model=8x8x2,image=69,rq_node=990,ac_node=1586,compute_delay_ns=0"
1670,990,1586,100.0,171689600,14080,,"gs=Shanghai,model=8x8x2,image=70,rq_node=990,ac_node=1586,compute_delay_ns=0"
1671,990,1586,100.0,172703680,14080,,"gs=Shanghai,model=8x8x2,image=71,rq_node=990,ac_node=1586,compute_delay_ns=0"
1672,990,1586,100.0,173717760,14080,,"gs=Shanghai,model=8x8x2,image=72,rq_node=990,ac_node=1586,compute_delay_ns=0"
1673,990,1586,100.0,174731840,14080,,"gs=Shanghai,model=8x8x2,image=73,rq_node=990,ac_node=1586,compute_delay_ns=0"
1674,990,1586,100.0,175745920,14080,,"gs=Shanghai,model=8x8x2,image=74,rq_node=990,ac_node=1586,compute_delay_ns=0"
1675,990,1586,100.0,176760000,14080,,"gs=Shanghai,model=8x8x2,image=75,rq_node=990,ac_node=1586,compute_delay_ns=0"
1676,990,1586,100.0,177774080,14080,,"gs=Shanghai,model=8x8x2,image=76,rq_node=990,ac_node=1586,compute_delay_ns=0"
1677,990,1586,100.0,178788160,14080,,"gs=Shanghai,model=8x8x2,image=77,rq_node=990,ac_node=1586,compute_delay_ns=0"
1678,990,1586,100.0,179802240,14080,,"gs=Shanghai,model=8x8x2,image=78,rq_node=990,ac_node=1586,compute_delay_ns=0"
1679,990,1586,100.0,180816320,14080,,"gs=Shanghai,model=8x8x2,image=79,rq_node=990,ac_node=1586,compute_delay_ns=0"
1680,990,1586,100.0,181830400,14080,,"gs=Shanghai,model=8x8x2,image=80,rq_node=990,ac_node=1586,compute_delay_ns=0"
1681,990,1586,100.0,182844480,14080,,"gs=Shanghai,model=8x8x2,image=81,rq_node=990,ac_node=1586,compute_delay_ns=0"
1682,990,1586,100.0,183858560,14080,,"gs=Shanghai,model=8x8x2,image=82,rq_node=990,ac_node=1586,compute_delay_ns=0"
1683,990,1586,100.0,184872640,14080,,"gs=Shanghai,model=8x8x2,image=83,rq_node=990,ac_node=1586,compute_delay_ns=0"
1684,990,1586,100.0,185886720,14080,,"gs=Shanghai,model=8x8x2,image=84,rq_node=990,ac_node=1586,compute_delay_ns=0"
1685,990,1586,100.0,186900800,14080,,"gs=Shanghai,model=8x8x2,image=85,rq_node=990,ac_node=1586,compute_delay_ns=0"
1686,990,1586,100.0,187914880,14080,,"gs=Shanghai,model=8x8x2,image=86,rq_node=990,ac_node=1586,compute_delay_ns=0"
1687,990,1586,100.0,188928960,14080,,"gs=Shanghai,model=8x8x2,image=87,rq_node=990,ac_node=1586,compute_delay_ns=0"
1688,990,1586,100.0,189943040,14080,,"gs=Shanghai,model=8x8x2,image=88,rq_node=990,ac_node=1586,compute_delay_ns=0"
1689,990,1586,100.0,190957120,14080,,"gs=Shanghai,model=8x8x2,image=89,rq_node=990,ac_node=1586,compute_delay_ns=0"
1690,990,1586,100.0,191971200,14080,,"gs=Shanghai,model=8x8x2,image=90,rq_node=990,ac_node=1586,compute_delay_ns=0"
1691,990,1586,100.0,192985280,14080,,"gs=Shanghai,model=8x8x2,image=91,rq_node=990,ac_node=1586,compute_delay_ns=0"
1692,990,1586,100.0,193999360,14080,,"gs=Shanghai,model=8x8x2,image=92,rq_node=990,ac_node=1586,compute_delay_ns=0"
1693,990,1586,100.0,195013440,14080,,"gs=Shanghai,model=8x8x2,image=93,rq_node=990,ac_node=1586,compute_delay_ns=0"
1694,990,1586,100.0,196027520,14080,,"gs=Shanghai,model=8x8x2,image=94,rq_node=990,ac_node=1586,compute_delay_ns=0"
1695,990,1586,100.0,197041600,14080,,"gs=Shanghai,model=8x8x2,image=95,rq_node=990,ac_node=1586,compute_delay_ns=0"
1696,990,1586,100.0,198055680,14080,,"gs=Shanghai,model=8x8x2,image=96,rq_node=990,ac_node=1586,compute_delay_ns=0"
1697,990,1586,100.0,199069760,14080,,"gs=Shanghai,model=8x8x2,image=97,rq_node=990,ac_node=1586,compute_delay_ns=0"
1698,990,1586,100.0,200083840,14080,,"gs=Shanghai,model=8x8x2,image=98,rq_node=990,ac_node=1586,compute_delay_ns=0"
1699,990,1586,100.0,201097920,14080,,"gs=Shanghai,model=8x8x2,image=99,rq_node=990,ac_node=1586,compute_delay_ns=0"
1700,990,1586,100.0,202112000,28160,,"gs=Shanghai,model=8x8x4,image=0,rq_node=990,ac_node=1586,compute_delay_ns=0"
1701,990,1586,100.0,203140160,28160,,"gs=Shanghai,model=8x8x4,image=1,rq_node=990,ac_node=1586,compute_delay_ns=0"
1702,990,1586,100.0,204168320,28160,,"gs=Shanghai,model=8x8x4,image=2,rq_node=990,ac_node=1586,compute_delay_ns=0"
1703,990,1586,100.0,205196480,28160,,"gs=Shanghai,model=8x8x4,image=3,rq_node=990,ac_node=1586,compute_delay_ns=0"
1704,990,1586,100.0,206224640,28160,,"gs=Shanghai,model=8x8x4,image=4,rq_node=990,ac_node=1586,compute_delay_ns=0"
1705,990,1586,100.0,207252800,28160,,"gs=Shanghai,model=8x8x4,image=5,rq_node=990,ac_node=1586,compute_delay_ns=0"
1706,990,1586,100.0,208280960,28160,,"gs=Shanghai,model=8x8x4,image=6,rq_node=990,ac_node=1586,compute_delay_ns=0"
1707,990,1586,100.0,209309120,28160,,"gs=Shanghai,model=8x8x4,image=7,rq_node=990,ac_node=1586,compute_delay_ns=0"
1708,990,1586,100.0,210337280,28160,,"gs=Shanghai,model=8x8x4,image=8,rq_node=990,ac_node=1586,compute_delay_ns=0"
1709,990,1586,100.0,211365440,28160,,"gs=Shanghai,model=8x8x4,image=9,rq_node=990,ac_node=1586,compute_delay_ns=0"
1710,990,1586,100.0,212393600,28160,,"gs=Shanghai,model=8x8x4,image=10,rq_node=990,ac_node=1586,compute_delay_ns=0"
1711,990,1586,100.0,213421760,28160,,"gs=Shanghai,model=8x8x4,image=11,rq_node=990,ac_node=1586,compute_delay_ns=0"
1712,990,1586,100.0,214449920,28160,,"gs=Shanghai,model=8x8x4,image=12,rq_node=990,ac_node=1586,compute_delay_ns=0"
1713,990,1586,100.0,215478080,28160,,"gs=Shanghai,model=8x8x4,image=13,rq_node=990,ac_node=1586,compute_delay_ns=0"
1714,990,1586,100.0,216506240,28160,,"gs=Shanghai,model=8x8x4,image=14,rq_node=990,ac_node=1586,compute_delay_ns=0"
1715,990,1586,100.0,217534400,28160,,"gs=Shanghai,model=8x8x4,image=15,rq_node=990,ac_node=1586,compute_delay_ns=0"
1716,990,1586,100.0,218562560,28160,,"gs=Shanghai,model=8x8x4,image=16,rq_node=990,ac_node=1586,compute_delay_ns=0"
1717,990,1586,100.0,219590720,28160,,"gs=Shanghai,model=8x8x4,image=17,rq_node=990,ac_node=1586,compute_delay_ns=0"
1718,990,1586,100.0,220618880,28160,,"gs=Shanghai,model=8x8x4,image=18,rq_node=990,ac_node=1586,compute_delay_ns=0"
1719,990,1586,100.0,221647040,28160,,"gs=Shanghai,model=8x8x4,image=19,rq_node=990,ac_node=1586,compute_delay_ns=0"
1720,990,1586,100.0,222675200,28160,,"gs=Shanghai,model=8x8x4,image=20,rq_node=990,ac_node=1586,compute_delay_ns=0"
1721,990,1586,100.0,223703360,28160,,"gs=Shanghai,model=8x8x4,image=21,rq_node=990,ac_node=1586,compute_delay_ns=0"
1722,990,1586,100.0,224731520,28160,,"gs=Shanghai,model=8x8x4,image=22,rq_node=990,ac_node=1586,compute_delay_ns=0"
1723,990,1586,100.0,225759680,28160,,"gs=Shanghai,model=8x8x4,image=23,rq_node=990,ac_node=1586,compute_delay_ns=0"
1724,990,1586,100.0,226787840,28160,,"gs=Shanghai,model=8x8x4,image=24,rq_node=990,ac_node=1586,compute_delay_ns=0"
1725,990,1586,100.0,227816000,28160,,"gs=Shanghai,model=8x8x4,image=25,rq_node=990,ac_node=1586,compute_delay_ns=0"
1726,990,1586,100.0,228844160,28160,,"gs=Shanghai,model=8x8x4,image=26,rq_node=990,ac_node=1586,compute_delay_ns=0"
1727,990,1586,100.0,229872320,28160,,"gs=Shanghai,model=8x8x4,image=27,rq_node=990,ac_node=1586,compute_delay_ns=0"
1728,990,1586,100.0,230900480,28160,,"gs=Shanghai,model=8x8x4,image=28,rq_node=990,ac_node=1586,compute_delay_ns=0"
1729,990,1586,100.0,231928640,28160,,"gs=Shanghai,model=8x8x4,image=29,rq_node=990,ac_node=1586,compute_delay_ns=0"
1730,990,1586,100.0,232956800,28160,,"gs=Shanghai,model=8x8x4,image=30,rq_node=990,ac_node=1586,compute_delay_ns=0"
1731,990,1586,100.0,233984960,28160,,"gs=Shanghai,model=8x8x4,image=31,rq_node=990,ac_node=1586,compute_delay_ns=0"
1732,990,1586,100.0,235013120,28160,,"gs=Shanghai,model=8x8x4,image=32,rq_node=990,ac_node=1586,compute_delay_ns=0"
1733,990,1586,100.0,236041280,28160,,"gs=Shanghai,model=8x8x4,image=33,rq_node=990,ac_node=1586,compute_delay_ns=0"
1734,990,1586,100.0,237069440,28160,,"gs=Shanghai,model=8x8x4,image=34,rq_node=990,ac_node=1586,compute_delay_ns=0"
1735,990,1586,100.0,238097600,28160,,"gs=Shanghai,model=8x8x4,image=35,rq_node=990,ac_node=1586,compute_delay_ns=0"
1736,990,1586,100.0,239125760,28160,,"gs=Shanghai,model=8x8x4,image=36,rq_node=990,ac_node=1586,compute_delay_ns=0"
1737,990,1586,100.0,240153920,28160,,"gs=Shanghai,model=8x8x4,image=37,rq_node=990,ac_node=1586,compute_delay_ns=0"
1738,990,1586,100.0,241182080,28160,,"gs=Shanghai,model=8x8x4,image=38,rq_node=990,ac_node=1586,compute_delay_ns=0"
1739,990,1586,100.0,242210240,28160,,"gs=Shanghai,model=8x8x4,image=39,rq_node=990,ac_node=1586,compute_delay_ns=0"
1740,990,1586,100.0,243238400,28160,,"gs=Shanghai,model=8x8x4,image=40,rq_node=990,ac_node=1586,compute_delay_ns=0"
1741,990,1586,100.0,244266560,28160,,"gs=Shanghai,model=8x8x4,image=41,rq_node=990,ac_node=1586,compute_delay_ns=0"
1742,990,1586,100.0,245294720,28160,,"gs=Shanghai,model=8x8x4,image=42,rq_node=990,ac_node=1586,compute_delay_ns=0"
1743,990,1586,100.0,246322880,28160,,"gs=Shanghai,model=8x8x4,image=43,rq_node=990,ac_node=1586,compute_delay_ns=0"
1744,990,1586,100.0,247351040,28160,,"gs=Shanghai,model=8x8x4,image=44,rq_node=990,ac_node=1586,compute_delay_ns=0"
1745,990,1586,100.0,248379200,28160,,"gs=Shanghai,model=8x8x4,image=45,rq_node=990,ac_node=1586,compute_delay_ns=0"
1746,990,1586,100.0,249407360,28160,,"gs=Shanghai,model=8x8x4,image=46,rq_node=990,ac_node=1586,compute_delay_ns=0"
1747,990,1586,100.0,250435520,28160,,"gs=Shanghai,model=8x8x4,image=47,rq_node=990,ac_node=1586,compute_delay_ns=0"
1748,990,1586,100.0,251463680,28160,,"gs=Shanghai,model=8x8x4,image=48,rq_node=990,ac_node=1586,compute_delay_ns=0"
1749,990,1586,100.0,252491840,28160,,"gs=Shanghai,model=8x8x4,image=49,rq_node=990,ac_node=1586,compute_delay_ns=0"
1750,990,1586,100.0,253520000,28160,,"gs=Shanghai,model=8x8x4,image=50,rq_node=990,ac_node=1586,compute_delay_ns=0"
1751,990,1586,100.0,254548160,28160,,"gs=Shanghai,model=8x8x4,image=51,rq_node=990,ac_node=1586,compute_delay_ns=0"
1752,990,1586,100.0,255576320,28160,,"gs=Shanghai,model=8x8x4,image=52,rq_node=990,ac_node=1586,compute_delay_ns=0"
1753,990,1586,100.0,256604480,28160,,"gs=Shanghai,model=8x8x4,image=53,rq_node=990,ac_node=1586,compute_delay_ns=0"
1754,990,1586,100.0,257632640,28160,,"gs=Shanghai,model=8x8x4,image=54,rq_node=990,ac_node=1586,compute_delay_ns=0"
1755,990,1586,100.0,258660800,28160,,"gs=Shanghai,model=8x8x4,image=55,rq_node=990,ac_node=1586,compute_delay_ns=0"
1756,990,1586,100.0,259688960,28160,,"gs=Shanghai,model=8x8x4,image=56,rq_node=990,ac_node=1586,compute_delay_ns=0"
1757,990,1586,100.0,260717120,28160,,"gs=Shanghai,model=8x8x4,image=57,rq_node=990,ac_node=1586,compute_delay_ns=0"
1758,990,1586,100.0,261745280,28160,,"gs=Shanghai,model=8x8x4,image=58,rq_node=990,ac_node=1586,compute_delay_ns=0"
1759,990,1586,100.0,262773440,28160,,"gs=Shanghai,model=8x8x4,image=59,rq_node=990,ac_node=1586,compute_delay_ns=0"
1760,990,1586,100.0,263801600,28160,,"gs=Shanghai,model=8x8x4,image=60,rq_node=990,ac_node=1586,compute_delay_ns=0"
1761,990,1586,100.0,264829760,28160,,"gs=Shanghai,model=8x8x4,image=61,rq_node=990,ac_node=1586,compute_delay_ns=0"
1762,990,1586,100.0,265857920,28160,,"gs=Shanghai,model=8x8x4,image=62,rq_node=990,ac_node=1586,compute_delay_ns=0"
1763,990,1586,100.0,266886080,28160,,"gs=Shanghai,model=8x8x4,image=63,rq_node=990,ac_node=1586,compute_delay_ns=0"
1764,990,1586,100.0,267914240,28160,,"gs=Shanghai,model=8x8x4,image=64,rq_node=990,ac_node=1586,compute_delay_ns=0"
1765,990,1586,100.0,268942400,28160,,"gs=Shanghai,model=8x8x4,image=65,rq_node=990,ac_node=1586,compute_delay_ns=0"
1766,990,1586,100.0,269970560,28160,,"gs=Shanghai,model=8x8x4,image=66,rq_node=990,ac_node=1586,compute_delay_ns=0"
1767,990,1586,100.0,270998720,28160,,"gs=Shanghai,model=8x8x4,image=67,rq_node=990,ac_node=1586,compute_delay_ns=0"
1768,990,1586,100.0,272026880,28160,,"gs=Shanghai,model=8x8x4,image=68,rq_node=990,ac_node=1586,compute_delay_ns=0"
1769,990,1586,100.0,273055040,28160,,"gs=Shanghai,model=8x8x4,image=69,rq_node=990,ac_node=1586,compute_delay_ns=0"
1770,990,1586,100.0,274083200,28160,,"gs=Shanghai,model=8x8x4,image=70,rq_node=990,ac_node=1586,compute_delay_ns=0"
1771,990,1586,100.0,275111360,28160,,"gs=Shanghai,model=8x8x4,image=71,rq_node=990,ac_node=1586,compute_delay_ns=0"
1772,990,1586,100.0,276139520,28160,,"gs=Shanghai,model=8x8x4,image=72,rq_node=990,ac_node=1586,compute_delay_ns=0"
1773,990,1586,100.0,277167680,28160,,"gs=Shanghai,model=8x8x4,image=73,rq_node=990,ac_node=1586,compute_delay_ns=0"
1774,990,1586,100.0,278195840,28160,,"gs=Shanghai,model=8x8x4,image=74,rq_node=990,ac_node=1586,compute_delay_ns=0"
1775,990,1586,100.0,279224000,28160,,"gs=Shanghai,model=8x8x4,image=75,rq_node=990,ac_node=1586,compute_delay_ns=0"
1776,990,1586,100.0,280252160,28160,,"gs=Shanghai,model=8x8x4,image=76,rq_node=990,ac_node=1586,compute_delay_ns=0"
1777,990,1586,100.0,281280320,28160,,"gs=Shanghai,model=8x8x4,image=77,rq_node=990,ac_node=1586,compute_delay_ns=0"
1778,990,1586,100.0,282308480,28160,,"gs=Shanghai,model=8x8x4,image=78,rq_node=990,ac_node=1586,compute_delay_ns=0"
1779,990,1586,100.0,283336640,28160,,"gs=Shanghai,model=8x8x4,image=79,rq_node=990,ac_node=1586,compute_delay_ns=0"
1780,990,1586,100.0,284364800,28160,,"gs=Shanghai,model=8x8x4,image=80,rq_node=990,ac_node=1586,compute_delay_ns=0"
1781,990,1586,100.0,285392960,28160,,"gs=Shanghai,model=8x8x4,image=81,rq_node=990,ac_node=1586,compute_delay_ns=0"
1782,990,1586,100.0,286421120,28160,,"gs=Shanghai,model=8x8x4,image=82,rq_node=990,ac_node=1586,compute_delay_ns=0"
1783,990,1586,100.0,287449280,28160,,"gs=Shanghai,model=8x8x4,image=83,rq_node=990,ac_node=1586,compute_delay_ns=0"
1784,990,1586,100.0,288477440,28160,,"gs=Shanghai,model=8x8x4,image=84,rq_node=990,ac_node=1586,compute_delay_ns=0"
1785,990,1586,100.0,289505600,28160,,"gs=Shanghai,model=8x8x4,image=85,rq_node=990,ac_node=1586,compute_delay_ns=0"
1786,990,1586,100.0,290533760,28160,,"gs=Shanghai,model=8x8x4,image=86,rq_node=990,ac_node=1586,compute_delay_ns=0"
1787,990,1586,100.0,291561920,28160,,"gs=Shanghai,model=8x8x4,image=87,rq_node=990,ac_node=1586,compute_delay_ns=0"
1788,990,1586,100.0,292590080,28160,,"gs=Shanghai,model=8x8x4,image=88,rq_node=990,ac_node=1586,compute_delay_ns=0"
1789,990,1586,100.0,293618240,28160,,"gs=Shanghai,model=8x8x4,image=89,rq_node=990,ac_node=1586,compute_delay_ns=0"
1790,990,1586,100.0,294646400,28160,,"gs=Shanghai,model=8x8x4,image=90,rq_node=990,ac_node=1586,compute_delay_ns=0"
1791,990,1586,100.0,295674560,28160,,"gs=Shanghai,model=8x8x4,image=91,rq_node=990,ac_node=1586,compute_delay_ns=0"
1792,990,1586,100.0,296702720,28160,,"gs=Shanghai,model=8x8x4,image=92,rq_node=990,ac_node=1586,compute_delay_ns=0"
1793,990,1586,100.0,297730880,28160,,"gs=Shanghai,model=8x8x4,image=93,rq_node=990,ac_node=1586,compute_delay_ns=0"
1794,990,1586,100.0,298759040,28160,,"gs=Shanghai,model=8x8x4,image=94,rq_node=990,ac_node=1586,compute_delay_ns=0"
1795,990,1586,100.0,299787200,28160,,"gs=Shanghai,model=8x8x4,image=95,rq_node=990,ac_node=1586,compute_delay_ns=0"
1796,990,1586,100.0,300815360,28160,,"gs=Shanghai,model=8x8x4,image=96,rq_node=990,ac_node=1586,compute_delay_ns=0"
1797,990,1586,100.0,301843520,28160,,"gs=Shanghai,model=8x8x4,image=97,rq_node=990,ac_node=1586,compute_delay_ns=0"
1798,990,1586,100.0,302871680,28160,,"gs=Shanghai,model=8x8x4,image=98,rq_node=990,ac_node=1586,compute_delay_ns=0"
1799,990,1586,100.0,303899840,28160,,"gs=Shanghai,model=8x8x4,image=99,rq_node=990,ac_node=1586,compute_delay_ns=0"
1800,990,1586,100.0,304928000,56320,,"gs=Shanghai,model=8x8x8,image=0,rq_node=990,ac_node=1586,compute_delay_ns=0"
1801,990,1586,100.0,305984320,56320,,"gs=Shanghai,model=8x8x8,image=1,rq_node=990,ac_node=1586,compute_delay_ns=0"
1802,990,1586,100.0,307040640,56320,,"gs=Shanghai,model=8x8x8,image=2,rq_node=990,ac_node=1586,compute_delay_ns=0"
1803,990,1586,100.0,308096960,56320,,"gs=Shanghai,model=8x8x8,image=3,rq_node=990,ac_node=1586,compute_delay_ns=0"
1804,990,1586,100.0,309153280,56320,,"gs=Shanghai,model=8x8x8,image=4,rq_node=990,ac_node=1586,compute_delay_ns=0"
1805,990,1586,100.0,310209600,56320,,"gs=Shanghai,model=8x8x8,image=5,rq_node=990,ac_node=1586,compute_delay_ns=0"
1806,990,1586,100.0,311265920,56320,,"gs=Shanghai,model=8x8x8,image=6,rq_node=990,ac_node=1586,compute_delay_ns=0"
1807,990,1586,100.0,312322240,56320,,"gs=Shanghai,model=8x8x8,image=7,rq_node=990,ac_node=1586,compute_delay_ns=0"
1808,990,1586,100.0,313378560,56320,,"gs=Shanghai,model=8x8x8,image=8,rq_node=990,ac_node=1586,compute_delay_ns=0"
1809,990,1586,100.0,314434880,56320,,"gs=Shanghai,model=8x8x8,image=9,rq_node=990,ac_node=1586,compute_delay_ns=0"
1810,990,1586,100.0,315491200,56320,,"gs=Shanghai,model=8x8x8,image=10,rq_node=990,ac_node=1586,compute_delay_ns=0"
1811,990,1586,100.0,316547520,56320,,"gs=Shanghai,model=8x8x8,image=11,rq_node=990,ac_node=1586,compute_delay_ns=0"
1812,990,1586,100.0,317603840,56320,,"gs=Shanghai,model=8x8x8,image=12,rq_node=990,ac_node=1586,compute_delay_ns=0"
1813,990,1586,100.0,318660160,56320,,"gs=Shanghai,model=8x8x8,image=13,rq_node=990,ac_node=1586,compute_delay_ns=0"
1814,990,1586,100.0,319716480,56320,,"gs=Shanghai,model=8x8x8,image=14,rq_node=990,ac_node=1586,compute_delay_ns=0"
1815,990,1586,100.0,320772800,56320,,"gs=Shanghai,model=8x8x8,image=15,rq_node=990,ac_node=1586,compute_delay_ns=0"
1816,990,1586,100.0,321829120,56320,,"gs=Shanghai,model=8x8x8,image=16,rq_node=990,ac_node=1586,compute_delay_ns=0"
1817,990,1586,100.0,322885440,56320,,"gs=Shanghai,model=8x8x8,image=17,rq_node=990,ac_node=1586,compute_delay_ns=0"
1818,990,1586,100.0,323941760,56320,,"gs=Shanghai,model=8x8x8,image=18,rq_node=990,ac_node=1586,compute_delay_ns=0"
1819,990,1586,100.0,324998080,56320,,"gs=Shanghai,model=8x8x8,image=19,rq_node=990,ac_node=1586,compute_delay_ns=0"
1820,990,1586,100.0,326054400,56320,,"gs=Shanghai,model=8x8x8,image=20,rq_node=990,ac_node=1586,compute_delay_ns=0"
1821,990,1586,100.0,327110720,56320,,"gs=Shanghai,model=8x8x8,image=21,rq_node=990,ac_node=1586,compute_delay_ns=0"
1822,990,1586,100.0,328167040,56320,,"gs=Shanghai,model=8x8x8,image=22,rq_node=990,ac_node=1586,compute_delay_ns=0"
1823,990,1586,100.0,329223360,56320,,"gs=Shanghai,model=8x8x8,image=23,rq_node=990,ac_node=1586,compute_delay_ns=0"
1824,990,1586,100.0,330279680,56320,,"gs=Shanghai,model=8x8x8,image=24,rq_node=990,ac_node=1586,compute_delay_ns=0"
1825,990,1586,100.0,331336000,56320,,"gs=Shanghai,model=8x8x8,image=25,rq_node=990,ac_node=1586,compute_delay_ns=0"
1826,990,1586,100.0,332392320,56320,,"gs=Shanghai,model=8x8x8,image=26,rq_node=990,ac_node=1586,compute_delay_ns=0"
1827,990,1586,100.0,333448640,56320,,"gs=Shanghai,model=8x8x8,image=27,rq_node=990,ac_node=1586,compute_delay_ns=0"
1828,990,1586,100.0,334504960,56320,,"gs=Shanghai,model=8x8x8,image=28,rq_node=990,ac_node=1586,compute_delay_ns=0"
1829,990,1586,100.0,335561280,56320,,"gs=Shanghai,model=8x8x8,image=29,rq_node=990,ac_node=1586,compute_delay_ns=0"
1830,990,1586,100.0,336617600,56320,,"gs=Shanghai,model=8x8x8,image=30,rq_node=990,ac_node=1586,compute_delay_ns=0"
1831,990,1586,100.0,337673920,56320,,"gs=Shanghai,model=8x8x8,image=31,rq_node=990,ac_node=1586,compute_delay_ns=0"
1832,990,1586,100.0,338730240,56320,,"gs=Shanghai,model=8x8x8,image=32,rq_node=990,ac_node=1586,compute_delay_ns=0"
1833,990,1586,100.0,339786560,56320,,"gs=Shanghai,model=8x8x8,image=33,rq_node=990,ac_node=1586,compute_delay_ns=0"
1834,990,1586,100.0,340842880,56320,,"gs=Shanghai,model=8x8x8,image=34,rq_node=990,ac_node=1586,compute_delay_ns=0"
1835,990,1586,100.0,341899200,56320,,"gs=Shanghai,model=8x8x8,image=35,rq_node=990,ac_node=1586,compute_delay_ns=0"
1836,990,1586,100.0,342955520,56320,,"gs=Shanghai,model=8x8x8,image=36,rq_node=990,ac_node=1586,compute_delay_ns=0"
1837,990,1586,100.0,344011840,56320,,"gs=Shanghai,model=8x8x8,image=37,rq_node=990,ac_node=1586,compute_delay_ns=0"
1838,990,1586,100.0,345068160,56320,,"gs=Shanghai,model=8x8x8,image=38,rq_node=990,ac_node=1586,compute_delay_ns=0"
1839,990,1586,100.0,346124480,56320,,"gs=Shanghai,model=8x8x8,image=39,rq_node=990,ac_node=1586,compute_delay_ns=0"
1840,990,1586,100.0,347180800,56320,,"gs=Shanghai,model=8x8x8,image=40,rq_node=990,ac_node=1586,compute_delay_ns=0"
1841,990,1586,100.0,348237120,56320,,"gs=Shanghai,model=8x8x8,image=41,rq_node=990,ac_node=1586,compute_delay_ns=0"
1842,990,1586,100.0,349293440,56320,,"gs=Shanghai,model=8x8x8,image=42,rq_node=990,ac_node=1586,compute_delay_ns=0"
1843,990,1586,100.0,350349760,56320,,"gs=Shanghai,model=8x8x8,image=43,rq_node=990,ac_node=1586,compute_delay_ns=0"
1844,990,1586,100.0,351406080,56320,,"gs=Shanghai,model=8x8x8,image=44,rq_node=990,ac_node=1586,compute_delay_ns=0"
1845,990,1586,100.0,352462400,56320,,"gs=Shanghai,model=8x8x8,image=45,rq_node=990,ac_node=1586,compute_delay_ns=0"
1846,990,1586,100.0,353518720,56320,,"gs=Shanghai,model=8x8x8,image=46,rq_node=990,ac_node=1586,compute_delay_ns=0"
1847,990,1586,100.0,354575040,56320,,"gs=Shanghai,model=8x8x8,image=47,rq_node=990,ac_node=1586,compute_delay_ns=0"
1848,990,1586,100.0,355631360,56320,,"gs=Shanghai,model=8x8x8,image=48,rq_node=990,ac_node=1586,compute_delay_ns=0"
1849,990,1586,100.0,356687680,56320,,"gs=Shanghai,model=8x8x8,image=49,rq_node=990,ac_node=1586,compute_delay_ns=0"
1850,990,1586,100.0,357744000,56320,,"gs=Shanghai,model=8x8x8,image=50,rq_node=990,ac_node=1586,compute_delay_ns=0"
1851,990,1586,100.0,358800320,56320,,"gs=Shanghai,model=8x8x8,image=51,rq_node=990,ac_node=1586,compute_delay_ns=0"
1852,990,1586,100.0,359856640,56320,,"gs=Shanghai,model=8x8x8,image=52,rq_node=990,ac_node=1586,compute_delay_ns=0"
1853,990,1586,100.0,360912960,56320,,"gs=Shanghai,model=8x8x8,image=53,rq_node=990,ac_node=1586,compute_delay_ns=0"
1854,990,1586,100.0,361969280,56320,,"gs=Shanghai,model=8x8x8,image=54,rq_node=990,ac_node=1586,compute_delay_ns=0"
1855,990,1586,100.0,363025600,56320,,"gs=Shanghai,model=8x8x8,image=55,rq_node=990,ac_node=1586,compute_delay_ns=0"
1856,990,1586,100.0,364081920,56320,,"gs=Shanghai,model=8x8x8,image=56,rq_node=990,ac_node=1586,compute_delay_ns=0"
1857,990,1586,100.0,365138240,56320,,"gs=Shanghai,model=8x8x8,image=57,rq_node=990,ac_node=1586,compute_delay_ns=0"
1858,990,1586,100.0,366194560,56320,,"gs=Shanghai,model=8x8x8,image=58,rq_node=990,ac_node=1586,compute_delay_ns=0"
1859,990,1586,100.0,367250880,56320,,"gs=Shanghai,model=8x8x8,image=59,rq_node=990,ac_node=1586,compute_delay_ns=0"
1860,990,1586,100.0,368307200,56320,,"gs=Shanghai,model=8x8x8,image=60,rq_node=990,ac_node=1586,compute_delay_ns=0"
1861,990,1586,100.0,369363520,56320,,"gs=Shanghai,model=8x8x8,image=61,rq_node=990,ac_node=1586,compute_delay_ns=0"
1862,990,1586,100.0,370419840,56320,,"gs=Shanghai,model=8x8x8,image=62,rq_node=990,ac_node=1586,compute_delay_ns=0"
1863,990,1586,100.0,371476160,56320,,"gs=Shanghai,model=8x8x8,image=63,rq_node=990,ac_node=1586,compute_delay_ns=0"
1864,990,1586,100.0,372532480,56320,,"gs=Shanghai,model=8x8x8,image=64,rq_node=990,ac_node=1586,compute_delay_ns=0"
1865,990,1586,100.0,373588800,56320,,"gs=Shanghai,model=8x8x8,image=65,rq_node=990,ac_node=1586,compute_delay_ns=0"
1866,990,1586,100.0,374645120,56320,,"gs=Shanghai,model=8x8x8,image=66,rq_node=990,ac_node=1586,compute_delay_ns=0"
1867,990,1586,100.0,375701440,56320,,"gs=Shanghai,model=8x8x8,image=67,rq_node=990,ac_node=1586,compute_delay_ns=0"
1868,990,1586,100.0,376757760,56320,,"gs=Shanghai,model=8x8x8,image=68,rq_node=990,ac_node=1586,compute_delay_ns=0"
1869,990,1586,100.0,377814080,56320,,"gs=Shanghai,model=8x8x8,image=69,rq_node=990,ac_node=1586,compute_delay_ns=0"
1870,990,1586,100.0,378870400,56320,,"gs=Shanghai,model=8x8x8,image=70,rq_node=990,ac_node=1586,compute_delay_ns=0"
1871,990,1586,100.0,379926720,56320,,"gs=Shanghai,model=8x8x8,image=71,rq_node=990,ac_node=1586,compute_delay_ns=0"
1872,990,1586,100.0,380983040,56320,,"gs=Shanghai,model=8x8x8,image=72,rq_node=990,ac_node=1586,compute_delay_ns=0"
1873,990,1586,100.0,382039360,56320,,"gs=Shanghai,model=8x8x8,image=73,rq_node=990,ac_node=1586,compute_delay_ns=0"
1874,990,1586,100.0,383095680,56320,,"gs=Shanghai,model=8x8x8,image=74,rq_node=990,ac_node=1586,compute_delay_ns=0"
1875,990,1586,100.0,384152000,56320,,"gs=Shanghai,model=8x8x8,image=75,rq_node=990,ac_node=1586,compute_delay_ns=0"
1876,990,1586,100.0,385208320,56320,,"gs=Shanghai,model=8x8x8,image=76,rq_node=990,ac_node=1586,compute_delay_ns=0"
1877,990,1586,100.0,386264640,56320,,"gs=Shanghai,model=8x8x8,image=77,rq_node=990,ac_node=1586,compute_delay_ns=0"
1878,990,1586,100.0,387320960,56320,,"gs=Shanghai,model=8x8x8,image=78,rq_node=990,ac_node=1586,compute_delay_ns=0"
1879,990,1586,100.0,388377280,56320,,"gs=Shanghai,model=8x8x8,image=79,rq_node=990,ac_node=1586,compute_delay_ns=0"
1880,990,1586,100.0,389433600,56320,,"gs=Shanghai,model=8x8x8,image=80,rq_node=990,ac_node=1586,compute_delay_ns=0"
1881,990,1586,100.0,390489920,56320,,"gs=Shanghai,model=8x8x8,image=81,rq_node=990,ac_node=1586,compute_delay_ns=0"
1882,990,1586,100.0,391546240,56320,,"gs=Shanghai,model=8x8x8,image=82,rq_node=990,ac_node=1586,compute_delay_ns=0"
1883,990,1586,100.0,392602560,56320,,"gs=Shanghai,model=8x8x8,image=83,rq_node=990,ac_node=1586,compute_delay_ns=0"
1884,990,1586,100.0,393658880,56320,,"gs=Shanghai,model=8x8x8,image=84,rq_node=990,ac_node=1586,compute_delay_ns=0"
1885,990,1586,100.0,394715200,56320,,"gs=Shanghai,model=8x8x8,image=85,rq_node=990,ac_node=1586,compute_delay_ns=0"
1886,990,1586,100.0,395771520,56320,,"gs=Shanghai,model=8x8x8,image=86,rq_node=990,ac_node=1586,compute_delay_ns=0"
1887,990,1586,100.0,396827840,56320,,"gs=Shanghai,model=8x8x8,image=87,rq_node=990,ac_node=1586,compute_delay_ns=0"
1888,990,1586,100.0,397884160,56320,,"gs=Shanghai,model=8x8x8,image=88,rq_node=990,ac_node=1586,compute_delay_ns=0"
1889,990,1586,100.0,398940480,56320,,"gs=Shanghai,model=8x8x8,image=89,rq_node=990,ac_node=1586,compute_delay_ns=0"
1890,990,1586,100.0,399996800,56320,,"gs=Shanghai,model=8x8x8,image=90,rq_node=990,ac_node=1586,compute_delay_ns=0"
1891,990,1586,100.0,401053120,56320,,"gs=Shanghai,model=8x8x8,image=91,rq_node=990,ac_node=1586,compute_delay_ns=0"
1892,990,1586,100.0,402109440,56320,,"gs=Shanghai,model=8x8x8,image=92,rq_node=990,ac_node=1586,compute_delay_ns=0"
1893,990,1586,100.0,403165760,56320,,"gs=Shanghai,model=8x8x8,image=93,rq_node=990,ac_node=1586,compute_delay_ns=0"
1894,990,1586,100.0,404222080,56320,,"gs=Shanghai,model=8x8x8,image=94,rq_node=990,ac_node=1586,compute_delay_ns=0"
1895,990,1586,100.0,405278400,56320,,"gs=Shanghai,model=8x8x8,image=95,rq_node=990,ac_node=1586,compute_delay_ns=0"
1896,990,1586,100.0,406334720,56320,,"gs=Shanghai,model=8x8x8,image=96,rq_node=990,ac_node=1586,compute_delay_ns=0"
1897,990,1586,100.0,407391040,56320,,"gs=Shanghai,model=8x8x8,image=97,rq_node=990,ac_node=1586,compute_delay_ns=0"
1898,990,1586,100.0,408447360,56320,,"gs=Shanghai,model=8x8x8,image=98,rq_node=990,ac_node=1586,compute_delay_ns=0"
1899,990,1586,100.0,409503680,56320,,"gs=Shanghai,model=8x8x8,image=99,rq_node=990,ac_node=1586,compute_delay_ns=0"
1900,990,1586,100.0,410560000,112640,,"gs=Shanghai,model=8x8x16,image=0,rq_node=990,ac_node=1586,compute_delay_ns=0"
1901,990,1586,100.0,411672640,112640,,"gs=Shanghai,model=8x8x16,image=1,rq_node=990,ac_node=1586,compute_delay_ns=0"
1902,990,1586,100.0,412785280,112640,,"gs=Shanghai,model=8x8x16,image=2,rq_node=990,ac_node=1586,compute_delay_ns=0"
1903,990,1586,100.0,413897920,112640,,"gs=Shanghai,model=8x8x16,image=3,rq_node=990,ac_node=1586,compute_delay_ns=0"
1904,990,1586,100.0,415010560,112640,,"gs=Shanghai,model=8x8x16,image=4,rq_node=990,ac_node=1586,compute_delay_ns=0"
1905,990,1586,100.0,416123200,112640,,"gs=Shanghai,model=8x8x16,image=5,rq_node=990,ac_node=1586,compute_delay_ns=0"
1906,990,1586,100.0,417235840,112640,,"gs=Shanghai,model=8x8x16,image=6,rq_node=990,ac_node=1586,compute_delay_ns=0"
1907,990,1586,100.0,418348480,112640,,"gs=Shanghai,model=8x8x16,image=7,rq_node=990,ac_node=1586,compute_delay_ns=0"
1908,990,1586,100.0,419461120,112640,,"gs=Shanghai,model=8x8x16,image=8,rq_node=990,ac_node=1586,compute_delay_ns=0"
1909,990,1586,100.0,420573760,112640,,"gs=Shanghai,model=8x8x16,image=9,rq_node=990,ac_node=1586,compute_delay_ns=0"
1910,990,1586,100.0,421686400,112640,,"gs=Shanghai,model=8x8x16,image=10,rq_node=990,ac_node=1586,compute_delay_ns=0"
1911,990,1586,100.0,422799040,112640,,"gs=Shanghai,model=8x8x16,image=11,rq_node=990,ac_node=1586,compute_delay_ns=0"
1912,990,1586,100.0,423911680,112640,,"gs=Shanghai,model=8x8x16,image=12,rq_node=990,ac_node=1586,compute_delay_ns=0"
1913,990,1586,100.0,425024320,112640,,"gs=Shanghai,model=8x8x16,image=13,rq_node=990,ac_node=1586,compute_delay_ns=0"
1914,990,1586,100.0,426136960,112640,,"gs=Shanghai,model=8x8x16,image=14,rq_node=990,ac_node=1586,compute_delay_ns=0"
1915,990,1586,100.0,427249600,112640,,"gs=Shanghai,model=8x8x16,image=15,rq_node=990,ac_node=1586,compute_delay_ns=0"
1916,990,1586,100.0,428362240,112640,,"gs=Shanghai,model=8x8x16,image=16,rq_node=990,ac_node=1586,compute_delay_ns=0"
1917,990,1586,100.0,429474880,112640,,"gs=Shanghai,model=8x8x16,image=17,rq_node=990,ac_node=1586,compute_delay_ns=0"
1918,990,1586,100.0,430587520,112640,,"gs=Shanghai,model=8x8x16,image=18,rq_node=990,ac_node=1586,compute_delay_ns=0"
1919,990,1586,100.0,431700160,112640,,"gs=Shanghai,model=8x8x16,image=19,rq_node=990,ac_node=1586,compute_delay_ns=0"
1920,990,1586,100.0,432812800,112640,,"gs=Shanghai,model=8x8x16,image=20,rq_node=990,ac_node=1586,compute_delay_ns=0"
1921,990,1586,100.0,433925440,112640,,"gs=Shanghai,model=8x8x16,image=21,rq_node=990,ac_node=1586,compute_delay_ns=0"
1922,990,1586,100.0,435038080,112640,,"gs=Shanghai,model=8x8x16,image=22,rq_node=990,ac_node=1586,compute_delay_ns=0"
1923,990,1586,100.0,436150720,112640,,"gs=Shanghai,model=8x8x16,image=23,rq_node=990,ac_node=1586,compute_delay_ns=0"
1924,990,1586,100.0,437263360,112640,,"gs=Shanghai,model=8x8x16,image=24,rq_node=990,ac_node=1586,compute_delay_ns=0"
1925,990,1586,100.0,438376000,112640,,"gs=Shanghai,model=8x8x16,image=25,rq_node=990,ac_node=1586,compute_delay_ns=0"
1926,990,1586,100.0,439488640,112640,,"gs=Shanghai,model=8x8x16,image=26,rq_node=990,ac_node=1586,compute_delay_ns=0"
1927,990,1586,100.0,440601280,112640,,"gs=Shanghai,model=8x8x16,image=27,rq_node=990,ac_node=1586,compute_delay_ns=0"
1928,990,1586,100.0,441713920,112640,,"gs=Shanghai,model=8x8x16,image=28,rq_node=990,ac_node=1586,compute_delay_ns=0"
1929,990,1586,100.0,442826560,112640,,"gs=Shanghai,model=8x8x16,image=29,rq_node=990,ac_node=1586,compute_delay_ns=0"
1930,990,1586,100.0,443939200,112640,,"gs=Shanghai,model=8x8x16,image=30,rq_node=990,ac_node=1586,compute_delay_ns=0"
1931,990,1586,100.0,445051840,112640,,"gs=Shanghai,model=8x8x16,image=31,rq_node=990,ac_node=1586,compute_delay_ns=0"
1932,990,1586,100.0,446164480,112640,,"gs=Shanghai,model=8x8x16,image=32,rq_node=990,ac_node=1586,compute_delay_ns=0"
1933,990,1586,100.0,447277120,112640,,"gs=Shanghai,model=8x8x16,image=33,rq_node=990,ac_node=1586,compute_delay_ns=0"
1934,990,1586,100.0,448389760,112640,,"gs=Shanghai,model=8x8x16,image=34,rq_node=990,ac_node=1586,compute_delay_ns=0"
1935,990,1586,100.0,449502400,112640,,"gs=Shanghai,model=8x8x16,image=35,rq_node=990,ac_node=1586,compute_delay_ns=0"
1936,990,1586,100.0,450615040,112640,,"gs=Shanghai,model=8x8x16,image=36,rq_node=990,ac_node=1586,compute_delay_ns=0"
1937,990,1586,100.0,451727680,112640,,"gs=Shanghai,model=8x8x16,image=37,rq_node=990,ac_node=1586,compute_delay_ns=0"
1938,990,1586,100.0,452840320,112640,,"gs=Shanghai,model=8x8x16,image=38,rq_node=990,ac_node=1586,compute_delay_ns=0"
1939,990,1586,100.0,453952960,112640,,"gs=Shanghai,model=8x8x16,image=39,rq_node=990,ac_node=1586,compute_delay_ns=0"
1940,990,1586,100.0,455065600,112640,,"gs=Shanghai,model=8x8x16,image=40,rq_node=990,ac_node=1586,compute_delay_ns=0"
1941,990,1586,100.0,456178240,112640,,"gs=Shanghai,model=8x8x16,image=41,rq_node=990,ac_node=1586,compute_delay_ns=0"
1942,990,1586,100.0,457290880,112640,,"gs=Shanghai,model=8x8x16,image=42,rq_node=990,ac_node=1586,compute_delay_ns=0"
1943,990,1586,100.0,458403520,112640,,"gs=Shanghai,model=8x8x16,image=43,rq_node=990,ac_node=1586,compute_delay_ns=0"
1944,990,1586,100.0,459516160,112640,,"gs=Shanghai,model=8x8x16,image=44,rq_node=990,ac_node=1586,compute_delay_ns=0"
1945,990,1586,100.0,460628800,112640,,"gs=Shanghai,model=8x8x16,image=45,rq_node=990,ac_node=1586,compute_delay_ns=0"
1946,990,1586,100.0,461741440,112640,,"gs=Shanghai,model=8x8x16,image=46,rq_node=990,ac_node=1586,compute_delay_ns=0"
1947,990,1586,100.0,462854080,112640,,"gs=Shanghai,model=8x8x16,image=47,rq_node=990,ac_node=1586,compute_delay_ns=0"
1948,990,1586,100.0,463966720,112640,,"gs=Shanghai,model=8x8x16,image=48,rq_node=990,ac_node=1586,compute_delay_ns=0"
1949,990,1586,100.0,465079360,112640,,"gs=Shanghai,model=8x8x16,image=49,rq_node=990,ac_node=1586,compute_delay_ns=0"
1950,990,1586,100.0,466192000,112640,,"gs=Shanghai,model=8x8x16,image=50,rq_node=990,ac_node=1586,compute_delay_ns=0"
1951,990,1586,100.0,467304640,112640,,"gs=Shanghai,model=8x8x16,image=51,rq_node=990,ac_node=1586,compute_delay_ns=0"
1952,990,1586,100.0,468417280,112640,,"gs=Shanghai,model=8x8x16,image=52,rq_node=990,ac_node=1586,compute_delay_ns=0"
1953,990,1586,100.0,469529920,112640,,"gs=Shanghai,model=8x8x16,image=53,rq_node=990,ac_node=1586,compute_delay_ns=0"
1954,990,1586,100.0,470642560,112640,,"gs=Shanghai,model=8x8x16,image=54,rq_node=990,ac_node=1586,compute_delay_ns=0"
1955,990,1586,100.0,471755200,112640,,"gs=Shanghai,model=8x8x16,image=55,rq_node=990,ac_node=1586,compute_delay_ns=0"
1956,990,1586,100.0,472867840,112640,,"gs=Shanghai,model=8x8x16,image=56,rq_node=990,ac_node=1586,compute_delay_ns=0"
1957,990,1586,100.0,473980480,112640,,"gs=Shanghai,model=8x8x16,image=57,rq_node=990,ac_node=1586,compute_delay_ns=0"
1958,990,1586,100.0,475093120,112640,,"gs=Shanghai,model=8x8x16,image=58,rq_node=990,ac_node=1586,compute_delay_ns=0"
1959,990,1586,100.0,476205760,112640,,"gs=Shanghai,model=8x8x16,image=59,rq_node=990,ac_node=1586,compute_delay_ns=0"
1960,990,1586,100.0,477318400,112640,,"gs=Shanghai,model=8x8x16,image=60,rq_node=990,ac_node=1586,compute_delay_ns=0"
1961,990,1586,100.0,478431040,112640,,"gs=Shanghai,model=8x8x16,image=61,rq_node=990,ac_node=1586,compute_delay_ns=0"
1962,990,1586,100.0,479543680,112640,,"gs=Shanghai,model=8x8x16,image=62,rq_node=990,ac_node=1586,compute_delay_ns=0"
1963,990,1586,100.0,480656320,112640,,"gs=Shanghai,model=8x8x16,image=63,rq_node=990,ac_node=1586,compute_delay_ns=0"
1964,990,1586,100.0,481768960,112640,,"gs=Shanghai,model=8x8x16,image=64,rq_node=990,ac_node=1586,compute_delay_ns=0"
1965,990,1586,100.0,482881600,112640,,"gs=Shanghai,model=8x8x16,image=65,rq_node=990,ac_node=1586,compute_delay_ns=0"
1966,990,1586,100.0,483994240,112640,,"gs=Shanghai,model=8x8x16,image=66,rq_node=990,ac_node=1586,compute_delay_ns=0"
1967,990,1586,100.0,485106880,112640,,"gs=Shanghai,model=8x8x16,image=67,rq_node=990,ac_node=1586,compute_delay_ns=0"
1968,990,1586,100.0,486219520,112640,,"gs=Shanghai,model=8x8x16,image=68,rq_node=990,ac_node=1586,compute_delay_ns=0"
1969,990,1586,100.0,487332160,112640,,"gs=Shanghai,model=8x8x16,image=69,rq_node=990,ac_node=1586,compute_delay_ns=0"
1970,990,1586,100.0,488444800,112640,,"gs=Shanghai,model=8x8x16,image=70,rq_node=990,ac_node=1586,compute_delay_ns=0"
1971,990,1586,100.0,489557440,112640,,"gs=Shanghai,model=8x8x16,image=71,rq_node=990,ac_node=1586,compute_delay_ns=0"
1972,990,1586,100.0,490670080,112640,,"gs=Shanghai,model=8x8x16,image=72,rq_node=990,ac_node=1586,compute_delay_ns=0"
1973,990,1586,100.0,491782720,112640,,"gs=Shanghai,model=8x8x16,image=73,rq_node=990,ac_node=1586,compute_delay_ns=0"
1974,990,1586,100.0,492895360,112640,,"gs=Shanghai,model=8x8x16,image=74,rq_node=990,ac_node=1586,compute_delay_ns=0"
1975,990,1586,100.0,494008000,112640,,"gs=Shanghai,model=8x8x16,image=75,rq_node=990,ac_node=1586,compute_delay_ns=0"
1976,990,1586,100.0,495120640,112640,,"gs=Shanghai,model=8x8x16,image=76,rq_node=990,ac_node=1586,compute_delay_ns=0"
1977,990,1586,100.0,496233280,112640,,"gs=Shanghai,model=8x8x16,image=77,rq_node=990,ac_node=1586,compute_delay_ns=0"
1978,990,1586,100.0,497345920,112640,,"gs=Shanghai,model=8x8x16,image=78,rq_node=990,ac_node=1586,compute_delay_ns=0"
1979,990,1586,100.0,498458560,112640,,"gs=Shanghai,model=8x8x16,image=79,rq_node=990,ac_node=1586,compute_delay_ns=0"
1980,990,1586,100.0,499571200,112640,,"gs=Shanghai,model=8x8x16,image=80,rq_node=990,ac_node=1586,compute_delay_ns=0"
1981,990,1586,100.0,500683840,112640,,"gs=Shanghai,model=8x8x16,image=81,rq_node=990,ac_node=1586,compute_delay_ns=0"
1982,990,1586,100.0,501796480,112640,,"gs=Shanghai,model=8x8x16,image=82,rq_node=990,ac_node=1586,compute_delay_ns=0"
1983,990,1586,100.0,502909120,112640,,"gs=Shanghai,model=8x8x16,image=83,rq_node=990,ac_node=1586,compute_delay_ns=0"
1984,990,1586,100.0,504021760,112640,,"gs=Shanghai,model=8x8x16,image=84,rq_node=990,ac_node=1586,compute_delay_ns=0"
1985,990,1586,100.0,505134400,112640,,"gs=Shanghai,model=8x8x16,image=85,rq_node=990,ac_node=1586,compute_delay_ns=0"
1986,990,1586,100.0,506247040,112640,,"gs=Shanghai,model=8x8x16,image=86,rq_node=990,ac_node=1586,compute_delay_ns=0"
1987,990,1586,100.0,507359680,112640,,"gs=Shanghai,model=8x8x16,image=87,rq_node=990,ac_node=1586,compute_delay_ns=0"
1988,990,1586,100.0,508472320,112640,,"gs=Shanghai,model=8x8x16,image=88,rq_node=990,ac_node=1586,compute_delay_ns=0"
1989,990,1586,100.0,509584960,112640,,"gs=Shanghai,model=8x8x16,image=89,rq_node=990,ac_node=1586,compute_delay_ns=0"
1990,990,1586,100.0,510697600,112640,,"gs=Shanghai,model=8x8x16,image=90,rq_node=990,ac_node=1586,compute_delay_ns=0"
1991,990,1586,100.0,511810240,112640,,"gs=Shanghai,model=8x8x16,image=91,rq_node=990,ac_node=1586,compute_delay_ns=0"
1992,990,1586,100.0,512922880,112640,,"gs=Shanghai,model=8x8x16,image=92,rq_node=990,ac_node=1586,compute_delay_ns=0"
1993,990,1586,100.0,514035520,112640,,"gs=Shanghai,model=8x8x16,image=93,rq_node=990,ac_node=1586,compute_delay_ns=0"
1994,990,1586,100.0,515148160,112640,,"gs=Shanghai,model=8x8x16,image=94,rq_node=990,ac_node=1586,compute_delay_ns=0"
1995,990,1586,100.0,516260800,112640,,"gs=Shanghai,model=8x8x16,image=95,rq_node=990,ac_node=1586,compute_delay_ns=0"
1996,990,1586,100.0,517373440,112640,,"gs=Shanghai,model=8x8x16,image=96,rq_node=990,ac_node=1586,compute_delay_ns=0"
1997,990,1586,100.0,518486080,112640,,"gs=Shanghai,model=8x8x16,image=97,rq_node=990,ac_node=1586,compute_delay_ns=0"
1998,990,1586,100.0,519598720,112640,,"gs=Shanghai,model=8x8x16,image=98,rq_node=990,ac_node=1586,compute_delay_ns=0"
1999,990,1586,100.0,520711360,112640,,"gs=Shanghai,model=8x8x16,image=99,rq_node=990,ac_node=1586,compute_delay_ns=0"
2000,1320,1584,100.0,0,7040,,"gs=Tokyo,model=8x8x1,image=0,rq_node=1320,ac_node=1584,compute_delay_ns=0"
2001,1320,1584,100.0,1007040,7040,,"gs=Tokyo,model=8x8x1,image=1,rq_node=1320,ac_node=1584,compute_delay_ns=0"
2002,1320,1584,100.0,2014080,7040,,"gs=Tokyo,model=8x8x1,image=2,rq_node=1320,ac_node=1584,compute_delay_ns=0"
2003,1320,1584,100.0,3021120,7040,,"gs=Tokyo,model=8x8x1,image=3,rq_node=1320,ac_node=1584,compute_delay_ns=0"
2004,1320,1584,100.0,4028160,7040,,"gs=Tokyo,model=8x8x1,image=4,rq_node=1320,ac_node=1584,compute_delay_ns=0"
2005,1320,1584,100.0,5035200,7040,,"gs=Tokyo,model=8x8x1,image=5,rq_node=1320,ac_node=1584,compute_delay_ns=0"
2006,1320,1584,100.0,6042240,7040,,"gs=Tokyo,model=8x8x1,image=6,rq_node=1320,ac_node=1584,compute_delay_ns=0"
2007,1320,1584,100.0,7049280,7040,,"gs=Tokyo,model=8x8x1,image=7,rq_node=1320,ac_node=1584,compute_delay_ns=0"
2008,1320,1584,100.0,8056320,7040,,"gs=Tokyo,model=8x8x1,image=8,rq_node=1320,ac_node=1584,compute_delay_ns=0"
2009,1320,1584,100.0,9063360,7040,,"gs=Tokyo,model=8x8x1,image=9,rq_node=1320,ac_node=1584,compute_delay_ns=0"
2010,1320,1584,100.0,10070400,7040,,"gs=Tokyo,model=8x8x1,image=10,rq_node=1320,ac_node=1584,compute_delay_ns=0"
2011,1320,1584,100.0,11077440,7040,,"gs=Tokyo,model=8x8x1,image=11,rq_node=1320,ac_node=1584,compute_delay_ns=0"
2012,1320,1584,100.0,12084480,7040,,"gs=Tokyo,model=8x8x1,image=12,rq_node=1320,ac_node=1584,compute_delay_ns=0"
2013,1320,1584,100.0,13091520,7040,,"gs=Tokyo,model=8x8x1,image=13,rq_node=1320,ac_node=1584,compute_delay_ns=0"
2014,1320,1584,100.0,14098560,7040,,"gs=Tokyo,model=8x8x1,image=14,rq_node=1320,ac_node=1584,compute_delay_ns=0"
2015,1320,1584,100.0,15105600,7040,,"gs=Tokyo,model=8x8x1,image=15,rq_node=1320,ac_node=1584,compute_delay_ns=0"
2016,1320,1584,100.0,16112640,7040,,"gs=Tokyo,model=8x8x1,image=16,rq_node=1320,ac_node=1584,compute_delay_ns=0"
2017,1320,1584,100.0,17119680,7040,,"gs=Tokyo,model=8x8x1,image=17,rq_node=1320,ac_node=1584,compute_delay_ns=0"
2018,1320,1584,100.0,18126720,7040,,"gs=Tokyo,model=8x8x1,image=18,rq_node=1320,ac_node=1584,compute_delay_ns=0"
2019,1320,1584,100.0,19133760,7040,,"gs=Tokyo,model=8x8x1,image=19,rq_node=1320,ac_node=1584,compute_delay_ns=0"
2020,1320,1584,100.0,20140800,7040,,"gs=Tokyo,model=8x8x1,image=20,rq_node=1320,ac_node=1584,compute_delay_ns=0"
2021,1320,1584,100.0,21147840,7040,,"gs=Tokyo,model=8x8x1,image=21,rq_node=1320,ac_node=1584,compute_delay_ns=0"
2022,1320,1584,100.0,22154880,7040,,"gs=Tokyo,model=8x8x1,image=22,rq_node=1320,ac_node=1584,compute_delay_ns=0"
2023,1320,1584,100.0,23161920,7040,,"gs=Tokyo,model=8x8x1,image=23,rq_node=1320,ac_node=1584,compute_delay_ns=0"
2024,1320,1584,100.0,24168960,7040,,"gs=Tokyo,model=8x8x1,image=24,rq_node=1320,ac_node=1584,compute_delay_ns=0"
2025,1320,1584,100.0,25176000,7040,,"gs=Tokyo,model=8x8x1,image=25,rq_node=1320,ac_node=1584,compute_delay_ns=0"
2026,1320,1584,100.0,26183040,7040,,"gs=Tokyo,model=8x8x1,image=26,rq_node=1320,ac_node=1584,compute_delay_ns=0"
2027,1320,1584,100.0,27190080,7040,,"gs=Tokyo,model=8x8x1,image=27,rq_node=1320,ac_node=1584,compute_delay_ns=0"
2028,1320,1584,100.0,28197120,7040,,"gs=Tokyo,model=8x8x1,image=28,rq_node=1320,ac_node=1584,compute_delay_ns=0"
2029,1320,1584,100.0,29204160,7040,,"gs=Tokyo,model=8x8x1,image=29,rq_node=1320,ac_node=1584,compute_delay_ns=0"
2030,1320,1584,100.0,30211200,7040,,"gs=Tokyo,model=8x8x1,image=30,rq_node=1320,ac_node=1584,compute_delay_ns=0"
2031,1320,1584,100.0,31218240,7040,,"gs=Tokyo,model=8x8x1,image=31,rq_node=1320,ac_node=1584,compute_delay_ns=0"
2032,1320,1584,100.0,32225280,7040,,"gs=Tokyo,model=8x8x1,image=32,rq_node=1320,ac_node=1584,compute_delay_ns=0"
2033,1320,1584,100.0,33232320,7040,,"gs=Tokyo,model=8x8x1,image=33,rq_node=1320,ac_node=1584,compute_delay_ns=0"
2034,1320,1584,100.0,34239360,7040,,"gs=Tokyo,model=8x8x1,image=34,rq_node=1320,ac_node=1584,compute_delay_ns=0"
2035,1320,1584,100.0,35246400,7040,,"gs=Tokyo,model=8x8x1,image=35,rq_node=1320,ac_node=1584,compute_delay_ns=0"
2036,1320,1584,100.0,36253440,7040,,"gs=Tokyo,model=8x8x1,image=36,rq_node=1320,ac_node=1584,compute_delay_ns=0"
2037,1320,1584,100.0,37260480,7040,,"gs=Tokyo,model=8x8x1,image=37,rq_node=1320,ac_node=1584,compute_delay_ns=0"
2038,1320,1584,100.0,38267520,7040,,"gs=Tokyo,model=8x8x1,image=38,rq_node=1320,ac_node=1584,compute_delay_ns=0"
2039,1320,1584,100.0,39274560,7040,,"gs=Tokyo,model=8x8x1,image=39,rq_node=1320,ac_node=1584,compute_delay_ns=0"
2040,1320,1584,100.0,40281600,7040,,"gs=Tokyo,model=8x8x1,image=40,rq_node=1320,ac_node=1584,compute_delay_ns=0"
2041,1320,1584,100.0,41288640,7040,,"gs=Tokyo,model=8x8x1,image=41,rq_node=1320,ac_node=1584,compute_delay_ns=0"
2042,1320,1584,100.0,42295680,7040,,"gs=Tokyo,model=8x8x1,image=42,rq_node=1320,ac_node=1584,compute_delay_ns=0"
2043,1320,1584,100.0,43302720,7040,,"gs=Tokyo,model=8x8x1,image=43,rq_node=1320,ac_node=1584,compute_delay_ns=0"
2044,1320,1584,100.0,44309760,7040,,"gs=Tokyo,model=8x8x1,image=44,rq_node=1320,ac_node=1584,compute_delay_ns=0"
2045,1320,1584,100.0,45316800,7040,,"gs=Tokyo,model=8x8x1,image=45,rq_node=1320,ac_node=1584,compute_delay_ns=0"
2046,1320,1584,100.0,46323840,7040,,"gs=Tokyo,model=8x8x1,image=46,rq_node=1320,ac_node=1584,compute_delay_ns=0"
2047,1320,1584,100.0,47330880,7040,,"gs=Tokyo,model=8x8x1,image=47,rq_node=1320,ac_node=1584,compute_delay_ns=0"
2048,1320,1584,100.0,48337920,7040,,"gs=Tokyo,model=8x8x1,image=48,rq_node=1320,ac_node=1584,compute_delay_ns=0"
2049,1320,1584,100.0,49344960,7040,,"gs=Tokyo,model=8x8x1,image=49,rq_node=1320,ac_node=1584,compute_delay_ns=0"
2050,1320,1584,100.0,50352000,7040,,"gs=Tokyo,model=8x8x1,image=50,rq_node=1320,ac_node=1584,compute_delay_ns=0"
2051,1320,1584,100.0,51359040,7040,,"gs=Tokyo,model=8x8x1,image=51,rq_node=1320,ac_node=1584,compute_delay_ns=0"
2052,1320,1584,100.0,52366080,7040,,"gs=Tokyo,model=8x8x1,image=52,rq_node=1320,ac_node=1584,compute_delay_ns=0"
2053,1320,1584,100.0,53373120,7040,,"gs=Tokyo,model=8x8x1,image=53,rq_node=1320,ac_node=1584,compute_delay_ns=0"
2054,1320,1584,100.0,54380160,7040,,"gs=Tokyo,model=8x8x1,image=54,rq_node=1320,ac_node=1584,compute_delay_ns=0"
2055,1320,1584,100.0,55387200,7040,,"gs=Tokyo,model=8x8x1,image=55,rq_node=1320,ac_node=1584,compute_delay_ns=0"
2056,1320,1584,100.0,56394240,7040,,"gs=Tokyo,model=8x8x1,image=56,rq_node=1320,ac_node=1584,compute_delay_ns=0"
2057,1320,1584,100.0,57401280,7040,,"gs=Tokyo,model=8x8x1,image=57,rq_node=1320,ac_node=1584,compute_delay_ns=0"
2058,1320,1584,100.0,58408320,7040,,"gs=Tokyo,model=8x8x1,image=58,rq_node=1320,ac_node=1584,compute_delay_ns=0"
2059,1320,1584,100.0,59415360,7040,,"gs=Tokyo,model=8x8x1,image=59,rq_node=1320,ac_node=1584,compute_delay_ns=0"
2060,1320,1584,100.0,60422400,7040,,"gs=Tokyo,model=8x8x1,image=60,rq_node=1320,ac_node=1584,compute_delay_ns=0"
2061,1320,1584,100.0,61429440,7040,,"gs=Tokyo,model=8x8x1,image=61,rq_node=1320,ac_node=1584,compute_delay_ns=0"
2062,1320,1584,100.0,62436480,7040,,"gs=Tokyo,model=8x8x1,image=62,rq_node=1320,ac_node=1584,compute_delay_ns=0"
2063,1320,1584,100.0,63443520,7040,,"gs=Tokyo,model=8x8x1,image=63,rq_node=1320,ac_node=1584,compute_delay_ns=0"
2064,1320,1584,100.0,64450560,7040,,"gs=Tokyo,model=8x8x1,image=64,rq_node=1320,ac_node=1584,compute_delay_ns=0"
2065,1320,1584,100.0,65457600,7040,,"gs=Tokyo,model=8x8x1,image=65,rq_node=1320,ac_node=1584,compute_delay_ns=0"
2066,1320,1584,100.0,66464640,7040,,"gs=Tokyo,model=8x8x1,image=66,rq_node=1320,ac_node=1584,compute_delay_ns=0"
2067,1320,1584,100.0,67471680,7040,,"gs=Tokyo,model=8x8x1,image=67,rq_node=1320,ac_node=1584,compute_delay_ns=0"
2068,1320,1584,100.0,68478720,7040,,"gs=Tokyo,model=8x8x1,image=68,rq_node=1320,ac_node=1584,compute_delay_ns=0"
2069,1320,1584,100.0,69485760,7040,,"gs=Tokyo,model=8x8x1,image=69,rq_node=1320,ac_node=1584,compute_delay_ns=0"
2070,1320,1584,100.0,70492800,7040,,"gs=Tokyo,model=8x8x1,image=70,rq_node=1320,ac_node=1584,compute_delay_ns=0"
2071,1320,1584,100.0,71499840,7040,,"gs=Tokyo,model=8x8x1,image=71,rq_node=1320,ac_node=1584,compute_delay_ns=0"
2072,1320,1584,100.0,72506880,7040,,"gs=Tokyo,model=8x8x1,image=72,rq_node=1320,ac_node=1584,compute_delay_ns=0"
2073,1320,1584,100.0,73513920,7040,,"gs=Tokyo,model=8x8x1,image=73,rq_node=1320,ac_node=1584,compute_delay_ns=0"
2074,1320,1584,100.0,74520960,7040,,"gs=Tokyo,model=8x8x1,image=74,rq_node=1320,ac_node=1584,compute_delay_ns=0"
2075,1320,1584,100.0,75528000,7040,,"gs=Tokyo,model=8x8x1,image=75,rq_node=1320,ac_node=1584,compute_delay_ns=0"
2076,1320,1584,100.0,76535040,7040,,"gs=Tokyo,model=8x8x1,image=76,rq_node=1320,ac_node=1584,compute_delay_ns=0"
2077,1320,1584,100.0,77542080,7040,,"gs=Tokyo,model=8x8x1,image=77,rq_node=1320,ac_node=1584,compute_delay_ns=0"
2078,1320,1584,100.0,78549120,7040,,"gs=Tokyo,model=8x8x1,image=78,rq_node=1320,ac_node=1584,compute_delay_ns=0"
2079,1320,1584,100.0,79556160,7040,,"gs=Tokyo,model=8x8x1,image=79,rq_node=1320,ac_node=1584,compute_delay_ns=0"
2080,1320,1584,100.0,80563200,7040,,"gs=Tokyo,model=8x8x1,image=80,rq_node=1320,ac_node=1584,compute_delay_ns=0"
2081,1320,1584,100.0,81570240,7040,,"gs=Tokyo,model=8x8x1,image=81,rq_node=1320,ac_node=1584,compute_delay_ns=0"
2082,1320,1584,100.0,82577280,7040,,"gs=Tokyo,model=8x8x1,image=82,rq_node=1320,ac_node=1584,compute_delay_ns=0"
2083,1320,1584,100.0,83584320,7040,,"gs=Tokyo,model=8x8x1,image=83,rq_node=1320,ac_node=1584,compute_delay_ns=0"
2084,1320,1584,100.0,84591360,7040,,"gs=Tokyo,model=8x8x1,image=84,rq_node=1320,ac_node=1584,compute_delay_ns=0"
2085,1320,1584,100.0,85598400,7040,,"gs=Tokyo,model=8x8x1,image=85,rq_node=1320,ac_node=1584,compute_delay_ns=0"
2086,1320,1584,100.0,86605440,7040,,"gs=Tokyo,model=8x8x1,image=86,rq_node=1320,ac_node=1584,compute_delay_ns=0"
2087,1320,1584,100.0,87612480,7040,,"gs=Tokyo,model=8x8x1,image=87,rq_node=1320,ac_node=1584,compute_delay_ns=0"
2088,1320,1584,100.0,88619520,7040,,"gs=Tokyo,model=8x8x1,image=88,rq_node=1320,ac_node=1584,compute_delay_ns=0"
2089,1320,1584,100.0,89626560,7040,,"gs=Tokyo,model=8x8x1,image=89,rq_node=1320,ac_node=1584,compute_delay_ns=0"
2090,1320,1584,100.0,90633600,7040,,"gs=Tokyo,model=8x8x1,image=90,rq_node=1320,ac_node=1584,compute_delay_ns=0"
2091,1320,1584,100.0,91640640,7040,,"gs=Tokyo,model=8x8x1,image=91,rq_node=1320,ac_node=1584,compute_delay_ns=0"
2092,1320,1584,100.0,92647680,7040,,"gs=Tokyo,model=8x8x1,image=92,rq_node=1320,ac_node=1584,compute_delay_ns=0"
2093,1320,1584,100.0,93654720,7040,,"gs=Tokyo,model=8x8x1,image=93,rq_node=1320,ac_node=1584,compute_delay_ns=0"
2094,1320,1584,100.0,94661760,7040,,"gs=Tokyo,model=8x8x1,image=94,rq_node=1320,ac_node=1584,compute_delay_ns=0"
2095,1320,1584,100.0,95668800,7040,,"gs=Tokyo,model=8x8x1,image=95,rq_node=1320,ac_node=1584,compute_delay_ns=0"
2096,1320,1584,100.0,96675840,7040,,"gs=Tokyo,model=8x8x1,image=96,rq_node=1320,ac_node=1584,compute_delay_ns=0"
2097,1320,1584,100.0,97682880,7040,,"gs=Tokyo,model=8x8x1,image=97,rq_node=1320,ac_node=1584,compute_delay_ns=0"
2098,1320,1584,100.0,98689920,7040,,"gs=Tokyo,model=8x8x1,image=98,rq_node=1320,ac_node=1584,compute_delay_ns=0"
2099,1320,1584,100.0,99696960,7040,,"gs=Tokyo,model=8x8x1,image=99,rq_node=1320,ac_node=1584,compute_delay_ns=0"
2100,1320,1584,100.0,100704000,14080,,"gs=Tokyo,model=8x8x2,image=0,rq_node=1320,ac_node=1584,compute_delay_ns=0"
2101,1320,1584,100.0,101718080,14080,,"gs=Tokyo,model=8x8x2,image=1,rq_node=1320,ac_node=1584,compute_delay_ns=0"
2102,1320,1584,100.0,102732160,14080,,"gs=Tokyo,model=8x8x2,image=2,rq_node=1320,ac_node=1584,compute_delay_ns=0"
2103,1320,1584,100.0,103746240,14080,,"gs=Tokyo,model=8x8x2,image=3,rq_node=1320,ac_node=1584,compute_delay_ns=0"
2104,1320,1584,100.0,104760320,14080,,"gs=Tokyo,model=8x8x2,image=4,rq_node=1320,ac_node=1584,compute_delay_ns=0"
2105,1320,1584,100.0,105774400,14080,,"gs=Tokyo,model=8x8x2,image=5,rq_node=1320,ac_node=1584,compute_delay_ns=0"
2106,1320,1584,100.0,106788480,14080,,"gs=Tokyo,model=8x8x2,image=6,rq_node=1320,ac_node=1584,compute_delay_ns=0"
2107,1320,1584,100.0,107802560,14080,,"gs=Tokyo,model=8x8x2,image=7,rq_node=1320,ac_node=1584,compute_delay_ns=0"
2108,1320,1584,100.0,108816640,14080,,"gs=Tokyo,model=8x8x2,image=8,rq_node=1320,ac_node=1584,compute_delay_ns=0"
2109,1320,1584,100.0,109830720,14080,,"gs=Tokyo,model=8x8x2,image=9,rq_node=1320,ac_node=1584,compute_delay_ns=0"
2110,1320,1584,100.0,110844800,14080,,"gs=Tokyo,model=8x8x2,image=10,rq_node=1320,ac_node=1584,compute_delay_ns=0"
2111,1320,1584,100.0,111858880,14080,,"gs=Tokyo,model=8x8x2,image=11,rq_node=1320,ac_node=1584,compute_delay_ns=0"
2112,1320,1584,100.0,112872960,14080,,"gs=Tokyo,model=8x8x2,image=12,rq_node=1320,ac_node=1584,compute_delay_ns=0"
2113,1320,1584,100.0,113887040,14080,,"gs=Tokyo,model=8x8x2,image=13,rq_node=1320,ac_node=1584,compute_delay_ns=0"
2114,1320,1584,100.0,114901120,14080,,"gs=Tokyo,model=8x8x2,image=14,rq_node=1320,ac_node=1584,compute_delay_ns=0"
2115,1320,1584,100.0,115915200,14080,,"gs=Tokyo,model=8x8x2,image=15,rq_node=1320,ac_node=1584,compute_delay_ns=0"
2116,1320,1584,100.0,116929280,14080,,"gs=Tokyo,model=8x8x2,image=16,rq_node=1320,ac_node=1584,compute_delay_ns=0"
2117,1320,1584,100.0,117943360,14080,,"gs=Tokyo,model=8x8x2,image=17,rq_node=1320,ac_node=1584,compute_delay_ns=0"
2118,1320,1584,100.0,118957440,14080,,"gs=Tokyo,model=8x8x2,image=18,rq_node=1320,ac_node=1584,compute_delay_ns=0"
2119,1320,1584,100.0,119971520,14080,,"gs=Tokyo,model=8x8x2,image=19,rq_node=1320,ac_node=1584,compute_delay_ns=0"
2120,1320,1584,100.0,120985600,14080,,"gs=Tokyo,model=8x8x2,image=20,rq_node=1320,ac_node=1584,compute_delay_ns=0"
2121,1320,1584,100.0,121999680,14080,,"gs=Tokyo,model=8x8x2,image=21,rq_node=1320,ac_node=1584,compute_delay_ns=0"
2122,1320,1584,100.0,123013760,14080,,"gs=Tokyo,model=8x8x2,image=22,rq_node=1320,ac_node=1584,compute_delay_ns=0"
2123,1320,1584,100.0,124027840,14080,,"gs=Tokyo,model=8x8x2,image=23,rq_node=1320,ac_node=1584,compute_delay_ns=0"
2124,1320,1584,100.0,125041920,14080,,"gs=Tokyo,model=8x8x2,image=24,rq_node=1320,ac_node=1584,compute_delay_ns=0"
2125,1320,1584,100.0,126056000,14080,,"gs=Tokyo,model=8x8x2,image=25,rq_node=1320,ac_node=1584,compute_delay_ns=0"
2126,1320,1584,100.0,127070080,14080,,"gs=Tokyo,model=8x8x2,image=26,rq_node=1320,ac_node=1584,compute_delay_ns=0"
2127,1320,1584,100.0,128084160,14080,,"gs=Tokyo,model=8x8x2,image=27,rq_node=1320,ac_node=1584,compute_delay_ns=0"
2128,1320,1584,100.0,129098240,14080,,"gs=Tokyo,model=8x8x2,image=28,rq_node=1320,ac_node=1584,compute_delay_ns=0"
2129,1320,1584,100.0,130112320,14080,,"gs=Tokyo,model=8x8x2,image=29,rq_node=1320,ac_node=1584,compute_delay_ns=0"
2130,1320,1584,100.0,131126400,14080,,"gs=Tokyo,model=8x8x2,image=30,rq_node=1320,ac_node=1584,compute_delay_ns=0"
2131,1320,1584,100.0,132140480,14080,,"gs=Tokyo,model=8x8x2,image=31,rq_node=1320,ac_node=1584,compute_delay_ns=0"
2132,1320,1584,100.0,133154560,14080,,"gs=Tokyo,model=8x8x2,image=32,rq_node=1320,ac_node=1584,compute_delay_ns=0"
2133,1320,1584,100.0,134168640,14080,,"gs=Tokyo,model=8x8x2,image=33,rq_node=1320,ac_node=1584,compute_delay_ns=0"
2134,1320,1584,100.0,135182720,14080,,"gs=Tokyo,model=8x8x2,image=34,rq_node=1320,ac_node=1584,compute_delay_ns=0"
2135,1320,1584,100.0,136196800,14080,,"gs=Tokyo,model=8x8x2,image=35,rq_node=1320,ac_node=1584,compute_delay_ns=0"
2136,1320,1584,100.0,137210880,14080,,"gs=Tokyo,model=8x8x2,image=36,rq_node=1320,ac_node=1584,compute_delay_ns=0"
2137,1320,1584,100.0,138224960,14080,,"gs=Tokyo,model=8x8x2,image=37,rq_node=1320,ac_node=1584,compute_delay_ns=0"
2138,1320,1584,100.0,139239040,14080,,"gs=Tokyo,model=8x8x2,image=38,rq_node=1320,ac_node=1584,compute_delay_ns=0"
2139,1320,1584,100.0,140253120,14080,,"gs=Tokyo,model=8x8x2,image=39,rq_node=1320,ac_node=1584,compute_delay_ns=0"
2140,1320,1584,100.0,141267200,14080,,"gs=Tokyo,model=8x8x2,image=40,rq_node=1320,ac_node=1584,compute_delay_ns=0"
2141,1320,1584,100.0,142281280,14080,,"gs=Tokyo,model=8x8x2,image=41,rq_node=1320,ac_node=1584,compute_delay_ns=0"
2142,1320,1584,100.0,143295360,14080,,"gs=Tokyo,model=8x8x2,image=42,rq_node=1320,ac_node=1584,compute_delay_ns=0"
2143,1320,1584,100.0,144309440,14080,,"gs=Tokyo,model=8x8x2,image=43,rq_node=1320,ac_node=1584,compute_delay_ns=0"
2144,1320,1584,100.0,145323520,14080,,"gs=Tokyo,model=8x8x2,image=44,rq_node=1320,ac_node=1584,compute_delay_ns=0"
2145,1320,1584,100.0,146337600,14080,,"gs=Tokyo,model=8x8x2,image=45,rq_node=1320,ac_node=1584,compute_delay_ns=0"
2146,1320,1584,100.0,147351680,14080,,"gs=Tokyo,model=8x8x2,image=46,rq_node=1320,ac_node=1584,compute_delay_ns=0"
2147,1320,1584,100.0,148365760,14080,,"gs=Tokyo,model=8x8x2,image=47,rq_node=1320,ac_node=1584,compute_delay_ns=0"
2148,1320,1584,100.0,149379840,14080,,"gs=Tokyo,model=8x8x2,image=48,rq_node=1320,ac_node=1584,compute_delay_ns=0"
2149,1320,1584,100.0,150393920,14080,,"gs=Tokyo,model=8x8x2,image=49,rq_node=1320,ac_node=1584,compute_delay_ns=0"
2150,1320,1584,100.0,151408000,14080,,"gs=Tokyo,model=8x8x2,image=50,rq_node=1320,ac_node=1584,compute_delay_ns=0"
2151,1320,1584,100.0,152422080,14080,,"gs=Tokyo,model=8x8x2,image=51,rq_node=1320,ac_node=1584,compute_delay_ns=0"
2152,1320,1584,100.0,153436160,14080,,"gs=Tokyo,model=8x8x2,image=52,rq_node=1320,ac_node=1584,compute_delay_ns=0"
2153,1320,1584,100.0,154450240,14080,,"gs=Tokyo,model=8x8x2,image=53,rq_node=1320,ac_node=1584,compute_delay_ns=0"
2154,1320,1584,100.0,155464320,14080,,"gs=Tokyo,model=8x8x2,image=54,rq_node=1320,ac_node=1584,compute_delay_ns=0"
2155,1320,1584,100.0,156478400,14080,,"gs=Tokyo,model=8x8x2,image=55,rq_node=1320,ac_node=1584,compute_delay_ns=0"
2156,1320,1584,100.0,157492480,14080,,"gs=Tokyo,model=8x8x2,image=56,rq_node=1320,ac_node=1584,compute_delay_ns=0"
2157,1320,1584,100.0,158506560,14080,,"gs=Tokyo,model=8x8x2,image=57,rq_node=1320,ac_node=1584,compute_delay_ns=0"
2158,1320,1584,100.0,159520640,14080,,"gs=Tokyo,model=8x8x2,image=58,rq_node=1320,ac_node=1584,compute_delay_ns=0"
2159,1320,1584,100.0,160534720,14080,,"gs=Tokyo,model=8x8x2,image=59,rq_node=1320,ac_node=1584,compute_delay_ns=0"
2160,1320,1584,100.0,161548800,14080,,"gs=Tokyo,model=8x8x2,image=60,rq_node=1320,ac_node=1584,compute_delay_ns=0"
2161,1320,1584,100.0,162562880,14080,,"gs=Tokyo,model=8x8x2,image=61,rq_node=1320,ac_node=1584,compute_delay_ns=0"
2162,1320,1584,100.0,163576960,14080,,"gs=Tokyo,model=8x8x2,image=62,rq_node=1320,ac_node=1584,compute_delay_ns=0"
2163,1320,1584,100.0,164591040,14080,,"gs=Tokyo,model=8x8x2,image=63,rq_node=1320,ac_node=1584,compute_delay_ns=0"
2164,1320,1584,100.0,165605120,14080,,"gs=Tokyo,model=8x8x2,image=64,rq_node=1320,ac_node=1584,compute_delay_ns=0"
2165,1320,1584,100.0,166619200,14080,,"gs=Tokyo,model=8x8x2,image=65,rq_node=1320,ac_node=1584,compute_delay_ns=0"
2166,1320,1584,100.0,167633280,14080,,"gs=Tokyo,model=8x8x2,image=66,rq_node=1320,ac_node=1584,compute_delay_ns=0"
2167,1320,1584,100.0,168647360,14080,,"gs=Tokyo,model=8x8x2,image=67,rq_node=1320,ac_node=1584,compute_delay_ns=0"
2168,1320,1584,100.0,169661440,14080,,"gs=Tokyo,model=8x8x2,image=68,rq_node=1320,ac_node=1584,compute_delay_ns=0"
2169,1320,1584,100.0,170675520,14080,,"gs=Tokyo,model=8x8x2,image=69,rq_node=1320,ac_node=1584,compute_delay_ns=0"
2170,1320,1584,100.0,171689600,14080,,"gs=Tokyo,model=8x8x2,image=70,rq_node=1320,ac_node=1584,compute_delay_ns=0"
2171,1320,1584,100.0,172703680,14080,,"gs=Tokyo,model=8x8x2,image=71,rq_node=1320,ac_node=1584,compute_delay_ns=0"
2172,1320,1584,100.0,173717760,14080,,"gs=Tokyo,model=8x8x2,image=72,rq_node=1320,ac_node=1584,compute_delay_ns=0"
2173,1320,1584,100.0,174731840,14080,,"gs=Tokyo,model=8x8x2,image=73,rq_node=1320,ac_node=1584,compute_delay_ns=0"
2174,1320,1584,100.0,175745920,14080,,"gs=Tokyo,model=8x8x2,image=74,rq_node=1320,ac_node=1584,compute_delay_ns=0"
2175,1320,1584,100.0,176760000,14080,,"gs=Tokyo,model=8x8x2,image=75,rq_node=1320,ac_node=1584,compute_delay_ns=0"
2176,1320,1584,100.0,177774080,14080,,"gs=Tokyo,model=8x8x2,image=76,rq_node=1320,ac_node=1584,compute_delay_ns=0"
2177,1320,1584,100.0,178788160,14080,,"gs=Tokyo,model=8x8x2,image=77,rq_node=1320,ac_node=1584,compute_delay_ns=0"
2178,1320,1584,100.0,179802240,14080,,"gs=Tokyo,model=8x8x2,image=78,rq_node=1320,ac_node=1584,compute_delay_ns=0"
2179,1320,1584,100.0,180816320,14080,,"gs=Tokyo,model=8x8x2,image=79,rq_node=1320,ac_node=1584,compute_delay_ns=0"
2180,1320,1584,100.0,181830400,14080,,"gs=Tokyo,model=8x8x2,image=80,rq_node=1320,ac_node=1584,compute_delay_ns=0"
2181,1320,1584,100.0,182844480,14080,,"gs=Tokyo,model=8x8x2,image=81,rq_node=1320,ac_node=1584,compute_delay_ns=0"
2182,1320,1584,100.0,183858560,14080,,"gs=Tokyo,model=8x8x2,image=82,rq_node=1320,ac_node=1584,compute_delay_ns=0"
2183,1320,1584,100.0,184872640,14080,,"gs=Tokyo,model=8x8x2,image=83,rq_node=1320,ac_node=1584,compute_delay_ns=0"
2184,1320,1584,100.0,185886720,14080,,"gs=Tokyo,model=8x8x2,image=84,rq_node=1320,ac_node=1584,compute_delay_ns=0"
2185,1320,1584,100.0,186900800,14080,,"gs=Tokyo,model=8x8x2,image=85,rq_node=1320,ac_node=1584,compute_delay_ns=0"
2186,1320,1584,100.0,187914880,14080,,"gs=Tokyo,model=8x8x2,image=86,rq_node=1320,ac_node=1584,compute_delay_ns=0"
2187,1320,1584,100.0,188928960,14080,,"gs=Tokyo,model=8x8x2,image=87,rq_node=1320,ac_node=1584,compute_delay_ns=0"
2188,1320,1584,100.0,189943040,14080,,"gs=Tokyo,model=8x8x2,image=88,rq_node=1320,ac_node=1584,compute_delay_ns=0"
2189,1320,1584,100.0,190957120,14080,,"gs=Tokyo,model=8x8x2,image=89,rq_node=1320,ac_node=1584,compute_delay_ns=0"
2190,1320,1584,100.0,191971200,14080,,"gs=Tokyo,model=8x8x2,image=90,rq_node=1320,ac_node=1584,compute_delay_ns=0"
2191,1320,1584,100.0,192985280,14080,,"gs=Tokyo,model=8x8x2,image=91,rq_node=1320,ac_node=1584,compute_delay_ns=0"
2192,1320,1584,100.0,193999360,14080,,"gs=Tokyo,model=8x8x2,image=92,rq_node=1320,ac_node=1584,compute_delay_ns=0"
2193,1320,1584,100.0,195013440,14080,,"gs=Tokyo,model=8x8x2,image=93,rq_node=1320,ac_node=1584,compute_delay_ns=0"
2194,1320,1584,100.0,196027520,14080,,"gs=Tokyo,model=8x8x2,image=94,rq_node=1320,ac_node=1584,compute_delay_ns=0"
2195,1320,1584,100.0,197041600,14080,,"gs=Tokyo,model=8x8x2,image=95,rq_node=1320,ac_node=1584,compute_delay_ns=0"
2196,1320,1584,100.0,198055680,14080,,"gs=Tokyo,model=8x8x2,image=96,rq_node=1320,ac_node=1584,compute_delay_ns=0"
2197,1320,1584,100.0,199069760,14080,,"gs=Tokyo,model=8x8x2,image=97,rq_node=1320,ac_node=1584,compute_delay_ns=0"
2198,1320,1584,100.0,200083840,14080,,"gs=Tokyo,model=8x8x2,image=98,rq_node=1320,ac_node=1584,compute_delay_ns=0"
2199,1320,1584,100.0,201097920,14080,,"gs=Tokyo,model=8x8x2,image=99,rq_node=1320,ac_node=1584,compute_delay_ns=0"
2200,1320,1584,100.0,202112000,28160,,"gs=Tokyo,model=8x8x4,image=0,rq_node=1320,ac_node=1584,compute_delay_ns=0"
2201,1320,1584,100.0,203140160,28160,,"gs=Tokyo,model=8x8x4,image=1,rq_node=1320,ac_node=1584,compute_delay_ns=0"
2202,1320,1584,100.0,204168320,28160,,"gs=Tokyo,model=8x8x4,image=2,rq_node=1320,ac_node=1584,compute_delay_ns=0"
2203,1320,1584,100.0,205196480,28160,,"gs=Tokyo,model=8x8x4,image=3,rq_node=1320,ac_node=1584,compute_delay_ns=0"
2204,1320,1584,100.0,206224640,28160,,"gs=Tokyo,model=8x8x4,image=4,rq_node=1320,ac_node=1584,compute_delay_ns=0"
2205,1320,1584,100.0,207252800,28160,,"gs=Tokyo,model=8x8x4,image=5,rq_node=1320,ac_node=1584,compute_delay_ns=0"
2206,1320,1584,100.0,208280960,28160,,"gs=Tokyo,model=8x8x4,image=6,rq_node=1320,ac_node=1584,compute_delay_ns=0"
2207,1320,1584,100.0,209309120,28160,,"gs=Tokyo,model=8x8x4,image=7,rq_node=1320,ac_node=1584,compute_delay_ns=0"
2208,1320,1584,100.0,210337280,28160,,"gs=Tokyo,model=8x8x4,image=8,rq_node=1320,ac_node=1584,compute_delay_ns=0"
2209,1320,1584,100.0,211365440,28160,,"gs=Tokyo,model=8x8x4,image=9,rq_node=1320,ac_node=1584,compute_delay_ns=0"
2210,1320,1584,100.0,212393600,28160,,"gs=Tokyo,model=8x8x4,image=10,rq_node=1320,ac_node=1584,compute_delay_ns=0"
2211,1320,1584,100.0,213421760,28160,,"gs=Tokyo,model=8x8x4,image=11,rq_node=1320,ac_node=1584,compute_delay_ns=0"
2212,1320,1584,100.0,214449920,28160,,"gs=Tokyo,model=8x8x4,image=12,rq_node=1320,ac_node=1584,compute_delay_ns=0"
2213,1320,1584,100.0,215478080,28160,,"gs=Tokyo,model=8x8x4,image=13,rq_node=1320,ac_node=1584,compute_delay_ns=0"
2214,1320,1584,100.0,216506240,28160,,"gs=Tokyo,model=8x8x4,image=14,rq_node=1320,ac_node=1584,compute_delay_ns=0"
2215,1320,1584,100.0,217534400,28160,,"gs=Tokyo,model=8x8x4,image=15,rq_node=1320,ac_node=1584,compute_delay_ns=0"
2216,1320,1584,100.0,218562560,28160,,"gs=Tokyo,model=8x8x4,image=16,rq_node=1320,ac_node=1584,compute_delay_ns=0"
2217,1320,1584,100.0,219590720,28160,,"gs=Tokyo,model=8x8x4,image=17,rq_node=1320,ac_node=1584,compute_delay_ns=0"
2218,1320,1584,100.0,220618880,28160,,"gs=Tokyo,model=8x8x4,image=18,rq_node=1320,ac_node=1584,compute_delay_ns=0"
2219,1320,1584,100.0,221647040,28160,,"gs=Tokyo,model=8x8x4,image=19,rq_node=1320,ac_node=1584,compute_delay_ns=0"
2220,1320,1584,100.0,222675200,28160,,"gs=Tokyo,model=8x8x4,image=20,rq_node=1320,ac_node=1584,compute_delay_ns=0"
2221,1320,1584,100.0,223703360,28160,,"gs=Tokyo,model=8x8x4,image=21,rq_node=1320,ac_node=1584,compute_delay_ns=0"
2222,1320,1584,100.0,224731520,28160,,"gs=Tokyo,model=8x8x4,image=22,rq_node=1320,ac_node=1584,compute_delay_ns=0"
2223,1320,1584,100.0,225759680,28160,,"gs=Tokyo,model=8x8x4,image=23,rq_node=1320,ac_node=1584,compute_delay_ns=0"
2224,1320,1584,100.0,226787840,28160,,"gs=Tokyo,model=8x8x4,image=24,rq_node=1320,ac_node=1584,compute_delay_ns=0"
2225,1320,1584,100.0,227816000,28160,,"gs=Tokyo,model=8x8x4,image=25,rq_node=1320,ac_node=1584,compute_delay_ns=0"
2226,1320,1584,100.0,228844160,28160,,"gs=Tokyo,model=8x8x4,image=26,rq_node=1320,ac_node=1584,compute_delay_ns=0"
2227,1320,1584,100.0,229872320,28160,,"gs=Tokyo,model=8x8x4,image=27,rq_node=1320,ac_node=1584,compute_delay_ns=0"
2228,1320,1584,100.0,230900480,28160,,"gs=Tokyo,model=8x8x4,image=28,rq_node=1320,ac_node=1584,compute_delay_ns=0"
2229,1320,1584,100.0,231928640,28160,,"gs=Tokyo,model=8x8x4,image=29,rq_node=1320,ac_node=1584,compute_delay_ns=0"
2230,1320,1584,100.0,232956800,28160,,"gs=Tokyo,model=8x8x4,image=30,rq_node=1320,ac_node=1584,compute_delay_ns=0"
2231,1320,1584,100.0,233984960,28160,,"gs=Tokyo,model=8x8x4,image=31,rq_node=1320,ac_node=1584,compute_delay_ns=0"
2232,1320,1584,100.0,235013120,28160,,"gs=Tokyo,model=8x8x4,image=32,rq_node=1320,ac_node=1584,compute_delay_ns=0"
2233,1320,1584,100.0,236041280,28160,,"gs=Tokyo,model=8x8x4,image=33,rq_node=1320,ac_node=1584,compute_delay_ns=0"
2234,1320,1584,100.0,237069440,28160,,"gs=Tokyo,model=8x8x4,image=34,rq_node=1320,ac_node=1584,compute_delay_ns=0"
2235,1320,1584,100.0,238097600,28160,,"gs=Tokyo,model=8x8x4,image=35,rq_node=1320,ac_node=1584,compute_delay_ns=0"
2236,1320,1584,100.0,239125760,28160,,"gs=Tokyo,model=8x8x4,image=36,rq_node=1320,ac_node=1584,compute_delay_ns=0"
2237,1320,1584,100.0,240153920,28160,,"gs=Tokyo,model=8x8x4,image=37,rq_node=1320,ac_node=1584,compute_delay_ns=0"
2238,1320,1584,100.0,241182080,28160,,"gs=Tokyo,model=8x8x4,image=38,rq_node=1320,ac_node=1584,compute_delay_ns=0"
2239,1320,1584,100.0,242210240,28160,,"gs=Tokyo,model=8x8x4,image=39,rq_node=1320,ac_node=1584,compute_delay_ns=0"
2240,1320,1584,100.0,243238400,28160,,"gs=Tokyo,model=8x8x4,image=40,rq_node=1320,ac_node=1584,compute_delay_ns=0"
2241,1320,1584,100.0,244266560,28160,,"gs=Tokyo,model=8x8x4,image=41,rq_node=1320,ac_node=1584,compute_delay_ns=0"
2242,1320,1584,100.0,245294720,28160,,"gs=Tokyo,model=8x8x4,image=42,rq_node=1320,ac_node=1584,compute_delay_ns=0"
2243,1320,1584,100.0,246322880,28160,,"gs=Tokyo,model=8x8x4,image=43,rq_node=1320,ac_node=1584,compute_delay_ns=0"
2244,1320,1584,100.0,247351040,28160,,"gs=Tokyo,model=8x8x4,image=44,rq_node=1320,ac_node=1584,compute_delay_ns=0"
2245,1320,1584,100.0,248379200,28160,,"gs=Tokyo,model=8x8x4,image=45,rq_node=1320,ac_node=1584,compute_delay_ns=0"
2246,1320,1584,100.0,249407360,28160,,"gs=Tokyo,model=8x8x4,image=46,rq_node=1320,ac_node=1584,compute_delay_ns=0"
2247,1320,1584,100.0,250435520,28160,,"gs=Tokyo,model=8x8x4,image=47,rq_node=1320,ac_node=1584,compute_delay_ns=0"
2248,1320,1584,100.0,251463680,28160,,"gs=Tokyo,model=8x8x4,image=48,rq_node=1320,ac_node=1584,compute_delay_ns=0"
2249,1320,1584,100.0,252491840,28160,,"gs=Tokyo,model=8x8x4,image=49,rq_node=1320,ac_node=1584,compute_delay_ns=0"
2250,1320,1584,100.0,253520000,28160,,"gs=Tokyo,model=8x8x4,image=50,rq_node=1320,ac_node=1584,compute_delay_ns=0"
2251,1320,1584,100.0,254548160,28160,,"gs=Tokyo,model=8x8x4,image=51,rq_node=1320,ac_node=1584,compute_delay_ns=0"
2252,1320,1584,100.0,255576320,28160,,"gs=Tokyo,model=8x8x4,image=52,rq_node=1320,ac_node=1584,compute_delay_ns=0"
2253,1320,1584,100.0,256604480,28160,,"gs=Tokyo,model=8x8x4,image=53,rq_node=1320,ac_node=1584,compute_delay_ns=0"
2254,1320,1584,100.0,257632640,28160,,"gs=Tokyo,model=8x8x4,image=54,rq_node=1320,ac_node=1584,compute_delay_ns=0"
2255,1320,1584,100.0,258660800,28160,,"gs=Tokyo,model=8x8x4,image=55,rq_node=1320,ac_node=1584,compute_delay_ns=0"
2256,1320,1584,100.0,259688960,28160,,"gs=Tokyo,model=8x8x4,image=56,rq_node=1320,ac_node=1584,compute_delay_ns=0"
2257,1320,1584,100.0,260717120,28160,,"gs=Tokyo,model=8x8x4,image=57,rq_node=1320,ac_node=1584,compute_delay_ns=0"
2258,1320,1584,100.0,261745280,28160,,"gs=Tokyo,model=8x8x4,image=58,rq_node=1320,ac_node=1584,compute_delay_ns=0"
2259,1320,1584,100.0,262773440,28160,,"gs=Tokyo,model=8x8x4,image=59,rq_node=1320,ac_node=1584,compute_delay_ns=0"
2260,1320,1584,100.0,263801600,28160,,"gs=Tokyo,model=8x8x4,image=60,rq_node=1320,ac_node=1584,compute_delay_ns=0"
2261,1320,1584,100.0,264829760,28160,,"gs=Tokyo,model=8x8x4,image=61,rq_node=1320,ac_node=1584,compute_delay_ns=0"
2262,1320,1584,100.0,265857920,28160,,"gs=Tokyo,model=8x8x4,image=62,rq_node=1320,ac_node=1584,compute_delay_ns=0"
2263,1320,1584,100.0,266886080,28160,,"gs=Tokyo,model=8x8x4,image=63,rq_node=1320,ac_node=1584,compute_delay_ns=0"
2264,1320,1584,100.0,267914240,28160,,"gs=Tokyo,model=8x8x4,image=64,rq_node=1320,ac_node=1584,compute_delay_ns=0"
2265,1320,1584,100.0,268942400,28160,,"gs=Tokyo,model=8x8x4,image=65,rq_node=1320,ac_node=1584,compute_delay_ns=0"
2266,1320,1584,100.0,269970560,28160,,"gs=Tokyo,model=8x8x4,image=66,rq_node=1320,ac_node=1584,compute_delay_ns=0"
2267,1320,1584,100.0,270998720,28160,,"gs=Tokyo,model=8x8x4,image=67,rq_node=1320,ac_node=1584,compute_delay_ns=0"
2268,1320,1584,100.0,272026880,28160,,"gs=Tokyo,model=8x8x4,image=68,rq_node=1320,ac_node=1584,compute_delay_ns=0"
2269,1320,1584,100.0,273055040,28160,,"gs=Tokyo,model=8x8x4,image=69,rq_node=1320,ac_node=1584,compute_delay_ns=0"
2270,1320,1584,100.0,274083200,28160,,"gs=Tokyo,model=8x8x4,image=70,rq_node=1320,ac_node=1584,compute_delay_ns=0"
2271,1320,1584,100.0,275111360,28160,,"gs=Tokyo,model=8x8x4,image=71,rq_node=1320,ac_node=1584,compute_delay_ns=0"
2272,1320,1584,100.0,276139520,28160,,"gs=Tokyo,model=8x8x4,image=72,rq_node=1320,ac_node=1584,compute_delay_ns=0"
2273,1320,1584,100.0,277167680,28160,,"gs=Tokyo,model=8x8x4,image=73,rq_node=1320,ac_node=1584,compute_delay_ns=0"
2274,1320,1584,100.0,278195840,28160,,"gs=Tokyo,model=8x8x4,image=74,rq_node=1320,ac_node=1584,compute_delay_ns=0"
2275,1320,1584,100.0,279224000,28160,,"gs=Tokyo,model=8x8x4,image=75,rq_node=1320,ac_node=1584,compute_delay_ns=0"
2276,1320,1584,100.0,280252160,28160,,"gs=Tokyo,model=8x8x4,image=76,rq_node=1320,ac_node=1584,compute_delay_ns=0"
2277,1320,1584,100.0,281280320,28160,,"gs=Tokyo,model=8x8x4,image=77,rq_node=1320,ac_node=1584,compute_delay_ns=0"
2278,1320,1584,100.0,282308480,28160,,"gs=Tokyo,model=8x8x4,image=78,rq_node=1320,ac_node=1584,compute_delay_ns=0"
2279,1320,1584,100.0,283336640,28160,,"gs=Tokyo,model=8x8x4,image=79,rq_node=1320,ac_node=1584,compute_delay_ns=0"
2280,1320,1584,100.0,284364800,28160,,"gs=Tokyo,model=8x8x4,image=80,rq_node=1320,ac_node=1584,compute_delay_ns=0"
2281,1320,1584,100.0,285392960,28160,,"gs=Tokyo,model=8x8x4,image=81,rq_node=1320,ac_node=1584,compute_delay_ns=0"
2282,1320,1584,100.0,286421120,28160,,"gs=Tokyo,model=8x8x4,image=82,rq_node=1320,ac_node=1584,compute_delay_ns=0"
2283,1320,1584,100.0,287449280,28160,,"gs=Tokyo,model=8x8x4,image=83,rq_node=1320,ac_node=1584,compute_delay_ns=0"
2284,1320,1584,100.0,288477440,28160,,"gs=Tokyo,model=8x8x4,image=84,rq_node=1320,ac_node=1584,compute_delay_ns=0"
2285,1320,1584,100.0,289505600,28160,,"gs=Tokyo,model=8x8x4,image=85,rq_node=1320,ac_node=1584,compute_delay_ns=0"
2286,1320,1584,100.0,290533760,28160,,"gs=Tokyo,model=8x8x4,image=86,rq_node=1320,ac_node=1584,compute_delay_ns=0"
2287,1320,1584,100.0,291561920,28160,,"gs=Tokyo,model=8x8x4,image=87,rq_node=1320,ac_node=1584,compute_delay_ns=0"
2288,1320,1584,100.0,292590080,28160,,"gs=Tokyo,model=8x8x4,image=88,rq_node=1320,ac_node=1584,compute_delay_ns=0"
2289,1320,1584,100.0,293618240,28160,,"gs=Tokyo,model=8x8x4,image=89,rq_node=1320,ac_node=1584,compute_delay_ns=0"
2290,1320,1584,100.0,294646400,28160,,"gs=Tokyo,model=8x8x4,image=90,rq_node=1320,ac_node=1584,compute_delay_ns=0"
2291,1320,1584,100.0,295674560,28160,,"gs=Tokyo,model=8x8x4,image=91,rq_node=1320,ac_node=1584,compute_delay_ns=0"
2292,1320,1584,100.0,296702720,28160,,"gs=Tokyo,model=8x8x4,image=92,rq_node=1320,ac_node=1584,compute_delay_ns=0"
2293,1320,1584,100.0,297730880,28160,,"gs=Tokyo,model=8x8x4,image=93,rq_node=1320,ac_node=1584,compute_delay_ns=0"
2294,1320,1584,100.0,298759040,28160,,"gs=Tokyo,model=8x8x4,image=94,rq_node=1320,ac_node=1584,compute_delay_ns=0"
2295,1320,1584,100.0,299787200,28160,,"gs=Tokyo,model=8x8x4,image=95,rq_node=1320,ac_node=1584,compute_delay_ns=0"
2296,1320,1584,100.0,300815360,28160,,"gs=Tokyo,model=8x8x4,image=96,rq_node=1320,ac_node=1584,compute_delay_ns=0"
2297,1320,1584,100.0,301843520,28160,,"gs=Tokyo,model=8x8x4,image=97,rq_node=1320,ac_node=1584,compute_delay_ns=0"
2298,1320,1584,100.0,302871680,28160,,"gs=Tokyo,model=8x8x4,image=98,rq_node=1320,ac_node=1584,compute_delay_ns=0"
2299,1320,1584,100.0,303899840,28160,,"gs=Tokyo,model=8x8x4,image=99,rq_node=1320,ac_node=1584,compute_delay_ns=0"
2300,1320,1584,100.0,304928000,56320,,"gs=Tokyo,model=8x8x8,image=0,rq_node=1320,ac_node=1584,compute_delay_ns=0"
2301,1320,1584,100.0,305984320,56320,,"gs=Tokyo,model=8x8x8,image=1,rq_node=1320,ac_node=1584,compute_delay_ns=0"
2302,1320,1584,100.0,307040640,56320,,"gs=Tokyo,model=8x8x8,image=2,rq_node=1320,ac_node=1584,compute_delay_ns=0"
2303,1320,1584,100.0,308096960,56320,,"gs=Tokyo,model=8x8x8,image=3,rq_node=1320,ac_node=1584,compute_delay_ns=0"
2304,1320,1584,100.0,309153280,56320,,"gs=Tokyo,model=8x8x8,image=4,rq_node=1320,ac_node=1584,compute_delay_ns=0"
2305,1320,1584,100.0,310209600,56320,,"gs=Tokyo,model=8x8x8,image=5,rq_node=1320,ac_node=1584,compute_delay_ns=0"
2306,1320,1584,100.0,311265920,56320,,"gs=Tokyo,model=8x8x8,image=6,rq_node=1320,ac_node=1584,compute_delay_ns=0"
2307,1320,1584,100.0,312322240,56320,,"gs=Tokyo,model=8x8x8,image=7,rq_node=1320,ac_node=1584,compute_delay_ns=0"
2308,1320,1584,100.0,313378560,56320,,"gs=Tokyo,model=8x8x8,image=8,rq_node=1320,ac_node=1584,compute_delay_ns=0"
2309,1320,1584,100.0,314434880,56320,,"gs=Tokyo,model=8x8x8,image=9,rq_node=1320,ac_node=1584,compute_delay_ns=0"
2310,1320,1584,100.0,315491200,56320,,"gs=Tokyo,model=8x8x8,image=10,rq_node=1320,ac_node=1584,compute_delay_ns=0"
2311,1320,1584,100.0,316547520,56320,,"gs=Tokyo,model=8x8x8,image=11,rq_node=1320,ac_node=1584,compute_delay_ns=0"
2312,1320,1584,100.0,317603840,56320,,"gs=Tokyo,model=8x8x8,image=12,rq_node=1320,ac_node=1584,compute_delay_ns=0"
2313,1320,1584,100.0,318660160,56320,,"gs=Tokyo,model=8x8x8,image=13,rq_node=1320,ac_node=1584,compute_delay_ns=0"
2314,1320,1584,100.0,319716480,56320,,"gs=Tokyo,model=8x8x8,image=14,rq_node=1320,ac_node=1584,compute_delay_ns=0"
2315,1320,1584,100.0,320772800,56320,,"gs=Tokyo,model=8x8x8,image=15,rq_node=1320,ac_node=1584,compute_delay_ns=0"
2316,1320,1584,100.0,321829120,56320,,"gs=Tokyo,model=8x8x8,image=16,rq_node=1320,ac_node=1584,compute_delay_ns=0"
2317,1320,1584,100.0,322885440,56320,,"gs=Tokyo,model=8x8x8,image=17,rq_node=1320,ac_node=1584,compute_delay_ns=0"
2318,1320,1584,100.0,323941760,56320,,"gs=Tokyo,model=8x8x8,image=18,rq_node=1320,ac_node=1584,compute_delay_ns=0"
2319,1320,1584,100.0,324998080,56320,,"gs=Tokyo,model=8x8x8,image=19,rq_node=1320,ac_node=1584,compute_delay_ns=0"
2320,1320,1584,100.0,326054400,56320,,"gs=Tokyo,model=8x8x8,image=20,rq_node=1320,ac_node=1584,compute_delay_ns=0"
2321,1320,1584,100.0,327110720,56320,,"gs=Tokyo,model=8x8x8,image=21,rq_node=1320,ac_node=1584,compute_delay_ns=0"
2322,1320,1584,100.0,328167040,56320,,"gs=Tokyo,model=8x8x8,image=22,rq_node=1320,ac_node=1584,compute_delay_ns=0"
2323,1320,1584,100.0,329223360,56320,,"gs=Tokyo,model=8x8x8,image=23,rq_node=1320,ac_node=1584,compute_delay_ns=0"
2324,1320,1584,100.0,330279680,56320,,"gs=Tokyo,model=8x8x8,image=24,rq_node=1320,ac_node=1584,compute_delay_ns=0"
2325,1320,1584,100.0,331336000,56320,,"gs=Tokyo,model=8x8x8,image=25,rq_node=1320,ac_node=1584,compute_delay_ns=0"
2326,1320,1584,100.0,332392320,56320,,"gs=Tokyo,model=8x8x8,image=26,rq_node=1320,ac_node=1584,compute_delay_ns=0"
2327,1320,1584,100.0,333448640,56320,,"gs=Tokyo,model=8x8x8,image=27,rq_node=1320,ac_node=1584,compute_delay_ns=0"
2328,1320,1584,100.0,334504960,56320,,"gs=Tokyo,model=8x8x8,image=28,rq_node=1320,ac_node=1584,compute_delay_ns=0"
2329,1320,1584,100.0,335561280,56320,,"gs=Tokyo,model=8x8x8,image=29,rq_node=1320,ac_node=1584,compute_delay_ns=0"
2330,1320,1584,100.0,336617600,56320,,"gs=Tokyo,model=8x8x8,image=30,rq_node=1320,ac_node=1584,compute_delay_ns=0"
2331,1320,1584,100.0,337673920,56320,,"gs=Tokyo,model=8x8x8,image=31,rq_node=1320,ac_node=1584,compute_delay_ns=0"
2332,1320,1584,100.0,338730240,56320,,"gs=Tokyo,model=8x8x8,image=32,rq_node=1320,ac_node=1584,compute_delay_ns=0"
2333,1320,1584,100.0,339786560,56320,,"gs=Tokyo,model=8x8x8,image=33,rq_node=1320,ac_node=1584,compute_delay_ns=0"
2334,1320,1584,100.0,340842880,56320,,"gs=Tokyo,model=8x8x8,image=34,rq_node=1320,ac_node=1584,compute_delay_ns=0"
2335,1320,1584,100.0,341899200,56320,,"gs=Tokyo,model=8x8x8,image=35,rq_node=1320,ac_node=1584,compute_delay_ns=0"
2336,1320,1584,100.0,342955520,56320,,"gs=Tokyo,model=8x8x8,image=36,rq_node=1320,ac_node=1584,compute_delay_ns=0"
2337,1320,1584,100.0,344011840,56320,,"gs=Tokyo,model=8x8x8,image=37,rq_node=1320,ac_node=1584,compute_delay_ns=0"
2338,1320,1584,100.0,345068160,56320,,"gs=Tokyo,model=8x8x8,image=38,rq_node=1320,ac_node=1584,compute_delay_ns=0"
2339,1320,1584,100.0,346124480,56320,,"gs=Tokyo,model=8x8x8,image=39,rq_node=1320,ac_node=1584,compute_delay_ns=0"
2340,1320,1584,100.0,347180800,56320,,"gs=Tokyo,model=8x8x8,image=40,rq_node=1320,ac_node=1584,compute_delay_ns=0"
2341,1320,1584,100.0,348237120,56320,,"gs=Tokyo,model=8x8x8,image=41,rq_node=1320,ac_node=1584,compute_delay_ns=0"
2342,1320,1584,100.0,349293440,56320,,"gs=Tokyo,model=8x8x8,image=42,rq_node=1320,ac_node=1584,compute_delay_ns=0"
2343,1320,1584,100.0,350349760,56320,,"gs=Tokyo,model=8x8x8,image=43,rq_node=1320,ac_node=1584,compute_delay_ns=0"
2344,1320,1584,100.0,351406080,56320,,"gs=Tokyo,model=8x8x8,image=44,rq_node=1320,ac_node=1584,compute_delay_ns=0"
2345,1320,1584,100.0,352462400,56320,,"gs=Tokyo,model=8x8x8,image=45,rq_node=1320,ac_node=1584,compute_delay_ns=0"
2346,1320,1584,100.0,353518720,56320,,"gs=Tokyo,model=8x8x8,image=46,rq_node=1320,ac_node=1584,compute_delay_ns=0"
2347,1320,1584,100.0,354575040,56320,,"gs=Tokyo,model=8x8x8,image=47,rq_node=1320,ac_node=1584,compute_delay_ns=0"
2348,1320,1584,100.0,355631360,56320,,"gs=Tokyo,model=8x8x8,image=48,rq_node=1320,ac_node=1584,compute_delay_ns=0"
2349,1320,1584,100.0,356687680,56320,,"gs=Tokyo,model=8x8x8,image=49,rq_node=1320,ac_node=1584,compute_delay_ns=0"
2350,1320,1584,100.0,357744000,56320,,"gs=Tokyo,model=8x8x8,image=50,rq_node=1320,ac_node=1584,compute_delay_ns=0"
2351,1320,1584,100.0,358800320,56320,,"gs=Tokyo,model=8x8x8,image=51,rq_node=1320,ac_node=1584,compute_delay_ns=0"
2352,1320,1584,100.0,359856640,56320,,"gs=Tokyo,model=8x8x8,image=52,rq_node=1320,ac_node=1584,compute_delay_ns=0"
2353,1320,1584,100.0,360912960,56320,,"gs=Tokyo,model=8x8x8,image=53,rq_node=1320,ac_node=1584,compute_delay_ns=0"
2354,1320,1584,100.0,361969280,56320,,"gs=Tokyo,model=8x8x8,image=54,rq_node=1320,ac_node=1584,compute_delay_ns=0"
2355,1320,1584,100.0,363025600,56320,,"gs=Tokyo,model=8x8x8,image=55,rq_node=1320,ac_node=1584,compute_delay_ns=0"
2356,1320,1584,100.0,364081920,56320,,"gs=Tokyo,model=8x8x8,image=56,rq_node=1320,ac_node=1584,compute_delay_ns=0"
2357,1320,1584,100.0,365138240,56320,,"gs=Tokyo,model=8x8x8,image=57,rq_node=1320,ac_node=1584,compute_delay_ns=0"
2358,1320,1584,100.0,366194560,56320,,"gs=Tokyo,model=8x8x8,image=58,rq_node=1320,ac_node=1584,compute_delay_ns=0"
2359,1320,1584,100.0,367250880,56320,,"gs=Tokyo,model=8x8x8,image=59,rq_node=1320,ac_node=1584,compute_delay_ns=0"
2360,1320,1584,100.0,368307200,56320,,"gs=Tokyo,model=8x8x8,image=60,rq_node=1320,ac_node=1584,compute_delay_ns=0"
2361,1320,1584,100.0,369363520,56320,,"gs=Tokyo,model=8x8x8,image=61,rq_node=1320,ac_node=1584,compute_delay_ns=0"
2362,1320,1584,100.0,370419840,56320,,"gs=Tokyo,model=8x8x8,image=62,rq_node=1320,ac_node=1584,compute_delay_ns=0"
2363,1320,1584,100.0,371476160,56320,,"gs=Tokyo,model=8x8x8,image=63,rq_node=1320,ac_node=1584,compute_delay_ns=0"
2364,1320,1584,100.0,372532480,56320,,"gs=Tokyo,model=8x8x8,image=64,rq_node=1320,ac_node=1584,compute_delay_ns=0"
2365,1320,1584,100.0,373588800,56320,,"gs=Tokyo,model=8x8x8,image=65,rq_node=1320,ac_node=1584,compute_delay_ns=0"
2366,1320,1584,100.0,374645120,56320,,"gs=Tokyo,model=8x8x8,image=66,rq_node=1320,ac_node=1584,compute_delay_ns=0"
2367,1320,1584,100.0,375701440,56320,,"gs=Tokyo,model=8x8x8,image=67,rq_node=1320,ac_node=1584,compute_delay_ns=0"
2368,1320,1584,100.0,376757760,56320,,"gs=Tokyo,model=8x8x8,image=68,rq_node=1320,ac_node=1584,compute_delay_ns=0"
2369,1320,1584,100.0,377814080,56320,,"gs=Tokyo,model=8x8x8,image=69,rq_node=1320,ac_node=1584,compute_delay_ns=0"
2370,1320,1584,100.0,378870400,56320,,"gs=Tokyo,model=8x8x8,image=70,rq_node=1320,ac_node=1584,compute_delay_ns=0"
2371,1320,1584,100.0,379926720,56320,,"gs=Tokyo,model=8x8x8,image=71,rq_node=1320,ac_node=1584,compute_delay_ns=0"
2372,1320,1584,100.0,380983040,56320,,"gs=Tokyo,model=8x8x8,image=72,rq_node=1320,ac_node=1584,compute_delay_ns=0"
2373,1320,1584,100.0,382039360,56320,,"gs=Tokyo,model=8x8x8,image=73,rq_node=1320,ac_node=1584,compute_delay_ns=0"
2374,1320,1584,100.0,383095680,56320,,"gs=Tokyo,model=8x8x8,image=74,rq_node=1320,ac_node=1584,compute_delay_ns=0"
2375,1320,1584,100.0,384152000,56320,,"gs=Tokyo,model=8x8x8,image=75,rq_node=1320,ac_node=1584,compute_delay_ns=0"
2376,1320,1584,100.0,385208320,56320,,"gs=Tokyo,model=8x8x8,image=76,rq_node=1320,ac_node=1584,compute_delay_ns=0"
2377,1320,1584,100.0,386264640,56320,,"gs=Tokyo,model=8x8x8,image=77,rq_node=1320,ac_node=1584,compute_delay_ns=0"
2378,1320,1584,100.0,387320960,56320,,"gs=Tokyo,model=8x8x8,image=78,rq_node=1320,ac_node=1584,compute_delay_ns=0"
2379,1320,1584,100.0,388377280,56320,,"gs=Tokyo,model=8x8x8,image=79,rq_node=1320,ac_node=1584,compute_delay_ns=0"
2380,1320,1584,100.0,389433600,56320,,"gs=Tokyo,model=8x8x8,image=80,rq_node=1320,ac_node=1584,compute_delay_ns=0"
2381,1320,1584,100.0,390489920,56320,,"gs=Tokyo,model=8x8x8,image=81,rq_node=1320,ac_node=1584,compute_delay_ns=0"
2382,1320,1584,100.0,391546240,56320,,"gs=Tokyo,model=8x8x8,image=82,rq_node=1320,ac_node=1584,compute_delay_ns=0"
2383,1320,1584,100.0,392602560,56320,,"gs=Tokyo,model=8x8x8,image=83,rq_node=1320,ac_node=1584,compute_delay_ns=0"
2384,1320,1584,100.0,393658880,56320,,"gs=Tokyo,model=8x8x8,image=84,rq_node=1320,ac_node=1584,compute_delay_ns=0"
2385,1320,1584,100.0,394715200,56320,,"gs=Tokyo,model=8x8x8,image=85,rq_node=1320,ac_node=1584,compute_delay_ns=0"
2386,1320,1584,100.0,395771520,56320,,"gs=Tokyo,model=8x8x8,image=86,rq_node=1320,ac_node=1584,compute_delay_ns=0"
2387,1320,1584,100.0,396827840,56320,,"gs=Tokyo,model=8x8x8,image=87,rq_node=1320,ac_node=1584,compute_delay_ns=0"
2388,1320,1584,100.0,397884160,56320,,"gs=Tokyo,model=8x8x8,image=88,rq_node=1320,ac_node=1584,compute_delay_ns=0"
2389,1320,1584,100.0,398940480,56320,,"gs=Tokyo,model=8x8x8,image=89,rq_node=1320,ac_node=1584,compute_delay_ns=0"
2390,1320,1584,100.0,399996800,56320,,"gs=Tokyo,model=8x8x8,image=90,rq_node=1320,ac_node=1584,compute_delay_ns=0"
2391,1320,1584,100.0,401053120,56320,,"gs=Tokyo,model=8x8x8,image=91,rq_node=1320,ac_node=1584,compute_delay_ns=0"
2392,1320,1584,100.0,402109440,56320,,"gs=Tokyo,model=8x8x8,image=92,rq_node=1320,ac_node=1584,compute_delay_ns=0"
2393,1320,1584,100.0,403165760,56320,,"gs=Tokyo,model=8x8x8,image=93,rq_node=1320,ac_node=1584,compute_delay_ns=0"
2394,1320,1584,100.0,404222080,56320,,"gs=Tokyo,model=8x8x8,image=94,rq_node=1320,ac_node=1584,compute_delay_ns=0"
2395,1320,1584,100.0,405278400,56320,,"gs=Tokyo,model=8x8x8,image=95,rq_node=1320,ac_node=1584,compute_delay_ns=0"
2396,1320,1584,100.0,406334720,56320,,"gs=Tokyo,model=8x8x8,image=96,rq_node=1320,ac_node=1584,compute_delay_ns=0"
2397,1320,1584,100.0,407391040,56320,,"gs=Tokyo,model=8x8x8,image=97,rq_node=1320,ac_node=1584,compute_delay_ns=0"
2398,1320,1584,100.0,408447360,56320,,"gs=Tokyo,model=8x8x8,image=98,rq_node=1320,ac_node=1584,compute_delay_ns=0"
2399,1320,1584,100.0,409503680,56320,,"gs=Tokyo,model=8x8x8,image=99,rq_node=1320,ac_node=1584,compute_delay_ns=0"
2400,1320,1584,100.0,410560000,112640,,"gs=Tokyo,model=8x8x16,image=0,rq_node=1320,ac_node=1584,compute_delay_ns=0"
2401,1320,1584,100.0,411672640,112640,,"gs=Tokyo,model=8x8x16,image=1,rq_node=1320,ac_node=1584,compute_delay_ns=0"
2402,1320,1584,100.0,412785280,112640,,"gs=Tokyo,model=8x8x16,image=2,rq_node=1320,ac_node=1584,compute_delay_ns=0"
2403,1320,1584,100.0,413897920,112640,,"gs=Tokyo,model=8x8x16,image=3,rq_node=1320,ac_node=1584,compute_delay_ns=0"
2404,1320,1584,100.0,415010560,112640,,"gs=Tokyo,model=8x8x16,image=4,rq_node=1320,ac_node=1584,compute_delay_ns=0"
2405,1320,1584,100.0,416123200,112640,,"gs=Tokyo,model=8x8x16,image=5,rq_node=1320,ac_node=1584,compute_delay_ns=0"
2406,1320,1584,100.0,417235840,112640,,"gs=Tokyo,model=8x8x16,image=6,rq_node=1320,ac_node=1584,compute_delay_ns=0"
2407,1320,1584,100.0,418348480,112640,,"gs=Tokyo,model=8x8x16,image=7,rq_node=1320,ac_node=1584,compute_delay_ns=0"
2408,1320,1584,100.0,419461120,112640,,"gs=Tokyo,model=8x8x16,image=8,rq_node=1320,ac_node=1584,compute_delay_ns=0"
2409,1320,1584,100.0,420573760,112640,,"gs=Tokyo,model=8x8x16,image=9,rq_node=1320,ac_node=1584,compute_delay_ns=0"
2410,1320,1584,100.0,421686400,112640,,"gs=Tokyo,model=8x8x16,image=10,rq_node=1320,ac_node=1584,compute_delay_ns=0"
2411,1320,1584,100.0,422799040,112640,,"gs=Tokyo,model=8x8x16,image=11,rq_node=1320,ac_node=1584,compute_delay_ns=0"
2412,1320,1584,100.0,423911680,112640,,"gs=Tokyo,model=8x8x16,image=12,rq_node=1320,ac_node=1584,compute_delay_ns=0"
2413,1320,1584,100.0,425024320,112640,,"gs=Tokyo,model=8x8x16,image=13,rq_node=1320,ac_node=1584,compute_delay_ns=0"
2414,1320,1584,100.0,426136960,112640,,"gs=Tokyo,model=8x8x16,image=14,rq_node=1320,ac_node=1584,compute_delay_ns=0"
2415,1320,1584,100.0,427249600,112640,,"gs=Tokyo,model=8x8x16,image=15,rq_node=1320,ac_node=1584,compute_delay_ns=0"
2416,1320,1584,100.0,428362240,112640,,"gs=Tokyo,model=8x8x16,image=16,rq_node=1320,ac_node=1584,compute_delay_ns=0"
2417,1320,1584,100.0,429474880,112640,,"gs=Tokyo,model=8x8x16,image=17,rq_node=1320,ac_node=1584,compute_delay_ns=0"
2418,1320,1584,100.0,430587520,112640,,"gs=Tokyo,model=8x8x16,image=18,rq_node=1320,ac_node=1584,compute_delay_ns=0"
2419,1320,1584,100.0,431700160,112640,,"gs=Tokyo,model=8x8x16,image=19,rq_node=1320,ac_node=1584,compute_delay_ns=0"
2420,1320,1584,100.0,432812800,112640,,"gs=Tokyo,model=8x8x16,image=20,rq_node=1320,ac_node=1584,compute_delay_ns=0"
2421,1320,1584,100.0,433925440,112640,,"gs=Tokyo,model=8x8x16,image=21,rq_node=1320,ac_node=1584,compute_delay_ns=0"
2422,1320,1584,100.0,435038080,112640,,"gs=Tokyo,model=8x8x16,image=22,rq_node=1320,ac_node=1584,compute_delay_ns=0"
2423,1320,1584,100.0,436150720,112640,,"gs=Tokyo,model=8x8x16,image=23,rq_node=1320,ac_node=1584,compute_delay_ns=0"
2424,1320,1584,100.0,437263360,112640,,"gs=Tokyo,model=8x8x16,image=24,rq_node=1320,ac_node=1584,compute_delay_ns=0"
2425,1320,1584,100.0,438376000,112640,,"gs=Tokyo,model=8x8x16,image=25,rq_node=1320,ac_node=1584,compute_delay_ns=0"
2426,1320,1584,100.0,439488640,112640,,"gs=Tokyo,model=8x8x16,image=26,rq_node=1320,ac_node=1584,compute_delay_ns=0"
2427,1320,1584,100.0,440601280,112640,,"gs=Tokyo,model=8x8x16,image=27,rq_node=1320,ac_node=1584,compute_delay_ns=0"
2428,1320,1584,100.0,441713920,112640,,"gs=Tokyo,model=8x8x16,image=28,rq_node=1320,ac_node=1584,compute_delay_ns=0"
2429,1320,1584,100.0,442826560,112640,,"gs=Tokyo,model=8x8x16,image=29,rq_node=1320,ac_node=1584,compute_delay_ns=0"
2430,1320,1584,100.0,443939200,112640,,"gs=Tokyo,model=8x8x16,image=30,rq_node=1320,ac_node=1584,compute_delay_ns=0"
2431,1320,1584,100.0,445051840,112640,,"gs=Tokyo,model=8x8x16,image=31,rq_node=1320,ac_node=1584,compute_delay_ns=0"
2432,1320,1584,100.0,446164480,112640,,"gs=Tokyo,model=8x8x16,image=32,rq_node=1320,ac_node=1584,compute_delay_ns=0"
2433,1320,1584,100.0,447277120,112640,,"gs=Tokyo,model=8x8x16,image=33,rq_node=1320,ac_node=1584,compute_delay_ns=0"
2434,1320,1584,100.0,448389760,112640,,"gs=Tokyo,model=8x8x16,image=34,rq_node=1320,ac_node=1584,compute_delay_ns=0"
2435,1320,1584,100.0,449502400,112640,,"gs=Tokyo,model=8x8x16,image=35,rq_node=1320,ac_node=1584,compute_delay_ns=0"
2436,1320,1584,100.0,450615040,112640,,"gs=Tokyo,model=8x8x16,image=36,rq_node=1320,ac_node=1584,compute_delay_ns=0"
2437,1320,1584,100.0,451727680,112640,,"gs=Tokyo,model=8x8x16,image=37,rq_node=1320,ac_node=1584,compute_delay_ns=0"
2438,1320,1584,100.0,452840320,112640,,"gs=Tokyo,model=8x8x16,image=38,rq_node=1320,ac_node=1584,compute_delay_ns=0"
2439,1320,1584,100.0,453952960,112640,,"gs=Tokyo,model=8x8x16,image=39,rq_node=1320,ac_node=1584,compute_delay_ns=0"
2440,1320,1584,100.0,455065600,112640,,"gs=Tokyo,model=8x8x16,image=40,rq_node=1320,ac_node=1584,compute_delay_ns=0"
2441,1320,1584,100.0,456178240,112640,,"gs=Tokyo,model=8x8x16,image=41,rq_node=1320,ac_node=1584,compute_delay_ns=0"
2442,1320,1584,100.0,457290880,112640,,"gs=Tokyo,model=8x8x16,image=42,rq_node=1320,ac_node=1584,compute_delay_ns=0"
2443,1320,1584,100.0,458403520,112640,,"gs=Tokyo,model=8x8x16,image=43,rq_node=1320,ac_node=1584,compute_delay_ns=0"
2444,1320,1584,100.0,459516160,112640,,"gs=Tokyo,model=8x8x16,image=44,rq_node=1320,ac_node=1584,compute_delay_ns=0"
2445,1320,1584,100.0,460628800,112640,,"gs=Tokyo,model=8x8x16,image=45,rq_node=1320,ac_node=1584,compute_delay_ns=0"
2446,1320,1584,100.0,461741440,112640,,"gs=Tokyo,model=8x8x16,image=46,rq_node=1320,ac_node=1584,compute_delay_ns=0"
2447,1320,1584,100.0,462854080,112640,,"gs=Tokyo,model=8x8x16,image=47,rq_node=1320,ac_node=1584,compute_delay_ns=0"
2448,1320,1584,100.0,463966720,112640,,"gs=Tokyo,model=8x8x16,image=48,rq_node=1320,ac_node=1584,compute_delay_ns=0"
2449,1320,1584,100.0,465079360,112640,,"gs=Tokyo,model=8x8x16,image=49,rq_node=1320,ac_node=1584,compute_delay_ns=0"
2450,1320,1584,100.0,466192000,112640,,"gs=Tokyo,model=8x8x16,image=50,rq_node=1320,ac_node=1584,compute_delay_ns=0"
2451,1320,1584,100.0,467304640,112640,,"gs=Tokyo,model=8x8x16,image=51,rq_node=1320,ac_node=1584,compute_delay_ns=0"
2452,1320,1584,100.0,468417280,112640,,"gs=Tokyo,model=8x8x16,image=52,rq_node=1320,ac_node=1584,compute_delay_ns=0"
2453,1320,1584,100.0,469529920,112640,,"gs=Tokyo,model=8x8x16,image=53,rq_node=1320,ac_node=1584,compute_delay_ns=0"
2454,1320,1584,100.0,470642560,112640,,"gs=Tokyo,model=8x8x16,image=54,rq_node=1320,ac_node=1584,compute_delay_ns=0"
2455,1320,1584,100.0,471755200,112640,,"gs=Tokyo,model=8x8x16,image=55,rq_node=1320,ac_node=1584,compute_delay_ns=0"
2456,1320,1584,100.0,472867840,112640,,"gs=Tokyo,model=8x8x16,image=56,rq_node=1320,ac_node=1584,compute_delay_ns=0"
2457,1320,1584,100.0,473980480,112640,,"gs=Tokyo,model=8x8x16,image=57,rq_node=1320,ac_node=1584,compute_delay_ns=0"
2458,1320,1584,100.0,475093120,112640,,"gs=Tokyo,model=8x8x16,image=58,rq_node=1320,ac_node=1584,compute_delay_ns=0"
2459,1320,1584,100.0,476205760,112640,,"gs=Tokyo,model=8x8x16,image=59,rq_node=1320,ac_node=1584,compute_delay_ns=0"
2460,1320,1584,100.0,477318400,112640,,"gs=Tokyo,model=8x8x16,image=60,rq_node=1320,ac_node=1584,compute_delay_ns=0"
2461,1320,1584,100.0,478431040,112640,,"gs=Tokyo,model=8x8x16,image=61,rq_node=1320,ac_node=1584,compute_delay_ns=0"
2462,1320,1584,100.0,479543680,112640,,"gs=Tokyo,model=8x8x16,image=62,rq_node=1320,ac_node=1584,compute_delay_ns=0"
2463,1320,1584,100.0,480656320,112640,,"gs=Tokyo,model=8x8x16,image=63,rq_node=1320,ac_node=1584,compute_delay_ns=0"
2464,1320,1584,100.0,481768960,112640,,"gs=Tokyo,model=8x8x16,image=64,rq_node=1320,ac_node=1584,compute_delay_ns=0"
2465,1320,1584,100.0,482881600,112640,,"gs=Tokyo,model=8x8x16,image=65,rq_node=1320,ac_node=1584,compute_delay_ns=0"
2466,1320,1584,100.0,483994240,112640,,"gs=Tokyo,model=8x8x16,image=66,rq_node=1320,ac_node=1584,compute_delay_ns=0"
2467,1320,1584,100.0,485106880,112640,,"gs=Tokyo,model=8x8x16,image=67,rq_node=1320,ac_node=1584,compute_delay_ns=0"
2468,1320,1584,100.0,486219520,112640,,"gs=Tokyo,model=8x8x16,image=68,rq_node=1320,ac_node=1584,compute_delay_ns=0"
2469,1320,1584,100.0,487332160,112640,,"gs=Tokyo,model=8x8x16,image=69,rq_node=1320,ac_node=1584,compute_delay_ns=0"
2470,1320,1584,100.0,488444800,112640,,"gs=Tokyo,model=8x8x16,image=70,rq_node=1320,ac_node=1584,compute_delay_ns=0"
2471,1320,1584,100.0,489557440,112640,,"gs=Tokyo,model=8x8x16,image=71,rq_node=1320,ac_node=1584,compute_delay_ns=0"
2472,1320,1584,100.0,490670080,112640,,"gs=Tokyo,model=8x8x16,image=72,rq_node=1320,ac_node=1584,compute_delay_ns=0"
2473,1320,1584,100.0,491782720,112640,,"gs=Tokyo,model=8x8x16,image=73,rq_node=1320,ac_node=1584,compute_delay_ns=0"
2474,1320,1584,100.0,492895360,112640,,"gs=Tokyo,model=8x8x16,image=74,rq_node=1320,ac_node=1584,compute_delay_ns=0"
2475,1320,1584,100.0,494008000,112640,,"gs=Tokyo,model=8x8x16,image=75,rq_node=1320,ac_node=1584,compute_delay_ns=0"
2476,1320,1584,100.0,495120640,112640,,"gs=Tokyo,model=8x8x16,image=76,rq_node=1320,ac_node=1584,compute_delay_ns=0"
2477,1320,1584,100.0,496233280,112640,,"gs=Tokyo,model=8x8x16,image=77,rq_node=1320,ac_node=1584,compute_delay_ns=0"
2478,1320,1584,100.0,497345920,112640,,"gs=Tokyo,model=8x8x16,image=78,rq_node=1320,ac_node=1584,compute_delay_ns=0"
2479,1320,1584,100.0,498458560,112640,,"gs=Tokyo,model=8x8x16,image=79,rq_node=1320,ac_node=1584,compute_delay_ns=0"
2480,1320,1584,100.0,499571200,112640,,"gs=Tokyo,model=8x8x16,image=80,rq_node=1320,ac_node=1584,compute_delay_ns=0"
2481,1320,1584,100.0,500683840,112640,,"gs=Tokyo,model=8x8x16,image=81,rq_node=1320,ac_node=1584,compute_delay_ns=0"
2482,1320,1584,100.0,501796480,112640,,"gs=Tokyo,model=8x8x16,image=82,rq_node=1320,ac_node=1584,compute_delay_ns=0"
2483,1320,1584,100.0,502909120,112640,,"gs=Tokyo,model=8x8x16,image=83,rq_node=1320,ac_node=1584,compute_delay_ns=0"
2484,1320,1584,100.0,504021760,112640,,"gs=Tokyo,model=8x8x16,image=84,rq_node=1320,ac_node=1584,compute_delay_ns=0"
2485,1320,1584,100.0,505134400,112640,,"gs=Tokyo,model=8x8x16,image=85,rq_node=1320,ac_node=1584,compute_delay_ns=0"
2486,1320,1584,100.0,506247040,112640,,"gs=Tokyo,model=8x8x16,image=86,rq_node=1320,ac_node=1584,compute_delay_ns=0"
2487,1320,1584,100.0,507359680,112640,,"gs=Tokyo,model=8x8x16,image=87,rq_node=1320,ac_node=1584,compute_delay_ns=0"
2488,1320,1584,100.0,508472320,112640,,"gs=Tokyo,model=8x8x16,image=88,rq_node=1320,ac_node=1584,compute_delay_ns=0"
2489,1320,1584,100.0,509584960,112640,,"gs=Tokyo,model=8x8x16,image=89,rq_node=1320,ac_node=1584,compute_delay_ns=0"
2490,1320,1584,100.0,510697600,112640,,"gs=Tokyo,model=8x8x16,image=90,rq_node=1320,ac_node=1584,compute_delay_ns=0"
2491,1320,1584,100.0,511810240,112640,,"gs=Tokyo,model=8x8x16,image=91,rq_node=1320,ac_node=1584,compute_delay_ns=0"
2492,1320,1584,100.0,512922880,112640,,"gs=Tokyo,model=8x8x16,image=92,rq_node=1320,ac_node=1584,compute_delay_ns=0"
2493,1320,1584,100.0,514035520,112640,,"gs=Tokyo,model=8x8x16,image=93,rq_node=1320,ac_node=1584,compute_delay_ns=0"
2494,1320,1584,100.0,515148160,112640,,"gs=Tokyo,model=8x8x16,image=94,rq_node=1320,ac_node=1584,compute_delay_ns=0"
2495,1320,1584,100.0,516260800,112640,,"gs=Tokyo,model=8x8x16,image=95,rq_node=1320,ac_node=1584,compute_delay_ns=0"
2496,1320,1584,100.0,517373440,112640,,"gs=Tokyo,model=8x8x16,image=96,rq_node=1320,ac_node=1584,compute_delay_ns=0"
2497,1320,1584,100.0,518486080,112640,,"gs=Tokyo,model=8x8x16,image=97,rq_node=1320,ac_node=1584,compute_delay_ns=0"
2498,1320,1584,100.0,519598720,112640,,"gs=Tokyo,model=8x8x16,image=98,rq_node=1320,ac_node=1584,compute_delay_ns=0"
2499,1320,1584,100.0,520711360,112640,,"gs=Tokyo,model=8x8x16,image=99,rq_node=1320,ac_node=1584,compute_delay_ns=0"
